event_id;split
1;train
2;validation
3;test
4;train
5;train
6;train
7;train
8;train
9;train
10;test
11;validation
12;train
13;test
14;train
15;train
16;train
17;test
18;train
19;test
20;train
21;train
22;validation
23;train
24;train
25;train
26;train
27;train
28;train
29;test
30;train
31;train
32;train
33;validation
34;train
35;train
36;train
37;train
38;test
39;train
40;train
41;train
42;train
43;train
44;train
45;train
46;test
47;train
48;train
49;test
50;train
51;train
52;train
53;train
54;train
55;train
56;validation
57;train
58;train
59;validation
60;train
61;validation
62;train
63;train
64;train
65;train
66;train
67;test
68;test
69;train
70;train
71;train
72;validation
73;train
74;train
75;test
76;validation
77;train
78;train
79;test
80;test
81;train
82;train
83;train
84;test
85;validation
86;train
87;train
88;train
89;train
90;train
91;train
92;train
93;train
94;train
95;train
96;train
97;validation
98;train
99;train
100;train
101;test
102;train
103;train
104;train
105;train
106;train
107;train
108;test
109;test
110;train
111;train
112;validation
113;train
114;train
115;train
116;validation
117;train
118;train
119;train
120;train
121;validation
122;validation
123;train
124;test
125;train
126;test
127;train
128;train
129;test
130;train
131;validation
132;train
133;train
134;train
135;train
136;train
137;test
138;train
139;train
140;train
141;train
142;validation
143;train
144;test
145;train
146;train
147;validation
148;train
149;test
150;train
151;test
152;train
153;train
154;validation
155;train
156;train
157;test
158;train
159;test
160;validation
161;validation
162;validation
163;train
164;train
165;test
166;train
167;validation
168;test
169;validation
170;train
171;train
172;train
173;train
174;train
175;train
176;train
177;train
178;test
179;train
180;validation
181;train
182;train
183;validation
184;train
185;test
186;test
187;train
188;train
189;train
190;train
191;train
192;train
193;validation
194;train
195;train
196;validation
197;test
198;test
199;test
200;validation
201;train
202;train
203;train
204;validation
205;validation
206;train
207;train
208;train
209;train
210;test
211;train
212;train
213;test
214;test
215;train
216;train
217;train
218;test
219;validation
220;train
221;train
222;test
223;train
224;train
225;train
226;train
227;validation
228;train
229;train
230;validation
231;train
232;train
233;test
234;train
235;test
236;validation
237;train
238;train
239;train
240;validation
241;train
242;validation
243;train
244;test
245;validation
246;train
247;test
248;train
249;train
250;train
251;validation
252;train
253;train
254;train
255;train
256;validation
257;train
258;train
259;train
260;train
261;train
262;train
263;test
264;train
265;validation
266;train
267;train
268;train
269;validation
270;train
271;train
272;train
273;train
274;train
275;train
276;test
277;train
278;test
279;validation
280;train
281;train
282;train
283;test
284;validation
285;train
286;train
287;train
288;train
289;validation
290;validation
291;train
292;train
293;train
294;train
295;validation
296;train
297;train
298;train
299;train
300;train
301;train
302;test
303;train
304;train
305;validation
306;test
307;train
308;train
309;test
310;test
311;train
312;train
313;validation
314;train
315;test
316;train
317;train
318;validation
319;train
320;train
321;train
322;test
323;train
324;train
325;validation
326;train
327;train
328;test
329;train
330;train
331;train
332;test
333;train
334;train
335;train
336;test
337;train
338;train
339;test
340;train
341;train
342;train
343;train
344;test
345;train
346;test
347;train
348;validation
349;train
350;train
351;train
352;train
353;train
354;train
355;train
356;train
357;train
358;validation
359;train
360;validation
361;train
362;validation
363;test
364;train
365;train
366;test
367;train
368;train
369;train
370;train
371;test
372;validation
373;test
374;train
375;train
376;test
377;train
378;validation
379;validation
380;validation
381;train
382;train
383;test
384;train
385;train
386;test
387;train
388;train
389;train
390;train
391;train
392;train
393;train
394;validation
395;train
396;train
397;train
398;train
399;validation
400;validation
401;validation
402;train
403;validation
404;train
405;train
406;train
407;train
408;train
409;train
410;validation
411;train
412;validation
413;test
414;test
415;train
416;test
417;train
418;train
419;train
420;train
421;train
422;test
423;train
424;train
425;train
426;train
427;validation
428;train
429;train
430;train
431;test
432;train
433;train
434;train
435;train
436;train
437;train
438;train
439;train
440;train
441;train
442;test
443;train
444;train
445;train
446;train
447;validation
448;train
449;train
450;train
451;train
452;train
453;train
454;train
455;train
456;train
457;test
458;train
459;train
460;train
461;train
462;train
463;train
464;test
465;train
466;train
467;train
468;train
469;train
470;test
471;train
472;train
473;train
474;train
475;validation
476;train
477;train
478;train
479;train
480;train
481;train
482;train
483;train
484;train
485;train
486;train
487;train
488;train
489;train
490;train
491;train
492;train
493;validation
494;train
495;train
496;train
497;train
498;test
499;train
500;validation
501;test
502;validation
503;train
504;validation
505;train
506;train
507;train
508;validation
509;train
510;train
511;validation
512;train
513;train
514;train
515;train
516;train
517;test
518;train
519;train
520;validation
521;train
522;train
523;train
524;train
525;train
526;train
527;train
528;validation
529;train
530;train
531;train
532;validation
533;train
534;train
535;train
536;validation
537;test
538;validation
539;validation
540;train
541;train
542;train
543;train
544;train
545;train
546;train
547;validation
548;train
549;train
550;train
551;train
552;test
553;train
554;test
555;train
556;train
557;train
558;train
559;test
560;test
561;train
562;train
563;train
564;train
565;train
566;train
567;train
568;train
569;validation
570;test
571;test
572;train
573;validation
574;test
575;validation
576;train
577;train
578;test
579;test
580;train
581;train
582;train
583;validation
584;test
585;train
586;train
587;train
588;validation
589;train
590;train
591;train
592;train
593;train
594;train
595;validation
596;train
597;validation
598;train
599;train
600;train
601;validation
602;train
603;validation
604;train
605;train
606;train
607;train
608;train
609;validation
610;train
611;test
612;validation
613;validation
614;train
615;train
616;train
617;validation
618;train
619;train
620;train
621;train
622;train
623;validation
624;train
625;train
626;train
627;train
628;test
629;test
630;train
631;train
632;train
633;validation
634;train
635;train
636;train
637;train
638;train
639;train
640;train
641;test
642;train
643;train
644;train
645;train
646;train
647;train
648;train
649;train
650;test
651;train
652;train
653;test
654;train
655;train
656;train
657;train
658;train
659;test
660;train
661;train
662;train
663;train
664;train
665;train
666;validation
667;train
668;test
669;train
670;train
671;train
672;train
673;train
674;train
675;validation
676;train
677;validation
678;train
679;test
680;test
681;validation
682;train
683;train
684;validation
685;test
686;validation
687;train
688;train
689;train
690;train
691;train
692;train
693;validation
694;train
695;validation
696;train
697;train
698;train
699;train
700;train
701;train
702;test
703;train
704;train
705;validation
706;test
707;validation
708;test
709;train
710;train
711;train
712;train
713;validation
714;test
715;train
716;train
717;train
718;train
719;train
720;train
721;validation
722;train
723;train
724;validation
725;train
726;train
727;test
728;test
729;train
730;train
731;train
732;test
733;train
734;validation
735;train
736;test
737;train
738;train
739;train
740;train
741;test
742;validation
743;validation
744;train
745;train
746;test
747;train
748;train
749;train
750;train
751;train
752;test
753;train
754;test
755;train
756;train
757;train
758;train
759;train
760;test
761;train
762;train
763;train
764;train
765;train
766;train
767;train
768;train
769;train
770;test
771;train
772;train
773;train
774;train
775;validation
776;train
777;train
778;train
779;train
780;validation
781;train
782;test
783;train
784;test
785;train
786;train
787;train
788;test
789;train
790;train
791;train
792;validation
793;validation
794;test
795;train
796;test
797;train
798;validation
799;test
800;validation
801;validation
802;validation
803;test
804;train
805;train
806;train
807;test
808;train
809;train
810;train
811;train
812;train
813;test
814;train
815;train
816;validation
817;train
818;train
819;validation
820;train
821;train
822;test
823;validation
824;validation
825;train
826;train
827;train
828;train
829;train
830;test
831;train
832;train
833;test
834;train
835;validation
836;train
837;train
838;train
839;validation
840;train
841;train
842;train
843;train
844;train
845;train
846;train
847;train
848;train
849;train
850;train
851;validation
852;test
853;train
854;train
855;train
856;train
857;train
858;test
859;train
860;train
861;train
862;train
863;test
864;test
865;train
866;train
867;train
868;train
869;test
870;train
871;validation
872;train
873;test
874;train
875;train
876;train
877;train
878;validation
879;test
880;test
881;validation
882;train
883;train
884;validation
885;validation
886;train
887;test
888;train
889;test
890;test
891;train
892;train
893;train
894;train
895;train
896;validation
897;test
898;train
899;train
900;train
901;train
902;test
903;train
904;train
905;validation
906;validation
907;test
908;train
909;validation
910;train
911;train
912;train
913;validation
914;train
915;train
916;train
917;test
918;train
919;test
920;train
921;validation
922;train
923;train
924;validation
925;train
926;train
927;train
928;train
929;validation
930;validation
931;train
932;train
933;train
934;train
935;train
936;test
937;validation
938;validation
939;train
940;test
941;train
942;test
943;validation
944;validation
945;train
946;train
947;train
948;train
949;test
950;train
951;validation
952;train
953;train
954;train
955;validation
956;train
957;train
958;train
959;train
960;validation
961;test
962;test
963;train
964;train
965;train
966;test
967;validation
968;train
969;train
970;train
971;train
972;train
973;train
974;validation
975;train
976;validation
977;test
978;train
979;train
980;train
981;train
982;train
983;train
984;train
985;train
986;validation
987;train
988;test
989;validation
990;train
991;train
992;train
993;train
994;train
995;validation
996;train
997;train
998;train
999;train
1000;train
1001;train
1002;train
1003;validation
1004;train
1005;train
1006;test
1007;train
1008;validation
1009;validation
1010;train
1011;train
1012;validation
1013;train
1014;train
1015;train
1016;train
1017;test
1018;train
1019;train
1020;train
1021;test
1022;train
1023;train
1024;train
1025;train
1026;train
1027;validation
1028;validation
1029;train
1030;train
1031;train
1032;train
1033;test
1034;validation
1035;test
1036;test
1037;test
1038;train
1039;validation
1040;train
1041;validation
1042;train
1043;train
1044;train
1045;test
1046;train
1047;train
1048;train
1049;train
1050;test
1051;train
1052;train
1053;train
1054;train
1055;train
1056;test
1057;train
1058;train
1059;train
1060;test
1061;train
1062;train
1063;train
1064;validation
1065;train
1066;train
1067;train
1068;test
1069;train
1070;train
1071;test
1072;train
1073;train
1074;train
1075;train
1076;train
1077;train
1078;test
1079;test
1080;train
1081;train
1082;train
1083;test
1084;train
1085;train
1086;train
1087;train
1088;validation
1089;train
1090;validation
1091;test
1092;train
1093;train
1094;test
1095;validation
1096;train
1097;train
1098;train
1099;train
1100;validation
1101;train
1102;test
1103;train
1104;train
1105;train
1106;train
1107;train
1108;train
1109;test
1110;test
1111;train
1112;train
1113;train
1114;test
1115;train
1116;validation
1117;train
1118;train
1119;train
1120;test
1121;train
1122;train
1123;train
1124;test
1125;train
1126;train
1127;validation
1128;train
1129;train
1130;train
1131;train
1132;train
1133;train
1134;train
1135;train
1136;train
1137;train
1138;validation
1139;validation
1140;train
1141;train
1142;validation
1143;train
1144;train
1145;train
1146;validation
1147;validation
1148;train
1149;train
1150;validation
1151;validation
1152;train
1153;train
1154;test
1155;train
1156;validation
1157;train
1158;validation
1159;train
1160;train
1161;train
1162;validation
1163;validation
1164;train
1165;train
1166;train
1167;test
1168;train
1169;train
1170;train
1171;train
1172;train
1173;test
1174;train
1175;train
1176;train
1177;validation
1178;test
1179;train
1180;train
1181;train
1182;train
1183;train
1184;test
1185;train
1186;train
1187;validation
1188;train
1189;train
1190;train
1191;validation
1192;validation
1193;train
1194;validation
1195;test
1196;test
1197;validation
1198;train
1199;train
1200;train
1201;validation
1202;train
1203;train
1204;train
1205;test
1206;train
1207;train
1208;test
1209;train
1210;train
1211;train
1212;train
1213;test
1214;train
1215;validation
1216;train
1217;validation
1218;train
1219;test
1220;validation
1221;train
1222;train
1223;train
1224;test
1225;train
1226;train
1227;train
1228;test
1229;train
1230;train
1231;test
1232;train
1233;test
1234;validation
1235;train
1236;test
1237;validation
1238;train
1239;validation
1240;train
1241;train
1242;train
1243;train
1244;train
1245;validation
1246;test
1247;train
1248;train
1249;train
1250;train
1251;train
1252;train
1253;train
1254;train
1255;validation
1256;train
1257;train
1258;train
1259;train
1260;train
1261;train
1262;train
1263;train
1264;train
1265;test
1266;train
1268;train
1269;test
1270;train
1271;test
1272;validation
1273;train
1274;train
1275;train
1276;train
1277;train
1278;test
1279;test
1280;train
1281;train
1282;train
1283;train
1284;train
1285;train
1286;train
1287;test
1288;train
1289;validation
1290;train
1291;train
1292;train
1293;train
1294;test
1295;test
1296;validation
1297;train
1298;train
1299;train
1300;validation
1301;train
1302;train
1303;train
1304;train
1305;train
1306;test
1307;train
1308;train
1309;train
1310;test
1311;train
1312;train
1313;train
1314;train
1315;train
1316;test
1317;train
1318;train
1319;train
1320;train
1321;train
1322;test
1323;train
1324;train
1325;train
1326;train
1327;validation
1328;train
1329;validation
1330;train
1331;train
1332;train
1333;train
1334;test
1335;validation
1336;test
1337;validation
1338;train
1339;train
1340;validation
1341;test
1342;train
1343;train
1344;validation
1345;test
1346;train
1347;train
1348;train
1349;validation
1350;train
1351;train
1352;train
1353;test
1354;train
1355;train
1356;train
1357;train
1358;train
1359;train
1360;train
1361;train
1362;train
1363;train
1364;train
1365;train
1366;train
1367;train
1368;train
1369;train
1370;test
1371;test
1372;train
1373;validation
1374;train
1375;train
1376;train
1377;train
1378;train
1379;train
1380;train
1381;train
1382;test
1383;train
1384;train
1385;train
1386;train
1387;train
1388;test
1389;train
1390;validation
1391;train
1392;validation
1393;test
1394;train
1395;train
1396;test
1397;test
1398;train
1399;train
1400;train
1401;train
1402;train
1403;train
1404;train
1405;validation
1406;validation
1407;train
1408;validation
1409;test
1410;train
1411;test
1412;validation
1413;train
1414;validation
1415;train
1416;test
1417;train
1418;train
1419;train
1420;validation
1421;test
1422;test
1423;train
1424;train
1425;train
1426;train
1427;train
1428;train
1429;train
1430;train
1431;test
1432;train
1433;validation
1434;test
1435;train
1436;train
1437;validation
1438;train
1439;validation
1440;validation
1441;train
1442;train
1443;train
1444;train
1445;train
1446;train
1447;train
1448;train
1449;train
1450;train
1451;train
1452;train
1453;train
1454;train
1455;train
1456;test
1457;test
1458;train
1459;train
1460;train
1461;train
1462;train
1463;test
1464;train
1465;train
1466;train
1467;validation
1468;validation
1469;train
1470;validation
1471;test
1472;train
1473;train
1474;train
1475;train
1476;train
1477;test
1478;test
1479;test
1480;train
1481;validation
1482;train
1483;train
1484;train
1485;train
1486;train
1487;train
1488;train
1489;train
1490;train
1491;train
1492;validation
1493;train
1494;validation
1495;train
1496;train
1497;train
1498;validation
1499;validation
1500;validation
1501;validation
1502;train
1503;train
1504;train
1505;train
1506;train
1507;train
1508;train
1509;train
1510;train
1511;test
1512;train
1513;train
1514;test
1515;train
1516;train
1517;train
1518;train
1519;train
1520;train
1521;train
1522;train
1523;test
1524;train
1525;validation
1526;train
1527;train
1528;validation
1529;train
1530;train
1531;train
1532;train
1533;validation
1534;train
1535;test
1536;train
1537;train
1538;test
1539;test
1540;validation
1541;train
1542;test
1543;train
1544;train
1545;train
1546;train
1547;train
1548;validation
1549;train
1550;train
1551;test
1552;validation
1553;train
1554;train
1555;train
1556;train
1557;validation
1558;train
1559;train
1560;train
1561;train
1562;validation
1563;train
1564;validation
1565;train
1566;train
1567;train
1568;train
1569;train
1570;validation
1571;validation
1572;test
1573;train
1574;validation
1575;test
1576;validation
1577;train
1578;test
1579;train
1580;train
1581;validation
1582;train
1583;test
1584;validation
1585;validation
1586;train
1587;train
1588;train
1589;train
1590;train
1591;test
1592;validation
1593;validation
1594;train
1595;train
1596;train
1597;test
1598;train
1599;train
1600;validation
1601;train
1602;train
1603;train
1604;train
1605;train
1606;train
1607;train
1608;train
1609;test
1610;train
1611;test
1612;validation
1613;train
1614;train
1615;train
1616;train
1617;test
1618;train
1619;train
1620;test
1621;train
1622;test
1623;train
1624;test
1625;train
1626;validation
1627;train
1628;train
1629;train
1630;train
1631;train
1632;test
1633;validation
1634;train
1635;train
1636;validation
1637;train
1638;train
1639;train
1640;train
1641;train
1642;test
1643;train
1644;train
1645;train
1646;validation
1647;train
1648;train
1649;train
1650;test
1651;train
1652;train
1653;train
1654;train
1655;train
1656;train
1657;test
1658;test
1659;train
1660;validation
1661;train
1662;train
1663;test
1664;train
1665;test
1666;train
1667;test
1668;validation
1669;train
1670;train
1671;test
1672;train
1673;train
1674;validation
1675;test
1676;train
1677;train
1678;train
1679;test
1680;train
1681;train
1682;train
1683;validation
1684;test
1685;train
1686;test
1687;train
1688;train
1689;test
1690;test
1691;train
1692;train
1693;train
1694;train
1695;train
1696;test
1697;test
1698;train
1699;train
1700;train
1701;train
1702;train
1703;train
1704;train
1705;train
1706;validation
1707;train
1708;train
1709;train
1710;train
1711;test
1712;train
1713;validation
1714;train
1715;train
1716;train
1717;test
1718;test
1719;train
1720;train
1721;train
1722;train
1723;train
1724;validation
1725;train
1726;train
1727;train
1728;train
1729;test
1730;train
1731;train
1732;train
1733;train
1734;train
1735;validation
1736;train
1737;train
1738;train
1739;test
1740;test
1741;train
1742;validation
1743;train
1744;train
1745;train
1746;validation
1747;train
1748;validation
1749;train
1750;train
1751;train
1752;train
1753;train
1754;train
1755;train
1756;test
1757;validation
1758;train
1759;train
1760;train
1761;validation
1762;train
1763;train
1764;train
1765;test
1766;validation
1767;test
1768;test
1769;train
1770;train
1771;train
1772;train
1773;train
1774;train
1775;validation
1776;train
1777;train
1778;validation
1779;train
1780;train
1781;train
1782;train
1783;validation
1784;train
1785;train
1786;train
1787;train
1788;train
1789;train
1790;train
1791;validation
1792;validation
1793;train
1794;validation
1795;train
1796;test
1797;test
1798;validation
1799;validation
1800;train
1801;test
1802;train
1803;train
1804;validation
1805;train
1806;test
1807;train
1808;train
1809;train
1810;train
1811;train
1812;train
1813;test
1814;train
1815;train
1816;train
1817;train
1818;train
1819;train
1820;train
1821;test
1822;train
1823;validation
1824;train
1825;train
1826;test
1827;train
1828;validation
1829;validation
1830;train
1831;train
1832;train
1833;validation
1834;train
1835;train
1836;train
1837;train
1838;train
1839;train
1840;train
1841;test
1842;test
1843;train
1844;validation
1845;train
1846;test
1847;train
1848;train
1849;train
1850;validation
1851;train
1852;train
1853;train
1854;validation
1855;train
1856;train
1857;validation
1858;validation
1859;train
1860;train
1861;train
1862;train
1863;train
1864;validation
1865;train
1866;train
1867;validation
1868;validation
1869;train
1870;train
1871;train
1872;test
1873;train
1874;train
1875;test
1876;test
1877;train
1878;train
1879;train
1880;train
1881;train
1882;train
1883;train
1884;train
1885;train
1886;train
1887;train
1888;train
1889;test
1890;train
1891;train
1892;validation
1893;validation
1894;test
1895;train
1896;train
1897;train
1898;train
1899;test
1900;train
1901;validation
1902;train
1903;train
1904;train
1905;validation
1906;train
1907;train
1908;train
1909;train
1910;train
1911;test
1912;train
1913;train
1914;train
1915;train
1916;train
1917;train
1918;validation
1919;validation
1920;train
1921;train
1922;train
1923;train
1924;train
1925;validation
1926;validation
1927;train
1928;train
1929;validation
1930;train
1931;train
1932;train
1933;train
1934;train
1935;train
1936;train
1937;test
1938;train
1939;train
1940;train
1941;train
1942;test
1943;validation
1944;train
1945;train
1946;train
1947;train
1948;train
1949;train
1950;validation
1951;test
1952;test
1953;test
1954;validation
1955;train
1956;train
1957;train
1958;validation
1959;train
1960;train
1961;test
1962;train
1963;train
1964;validation
1965;train
1966;train
1967;train
1968;train
1969;validation
1970;train
1971;validation
1972;train
1973;train
1974;train
1975;train
1976;validation
1977;train
1978;train
1979;train
1980;test
1981;train
1982;train
1983;train
1984;train
1985;train
1986;test
1987;train
1988;train
1989;train
1990;test
1991;train
1992;train
1993;train
1994;train
1995;validation
1996;train
1997;train
1998;train
1999;train
2000;test
2001;train
2002;test
2003;train
2004;train
2005;test
2006;validation
2007;train
2008;test
2009;train
2010;train
2011;train
2012;train
2013;train
2014;validation
2015;test
2016;train
2017;train
2018;train
2019;train
2020;test
2021;train
2022;train
2023;train
2024;train
2025;test
2026;train
2027;train
2028;train
2029;train
2030;validation
2031;validation
2032;validation
2033;test
2034;train
2035;validation
2036;train
2037;train
2038;train
2039;train
2040;test
2041;train
2042;validation
2043;validation
2044;validation
2045;train
2046;test
2047;train
2048;train
2049;train
2050;train
2051;train
2052;train
2053;test
2054;train
2055;train
2056;train
2057;validation
2058;train
2059;test
2060;test
2061;validation
2062;train
2063;validation
2064;train
2065;train
2066;train
2067;train
2068;train
2069;test
2070;validation
2071;test
2072;train
2073;train
2074;test
2075;train
2076;train
2077;train
2078;validation
2079;test
2080;train
2081;train
2082;test
2083;train
2084;train
2085;validation
2086;train
2087;test
2088;train
2089;validation
2090;train
2091;validation
2092;train
2093;train
2094;validation
2095;test
2096;test
2097;validation
2098;train
2099;test
2100;train
2101;train
2102;train
2103;train
2104;train
2105;train
2106;train
2107;train
2108;train
2109;train
2110;test
2111;test
2112;test
2113;train
2114;train
2115;train
2116;validation
2117;train
2118;train
2119;train
2120;validation
2121;test
2122;train
2123;train
2124;test
2125;test
2126;train
2127;validation
2128;validation
2129;train
2130;train
2131;train
2132;train
2133;train
2134;train
2135;train
2136;train
2137;train
2138;train
2139;train
2140;validation
2141;validation
2142;train
2143;train
2144;validation
2145;train
2146;train
2147;train
2148;validation
2149;train
2150;train
2151;test
2152;train
2153;validation
2154;validation
2155;validation
2156;validation
2157;train
2158;validation
2159;train
2160;train
2161;validation
2162;train
2163;train
2164;train
2165;train
2166;test
2167;train
2168;train
2169;test
2170;train
2171;validation
2172;train
2173;validation
2174;train
2175;train
2176;train
2177;train
2178;validation
2179;validation
2180;train
2181;train
2182;train
2183;train
2184;train
2185;train
2186;train
2187;test
2188;train
2189;train
2190;train
2191;train
2192;train
2193;train
2194;train
2195;validation
2196;validation
2197;test
2198;train
2199;train
2200;train
2201;train
2202;train
2203;test
2204;validation
2205;train
2206;train
2207;test
2208;train
2209;validation
2210;train
2211;train
2212;test
2213;train
2214;train
2215;train
2216;train
2217;validation
2218;validation
2219;train
2220;validation
2221;train
2222;train
2223;train
2224;validation
2225;train
2226;train
2227;test
2228;train
2229;test
2230;train
2231;train
2232;train
2233;train
2234;train
2235;validation
2236;train
2237;train
2238;train
2239;test
2240;validation
2241;train
2242;train
2243;train
2244;test
2245;train
2246;validation
2247;train
2248;test
2249;train
2250;train
2251;train
2252;validation
2253;train
2254;train
2255;train
2256;train
2257;train
2258;validation
2259;train
2260;train
2261;validation
2262;train
2263;train
2264;train
2265;train
2266;validation
2267;train
2268;validation
2269;train
2270;train
2271;train
2272;train
2273;validation
2274;train
2275;train
2276;train
2277;train
2278;train
2279;train
2280;validation
2281;train
2282;train
2283;validation
2284;train
2285;train
2286;train
2287;train
2288;train
2289;train
2290;train
2291;train
2292;validation
2293;test
2294;validation
2295;train
2296;train
2297;train
2298;validation
2299;train
2300;train
2301;test
2302;train
2303;validation
2304;train
2305;train
2306;train
2307;train
2308;test
2309;train
2310;train
2311;train
2312;validation
2313;test
2314;test
2315;train
2316;train
2317;train
2318;train
2319;train
2320;train
2321;test
2322;train
2323;train
2324;train
2325;validation
2326;train
2327;train
2328;train
2329;train
2330;train
2331;train
2332;train
2333;train
2334;train
2335;train
2336;validation
2337;validation
2338;train
2339;validation
2340;train
2341;train
2342;train
2343;validation
2344;train
2345;train
2346;train
2347;train
2348;train
2349;train
2350;train
2351;train
2352;train
2353;train
2354;train
2355;train
2356;validation
2357;train
2358;train
2359;train
2360;train
2361;validation
2362;train
2363;train
2364;train
2365;test
2366;train
2367;test
2368;train
2369;train
2370;train
2371;validation
2372;train
2373;train
2374;train
2375;validation
2376;train
2377;train
2378;train
2379;train
2380;train
2381;validation
2382;train
2383;train
2384;train
2385;train
2386;train
2387;train
2388;train
2389;validation
2390;test
2391;train
2392;train
2393;train
2394;train
2395;train
2396;train
2397;train
2398;train
2399;test
2400;train
2401;train
2402;train
2403;train
2404;train
2405;train
2406;test
2407;test
2408;validation
2409;train
2410;train
2411;test
2412;train
2413;train
2414;train
2415;train
2416;train
2417;train
2418;train
2419;test
2420;train
2421;train
2422;train
2423;train
2424;validation
2425;train
2426;test
2427;train
2428;test
2429;validation
2430;train
2431;test
2432;train
2433;train
2434;validation
2435;train
2436;validation
2437;train
2438;train
2439;train
2440;test
2441;train
2442;validation
2443;train
2444;train
2445;validation
2446;train
2447;train
2448;train
2449;train
2450;train
2451;train
2452;train
2453;train
2454;train
2455;test
2456;validation
2457;train
2458;train
2459;validation
2460;train
2461;validation
2462;validation
2463;train
2464;train
2465;train
2466;train
2467;train
2468;train
2469;train
2470;validation
2471;train
2472;train
2473;validation
2474;train
2475;train
2476;test
2477;train
2478;train
2479;validation
2480;validation
2481;train
2482;test
2483;train
2484;train
2485;train
2486;train
2487;validation
2488;train
2489;train
2490;test
2491;train
2492;test
2493;train
2494;validation
2495;train
2496;train
2497;train
2498;train
2499;train
2500;train
2501;validation
2502;train
2503;train
2504;test
2505;train
2506;train
2507;train
2508;train
2509;train
2510;train
2511;train
2512;train
2513;train
2514;train
2515;test
2516;train
2517;train
2518;train
2519;train
2520;train
2521;validation
2522;test
2523;validation
2524;train
2525;train
2526;test
2527;train
2528;train
2529;train
2530;test
2531;train
2532;train
2533;test
2534;train
2535;train
2536;test
2537;train
2538;train
2539;train
2540;train
2541;train
2542;train
2543;validation
2544;train
2545;train
2546;train
2547;validation
2548;train
2549;test
2550;train
2551;validation
2552;validation
2553;train
2554;train
2555;train
2556;train
2557;train
2558;train
2559;train
2560;train
2561;test
2562;train
2563;train
2564;train
2565;train
2566;train
2567;train
2568;train
2569;train
2570;validation
2571;validation
2572;test
2573;train
2574;test
2575;validation
2576;test
2577;train
2578;train
2579;train
2580;train
2581;test
2582;test
2583;train
2584;validation
2585;train
2586;train
2587;test
2588;train
2589;train
2590;train
2591;train
2592;train
2593;train
2594;train
2595;train
2596;test
2597;train
2598;test
2599;train
2600;validation
2601;train
2602;train
2603;test
2604;train
2605;test
2606;train
2607;train
2608;validation
2609;train
2610;train
2611;train
2612;test
2613;train
2614;validation
2615;train
2616;train
2617;train
2618;test
2619;train
2620;train
2621;validation
2622;train
2623;train
2624;validation
2625;train
2626;validation
2627;train
2628;test
2629;test
2630;train
2631;train
2632;train
2633;test
2634;test
2635;train
2636;train
2637;validation
2638;test
2639;train
2640;train
2641;train
2642;validation
2643;test
2644;train
2645;train
2646;train
2647;train
2648;train
2649;test
2650;train
2651;train
2652;train
2653;train
2654;test
2655;train
2656;train
2657;test
2658;train
2659;train
2660;validation
2661;train
2662;train
2663;test
2664;validation
2665;train
2666;validation
2667;train
2668;train
2669;train
2670;validation
2671;train
2672;train
2673;test
2674;train
2675;test
2676;train
2677;train
2678;train
2679;train
2680;train
2681;validation
2682;train
2683;validation
2684;train
2685;validation
2686;train
2687;test
2688;train
2689;validation
2690;train
2691;train
2692;train
2693;train
2694;validation
2695;train
2696;train
2697;train
2698;train
2699;train
2700;train
2701;train
2702;test
2703;train
2704;train
2705;train
2706;train
2707;test
2708;test
2709;train
2710;train
2711;validation
2712;train
2713;test
2714;train
2715;train
2716;validation
2717;test
2718;train
2719;train
2720;test
2721;train
2722;train
2723;train
2724;validation
2725;validation
2726;train
2727;train
2728;train
2729;validation
2730;train
2731;train
2732;test
2733;train
2734;train
2735;train
2736;train
2737;validation
2738;validation
2739;train
2740;train
2741;train
2742;train
2743;train
2744;train
2745;train
2746;train
2747;train
2748;train
2749;validation
2750;train
2751;train
2752;test
2753;test
2754;train
2755;train
2756;train
2757;validation
2758;test
2759;test
2760;train
2761;test
2762;train
2763;test
2764;train
2765;validation
2766;train
2767;train
2768;train
2769;train
2770;train
2771;train
2772;train
2773;train
2774;train
2775;test
2776;test
2777;train
2778;test
2779;test
2780;train
2781;train
2782;validation
2783;train
2784;train
2785;train
2786;train
2787;test
2788;test
2789;train
2790;validation
2791;train
2792;validation
2793;validation
2794;train
2795;train
2796;train
2797;train
2798;train
2799;train
2800;train
2801;train
2802;train
2803;train
2804;train
2805;train
2806;validation
2807;train
2808;train
2809;validation
2810;test
2811;train
2812;test
2813;train
2814;train
2815;train
2816;validation
2817;train
2818;validation
2819;train
2820;train
2821;test
2822;train
2823;train
2824;train
2825;train
2826;train
2827;test
2828;validation
2829;train
2830;test
2831;train
2832;train
2833;train
2834;test
2835;train
2836;validation
2837;train
2838;train
2839;train
2840;train
2841;train
2842;train
2843;train
2844;test
2845;train
2846;validation
2847;test
2848;train
2849;train
2850;test
2851;train
2852;train
2853;train
2854;train
2855;train
2856;train
2857;validation
2858;validation
2859;test
2860;train
2861;train
2862;train
2863;train
2864;train
2865;train
2866;train
2867;validation
2868;train
2869;train
2870;train
2871;train
2872;validation
2873;validation
2874;train
2875;train
2876;train
2877;train
2878;train
2879;train
2880;test
2881;test
2882;test
2883;test
2884;train
2885;train
2886;train
2887;train
2888;train
2889;validation
2890;train
2891;train
2892;train
2893;train
2894;train
2895;validation
2896;test
2897;train
2898;train
2899;train
2900;test
2901;train
2902;train
2903;test
2904;test
2905;test
2906;train
2907;train
2908;test
2909;train
2910;test
2911;train
2912;validation
2913;train
2914;validation
2915;train
2916;validation
2917;train
2918;train
2919;train
2920;train
2921;train
2922;test
2923;validation
2924;train
2925;test
2926;train
2927;train
2928;train
2929;train
2930;train
2931;train
2932;train
2933;validation
2934;train
2935;train
2936;train
2937;train
2938;train
2939;test
2940;train
2941;train
2942;test
2943;train
2944;validation
2945;train
2946;train
2947;train
2948;train
2949;train
2950;test
2951;train
2952;train
2953;validation
2954;validation
2955;train
2956;test
2957;train
2958;train
2959;validation
2960;validation
2961;validation
2962;validation
2963;test
2964;train
2965;validation
2966;train
2967;train
2968;test
2969;train
2970;train
2971;train
2972;train
2973;train
2974;train
2975;validation
2976;train
2977;train
2978;train
2979;train
2980;train
2981;validation
2982;train
2983;train
2984;test
2985;train
2986;train
2987;validation
2988;train
2989;train
2990;test
2991;train
2992;train
2993;test
2994;train
2995;validation
2996;train
2997;train
2998;validation
2999;validation
3000;train
3001;train
3002;train
3003;train
3004;test
3005;train
3006;validation
3007;validation
3008;train
3009;test
3010;train
3011;train
3012;validation
3013;train
3014;test
3015;train
3016;train
3017;validation
3018;train
3019;train
3020;train
3021;train
3022;train
3023;train
3024;test
3025;train
3026;train
3027;train
3028;train
3029;validation
3030;train
3031;train
3032;train
3033;train
3034;test
3035;validation
3036;test
3037;train
3038;validation
3039;train
3040;train
3041;train
3042;train
3043;train
3044;validation
3045;test
3046;train
3047;train
3048;validation
3049;train
3050;train
3051;train
3052;train
3053;validation
3054;train
3055;train
3056;train
3057;test
3058;train
3059;validation
3060;test
3061;validation
3062;train
3063;validation
3064;validation
3065;train
3066;train
3067;train
3068;test
3069;train
3070;train
3071;train
3072;train
3073;train
3074;train
3075;train
3076;train
3077;validation
3078;train
3079;train
3080;test
3081;validation
3082;train
3083;test
3084;validation
3085;train
3086;train
3087;train
3088;train
3089;train
3090;train
3091;train
3092;train
3093;train
3094;train
3095;validation
3096;train
3097;test
3098;train
3099;train
3100;train
3101;validation
3102;train
3103;train
3104;train
3105;train
3106;train
3107;train
3108;train
3109;train
3110;train
3111;train
3112;train
3113;train
3114;train
3115;train
3116;validation
3117;test
3118;train
3119;train
3120;test
3121;train
3122;train
3123;train
3124;train
3125;train
3126;train
3127;test
3128;validation
3129;train
3130;train
3131;train
3132;train
3133;test
3134;train
3135;train
3136;train
3137;train
3138;train
3139;train
3140;train
3141;train
3142;train
3143;train
3144;train
3145;train
3146;train
3147;test
3148;train
3149;train
3150;train
3151;train
3152;train
3153;train
3154;train
3155;train
3156;train
3157;validation
3158;train
3159;validation
3160;validation
3161;validation
3162;train
3163;train
3164;train
3165;test
3166;train
3167;train
3168;test
3169;test
3170;train
3171;validation
3172;train
3173;train
3174;train
3175;train
3176;train
3177;train
3178;train
3179;train
3180;validation
3181;train
3182;train
3183;train
3184;test
3185;train
3186;train
3187;train
3188;train
3189;train
3190;test
3191;train
3192;test
3193;train
3194;train
3195;validation
3196;train
3197;train
3198;train
3199;validation
3200;train
3201;validation
3202;validation
3203;train
3204;train
3205;train
3206;test
3207;train
3208;validation
3209;train
3210;train
3211;train
3212;validation
3213;test
3214;train
3215;train
3216;test
3217;train
3218;train
3219;test
3220;test
3221;train
3222;train
3223;train
3224;train
3225;test
3226;validation
3227;train
3228;train
3229;train
3230;validation
3231;test
3232;test
3233;train
3234;test
3235;train
3236;train
3237;train
3238;train
3239;validation
3240;validation
3241;train
3242;validation
3243;train
3244;train
3245;validation
3246;train
3247;train
3248;test
3249;train
3250;train
3251;validation
3252;train
3253;train
3254;train
3255;test
3256;test
3257;validation
3258;train
3259;validation
3260;validation
3261;train
3262;train
3263;train
3264;validation
3265;train
3266;train
3267;train
3268;test
3269;train
3270;train
3271;train
3272;train
3273;validation
3274;validation
3275;train
3276;train
3277;train
3278;train
3279;validation
3280;train
3281;train
3282;validation
3283;train
3284;test
3285;train
3286;test
3287;train
3288;train
3289;train
3290;train
3291;train
3292;train
3293;train
3294;train
3295;train
3296;train
3297;train
3298;test
3299;test
3300;train
3301;test
3302;train
3303;train
3304;train
3305;train
3306;train
3307;validation
3308;test
3309;train
3310;validation
3311;validation
3312;train
3313;train
3314;train
3315;test
3316;train
3317;train
3318;train
3319;test
3320;train
3321;train
3322;test
3323;validation
3324;test
3325;train
3326;validation
3327;train
3328;train
3329;train
3330;test
3331;train
3332;validation
3333;test
3334;train
3335;train
3336;test
3337;train
3338;validation
3339;validation
3340;train
3341;train
3342;test
3343;train
3344;train
3345;train
3346;test
3347;train
3348;train
3349;train
3350;train
3351;validation
3352;train
3353;train
3354;train
3355;train
3356;train
3357;test
3358;train
3359;train
3360;train
3361;train
3362;test
3363;train
3364;train
3365;train
3366;train
3367;train
3368;train
3369;test
3370;train
3371;train
3372;train
3373;train
3374;train
3375;test
3376;validation
3377;validation
3378;train
3379;train
3380;train
3381;train
3382;train
3383;train
3384;train
3385;test
3386;validation
3387;test
3388;train
3389;test
3390;test
3391;train
3392;validation
3393;train
3394;train
3395;test
3396;train
3397;train
3398;test
3399;train
3400;train
3401;train
3402;train
3403;train
3404;validation
3405;train
3406;validation
3407;validation
3408;validation
3409;train
3410;train
3411;train
3412;train
3413;test
3414;validation
3415;train
3416;train
3417;validation
3418;train
3419;test
3420;train
3421;train
3422;train
3423;train
3424;train
3425;train
3426;train
3427;validation
3428;train
3429;train
3430;validation
3431;validation
3432;train
3433;test
3434;validation
3435;train
3436;train
3437;train
3438;train
3439;train
3440;train
3441;train
3442;train
3443;train
3444;train
3445;train
3446;train
3447;validation
3448;validation
3449;train
3450;train
3451;train
3452;test
3453;test
3454;train
3455;validation
3456;train
3457;train
3458;test
3459;train
3460;test
3461;train
3462;train
3463;test
3464;test
3465;train
3466;train
3467;test
3468;train
3469;train
3470;validation
3471;train
3472;train
3473;train
3474;test
3475;validation
3476;train
3477;train
3478;train
3479;validation
3480;validation
3481;validation
3482;validation
3483;train
3484;train
3485;validation
3486;train
3487;train
3488;train
3489;train
3490;test
3491;test
3492;train
3493;train
3494;train
3495;train
3496;validation
3497;test
3498;train
3499;train
3500;train
3501;train
3502;test
3503;train
3504;test
3505;train
3506;train
3507;train
3508;train
3509;train
3510;train
3511;validation
3512;train
3513;train
3514;train
3515;train
3516;train
3517;train
3518;train
3519;train
3520;train
3521;test
3522;validation
3523;validation
3524;train
3525;train
3526;test
3527;validation
3528;train
3529;train
3530;test
3531;train
3532;train
3533;train
3534;test
3535;train
3536;train
3537;train
3538;train
3539;train
3540;train
3541;train
3542;train
3543;train
3544;train
3545;validation
3546;train
3547;train
3548;train
3549;train
3550;validation
3551;train
3552;train
3553;train
3554;train
3555;train
3556;train
3557;train
3558;train
3559;train
3560;train
3561;train
3562;train
3563;train
3564;validation
3565;train
3566;train
3567;train
3568;train
3569;train
3570;train
3571;test
3572;train
3573;train
3574;train
3575;train
3576;train
3577;train
3578;train
3579;train
3580;train
3581;train
3582;train
3583;train
3584;train
3585;train
3586;train
3587;train
3588;train
3589;test
3590;train
3591;train
3592;train
3593;train
3594;train
3595;train
3596;train
3597;test
3598;train
3599;train
3600;train
3601;train
3602;train
3603;train
3604;test
3605;train
3606;train
3607;train
3608;train
3609;train
3610;train
3611;train
3612;validation
3613;train
3614;train
3615;validation
3616;train
3617;train
3618;train
3619;train
3620;train
3621;train
3622;validation
3623;train
3624;train
3625;train
3626;train
3627;train
3628;train
3629;train
3630;train
3631;train
3632;train
3633;train
3634;test
3635;validation
3636;train
3637;train
3638;train
3639;validation
3640;train
3641;train
3642;train
3643;test
3644;train
3645;train
3646;train
3647;train
3648;train
3649;train
3650;train
3651;validation
3652;train
3653;train
3654;train
3655;test
3656;validation
3657;validation
3658;test
3659;train
3660;train
3661;validation
3662;train
3663;train
3664;train
3665;train
3666;test
3667;train
3668;test
3669;train
3670;train
3671;train
3672;train
3673;train
3674;train
3675;test
3676;validation
3677;train
3678;train
3679;train
3680;train
3681;train
3682;train
3683;train
3684;train
3685;test
3686;test
3687;train
3688;train
3689;validation
3690;test
3691;train
3692;train
3693;validation
3694;train
3695;train
3696;train
3697;train
3698;train
3699;train
3700;train
3701;test
3702;train
3703;train
3704;train
3705;train
3706;train
3707;validation
3708;train
3709;train
3710;train
3711;validation
3712;train
3713;train
3714;train
3715;train
3716;train
3717;train
3718;train
3719;validation
3720;train
3721;train
3722;train
3723;validation
3724;train
3725;train
3726;test
3727;validation
3728;train
3729;train
3730;train
3731;test
3732;validation
3733;train
3734;train
3735;test
3736;test
3737;validation
3738;test
3739;train
3740;train
3741;train
3742;train
3743;validation
3744;test
3745;train
3746;train
3747;train
3748;test
3749;test
3750;train
3751;test
3752;train
3753;train
3754;train
3755;test
3756;train
3757;test
3758;train
3759;train
3760;train
3761;validation
3762;train
3763;train
3764;train
3765;train
3766;test
3767;train
3768;train
3769;train
3770;train
3771;train
3772;train
3773;validation
3774;train
3775;train
3776;train
3777;train
3778;test
3779;test
3780;train
3781;train
3782;train
3783;test
3784;validation
3785;validation
3786;train
3787;train
3788;train
3789;validation
3790;train
3791;train
3792;train
3793;train
3794;train
3795;train
3796;test
3797;train
3798;train
3799;train
3800;train
3801;train
3802;train
3803;test
3804;test
3805;train
3806;train
3807;train
3808;train
3809;train
3810;train
3811;train
3812;train
3813;train
3814;train
3815;train
3816;train
3817;validation
3818;train
3819;train
3820;test
3821;validation
3822;train
3823;validation
3824;test
3825;train
3826;test
3827;train
3828;validation
3829;train
3830;test
3831;train
3832;train
3833;train
3834;test
3835;validation
3836;train
3837;test
3838;train
3839;test
3840;train
3841;train
3842;train
3843;train
3844;train
3845;train
3846;validation
3847;train
3848;train
3849;train
3850;train
3851;train
3852;validation
3853;train
3854;train
3855;validation
3856;validation
3857;validation
3858;validation
3859;test
3860;train
3861;train
3862;train
3863;test
3864;train
3865;test
3866;train
3867;test
3868;train
3869;test
3870;train
3871;test
3872;train
3873;test
3874;test
3875;train
3876;train
3877;test
3878;train
3879;test
3880;test
3881;train
3882;train
3883;train
3884;test
3885;train
3886;test
3887;train
3888;train
3889;test
3890;train
3891;train
3892;validation
3893;validation
3894;train
3895;train
3896;test
3897;train
3898;train
3899;train
3900;test
3901;test
3902;train
3903;validation
3904;train
3905;train
3906;train
3907;test
3908;train
3909;train
3910;train
3911;train
3912;validation
3913;train
3914;train
3915;test
3916;train
3917;train
3918;train
3919;test
3920;test
3921;train
3922;validation
3923;train
3924;test
3925;validation
3926;test
3927;train
3928;train
3929;train
3930;train
3931;train
3932;train
3933;test
3934;train
3935;train
3936;train
3937;train
3938;validation
3939;train
3940;validation
3941;train
3942;train
3943;validation
3944;train
3945;train
3946;train
3947;train
3948;train
3949;train
3950;train
3951;train
3952;train
3953;train
3954;train
3955;train
3956;validation
3957;train
3958;train
3959;train
3960;test
3961;train
3962;train
3963;train
3964;train
3965;test
3966;train
3967;train
3968;train
3969;train
3970;train
3971;train
3972;train
3973;validation
3974;train
3975;train
3976;train
3977;validation
3978;test
3979;train
3980;train
3981;train
3982;train
3983;test
3984;train
3985;test
3986;train
3987;test
3988;train
3989;train
3990;train
3991;train
3992;train
3993;validation
3994;train
3995;train
3996;train
3997;train
3998;train
3999;train
4000;train
4001;validation
4002;train
4003;validation
4004;train
4005;train
4006;train
4007;train
4008;test
4009;validation
4010;train
4011;train
4012;train
4013;train
4014;train
4015;train
4016;train
4017;train
4018;train
4019;validation
4020;test
4021;validation
4022;train
4023;train
4024;train
4025;train
4026;test
4027;train
4028;validation
4029;train
4030;validation
4031;validation
4032;train
4033;train
4034;train
4035;train
4036;train
4037;train
4038;validation
4039;train
4040;train
4041;validation
4042;train
4043;train
4044;train
4045;train
4046;validation
4047;test
4048;train
4049;train
4050;test
4051;train
4052;train
4053;train
4054;train
4055;train
4056;train
4057;train
4058;test
4059;train
4060;validation
4061;train
4062;train
4063;train
4064;train
4065;train
4066;train
4067;train
4068;train
4069;train
4070;train
4071;validation
4072;train
4073;train
4074;train
4075;train
4076;validation
4077;test
4078;train
4079;train
4080;train
4081;train
4082;train
4083;validation
4084;test
4085;train
4086;train
4087;test
4088;train
4089;train
4090;train
4091;train
4092;train
4093;train
4094;train
4095;train
4096;validation
4097;test
4098;validation
4099;train
4100;test
4101;train
4102;test
4103;train
4104;train
4105;validation
4106;train
4107;train
4108;train
4109;train
4110;train
4111;train
4112;train
4113;train
4114;validation
4115;train
4116;test
4117;validation
4118;test
4119;train
4120;train
4121;train
4122;test
4123;train
4124;train
4125;train
4126;train
4127;test
4128;train
4129;train
4130;validation
4131;train
4132;test
4133;test
4134;validation
4135;validation
4136;train
4137;train
4138;test
4139;train
4140;train
4141;test
4142;train
4143;train
4144;train
4145;train
4146;train
4147;train
4148;train
4149;test
4150;train
4151;train
4152;train
4153;validation
4154;train
4155;train
4156;train
4157;train
4158;train
4159;test
4160;train
4161;train
4162;train
4163;train
4164;train
4165;test
4166;train
4167;train
4168;test
4169;validation
4170;train
4171;train
4172;test
4173;validation
4174;test
4175;test
4176;train
4177;train
4178;train
4179;validation
4180;train
4181;train
4182;train
4183;train
4184;test
4185;train
4186;test
4187;train
4188;train
4189;train
4190;validation
4191;train
4192;train
4193;train
4194;train
4195;train
4196;train
4197;test
4198;validation
4199;train
4200;train
4201;train
4202;test
4203;train
4204;train
4205;validation
4206;train
4207;test
4208;train
4209;test
4210;train
4211;validation
4212;validation
4213;train
4214;train
4215;test
4216;train
4217;train
4218;train
4219;train
4220;train
4221;train
4222;validation
4223;test
4224;train
4225;train
4226;train
4227;train
4228;train
4229;test
4230;train
4231;train
4232;test
4233;train
4234;validation
4235;train
4236;train
4237;validation
4238;train
4239;train
4240;train
4241;train
4242;train
4243;train
4244;train
4245;train
4246;train
4247;train
4248;train
4249;train
4250;train
4251;validation
4252;train
4253;train
4254;test
4255;validation
4256;validation
4257;validation
4258;test
4259;validation
4260;train
4261;train
4262;validation
4263;validation
4264;train
4265;train
4266;test
4267;test
4268;train
4269;train
4270;train
4271;train
4272;train
4273;test
4274;validation
4275;train
4276;train
4277;train
4278;train
4279;train
4280;train
4281;test
4282;train
4283;train
4284;test
4285;train
4286;validation
4287;train
4288;train
4289;train
4290;train
4291;train
4292;train
4293;train
4294;train
4295;validation
4296;train
4297;test
4298;validation
4299;test
4300;train
4301;train
4302;train
4303;train
4304;test
4305;train
4306;train
4307;test
4308;train
4309;test
4310;train
4311;train
4312;test
4313;train
4314;train
4315;train
4316;train
4317;train
4318;train
4319;test
4320;test
4321;train
4322;validation
4323;train
4324;train
4325;train
4326;train
4327;train
4328;train
4329;train
4330;train
4331;validation
4332;train
4333;train
4334;train
4335;train
4336;train
4337;test
4338;train
4339;train
4340;train
4341;train
4342;test
4343;train
4344;train
4345;train
4346;train
4347;train
4348;train
4349;validation
4350;train
4351;train
4352;train
4353;train
4354;train
4355;train
4356;train
4357;validation
4358;train
4359;test
4360;train
4361;train
4362;train
4363;train
4364;test
4365;validation
4366;train
4367;validation
4368;test
4369;train
4370;train
4371;train
4372;test
4373;validation
4374;validation
4375;train
4376;train
4377;train
4378;train
4379;train
4380;validation
4381;train
4382;train
4383;train
4384;validation
4385;train
4386;train
4387;test
4388;validation
4389;validation
4390;train
4391;test
4392;train
4393;train
4394;train
4395;validation
4396;train
4397;test
4398;train
4399;train
4400;train
4401;train
4402;test
4403;train
4404;train
4405;train
4406;train
4407;train
4408;train
4409;test
4410;train
4411;train
4412;test
4413;train
4414;train
4415;train
4416;train
4417;train
4418;train
4419;train
4420;train
4421;train
4422;train
4423;validation
4424;test
4425;validation
4426;train
4427;validation
4428;train
4429;train
4430;train
4431;train
4432;train
4433;train
4434;train
4435;train
4436;test
4437;train
4438;train
4439;train
4440;train
4441;train
4442;test
4443;train
4444;validation
4445;train
4446;validation
4447;train
4448;train
4449;validation
4450;train
4451;validation
4452;train
4453;train
4454;train
4455;train
4456;validation
4457;validation
4458;train
4459;train
4460;train
4461;train
4462;train
4463;train
4464;train
4465;test
4466;train
4467;train
4468;train
4469;train
4470;train
4471;train
4472;train
4473;train
4474;train
4475;train
4476;train
4477;train
4478;train
4479;test
4480;train
4481;train
4482;train
4483;test
4484;validation
4485;train
4486;train
4487;test
4488;train
4489;train
4490;train
4491;train
4492;train
4493;test
4494;train
4495;test
4496;train
4497;test
4498;train
4499;train
4500;train
4501;train
4502;train
4503;train
4504;train
4505;validation
4506;test
4507;train
4508;test
4509;validation
4510;train
4511;train
4512;train
4513;test
4514;train
4515;train
4516;train
4517;train
4518;train
4519;test
4520;train
4521;validation
4522;train
4523;train
4524;train
4525;train
4526;train
4527;validation
4528;train
4529;train
4530;train
4531;train
4532;train
4533;train
4534;train
4535;train
4536;train
4537;test
4538;train
4539;train
4540;train
4541;train
4542;train
4543;train
4544;train
4545;train
4546;train
4547;train
4548;train
4549;train
4550;train
4551;test
4552;train
4553;validation
4554;validation
4555;train
4556;test
4557;train
4558;train
4559;validation
4560;validation
4561;validation
4562;test
4563;validation
4564;train
4565;validation
4566;train
4567;test
4568;train
4569;train
4570;train
4571;train
4572;train
4573;train
4574;train
4575;train
4576;train
4577;train
4578;train
4579;train
4580;train
4581;train
4582;train
4583;train
4584;train
4585;train
4586;test
4587;train
4588;validation
4589;train
4590;train
4591;train
4592;train
4593;train
4594;train
4595;train
4596;train
4597;train
4598;test
4599;train
4600;train
4601;train
4602;train
4603;train
4604;validation
4605;validation
4606;test
4607;train
4608;train
4609;validation
4610;train
4611;test
4612;test
4613;train
4614;test
4615;train
4616;train
4617;train
4618;train
4619;train
4620;test
4621;validation
4622;test
4623;test
4624;test
4625;validation
4626;train
4627;validation
4628;validation
4629;test
4630;validation
4631;train
4632;train
4633;test
4634;train
4635;train
4636;train
4637;train
4638;validation
4639;test
4640;train
4641;train
4642;train
4643;validation
4644;train
4645;train
4646;test
4647;train
4648;train
4649;train
4650;train
4651;train
4652;validation
4653;train
4654;train
4655;train
4656;test
4657;train
4658;train
4659;train
4660;train
4661;validation
4662;test
4663;validation
4664;test
4665;train
4666;train
4667;train
4668;train
4669;validation
4670;test
4671;train
4672;train
4673;train
4674;train
4675;test
4676;train
4677;validation
4678;train
4679;train
4680;train
4681;train
4682;train
4683;train
4684;train
4685;test
4686;validation
4687;train
4688;train
4689;test
4690;train
4691;validation
4692;train
4693;train
4694;train
4695;train
4696;train
4697;train
4698;train
4699;train
4700;test
4701;test
4702;test
4703;train
4704;train
4705;train
4706;train
4707;train
4708;validation
4709;train
4710;test
4711;validation
4712;train
4713;train
4714;train
4715;train
4716;test
4717;test
4718;test
4719;train
4720;train
4721;train
4722;test
4723;train
4724;validation
4725;train
4726;train
4727;train
4728;train
4729;test
4730;test
4731;train
4732;train
4733;train
4734;validation
4735;validation
4736;train
4737;train
4738;train
4739;train
4740;validation
4741;train
4742;train
4743;train
4744;validation
4745;validation
4746;train
4747;train
4748;validation
4749;train
4750;validation
4751;train
4752;test
4753;validation
4754;validation
4755;train
4756;train
4757;test
4758;test
4759;validation
4760;train
4761;train
4762;validation
4763;train
4764;test
4765;test
4766;train
4767;train
4768;train
4769;test
4770;train
4771;test
4772;validation
4773;train
4774;train
4775;train
4776;test
4777;train
4778;train
4779;validation
4780;train
4781;train
4782;train
4783;validation
4784;train
4785;train
4786;test
4787;test
4788;train
4789;train
4790;test
4791;validation
4792;train
4793;validation
4794;train
4795;validation
4796;validation
4797;validation
4798;validation
4799;train
4800;train
4801;train
4802;test
4803;test
4804;train
4805;train
4806;validation
4807;train
4808;test
4809;train
4810;train
4811;train
4812;train
4813;train
4814;train
4815;validation
4816;train
4817;validation
4818;train
4819;train
4820;train
4821;train
4822;train
4823;validation
4824;train
4825;train
4826;validation
4827;train
4828;train
4829;train
4830;validation
4831;train
4832;train
4833;train
4834;train
4835;validation
4836;train
4837;train
4838;validation
4839;train
4840;test
4841;train
4842;train
4843;validation
4844;train
4845;train
4846;train
4847;train
4848;train
4849;test
4850;test
4851;validation
4852;train
4853;test
4854;train
4855;train
4856;train
4857;train
4858;train
4859;train
4860;train
4861;train
4862;train
4863;train
4864;train
4865;train
4866;test
4867;test
4868;test
4869;train
4870;train
4871;train
4872;train
4873;train
4874;validation
4875;validation
4876;train
4877;validation
4878;train
4879;train
4880;train
4881;validation
4882;train
4883;train
4884;train
4885;train
4886;train
4887;train
4888;train
4889;train
4890;train
4891;test
4892;train
4893;train
4894;train
4895;train
4896;validation
4897;train
4898;train
4899;train
4900;train
4901;test
4902;validation
4903;train
4904;train
4905;train
4906;test
4907;train
4908;train
4909;validation
4910;train
4911;test
4912;validation
4913;train
4914;train
4915;validation
4916;train
4917;train
4918;train
4919;test
4920;train
4921;train
4922;train
4923;test
4924;train
4925;train
4926;test
4927;train
4928;validation
4929;train
4930;test
4931;train
4932;train
4933;train
4934;train
4935;train
4936;validation
4937;train
4938;validation
4939;train
4940;train
4941;validation
4942;train
4943;train
4944;validation
4945;train
4946;train
4947;train
4948;train
4949;validation
4950;test
4951;train
4952;validation
4953;train
4954;train
4955;test
4956;train
4957;validation
4958;train
4959;train
4960;train
4961;validation
4962;train
4963;train
4964;validation
4965;train
4966;test
4967;train
4968;train
4969;validation
4970;train
4971;train
4972;train
4973;validation
4974;train
4975;train
4976;test
4977;train
4978;train
4979;train
4980;train
4981;test
4982;train
4983;train
4984;validation
4985;test
4986;train
4987;train
4988;train
4989;train
4990;train
4991;train
4992;train
4993;test
4994;train
4995;train
4996;train
4997;train
4998;train
4999;train
5000;test
5001;validation
5002;train
5003;train
5004;validation
5005;train
5006;train
5007;train
5008;train
5009;train
5010;train
5011;train
5012;test
5013;validation
5014;train
5015;train
5016;test
5017;test
5018;train
5019;train
5020;train
5021;test
5022;train
5023;validation
5024;train
5025;train
5026;train
5027;train
5028;train
5029;train
5030;train
5031;train
5032;train
5033;train
5034;train
5035;test
5036;test
5037;train
5038;train
5039;train
5040;test
5041;train
5042;test
5043;train
5044;validation
5045;train
5046;validation
5047;test
5048;train
5049;train
5050;train
5051;train
5052;train
5053;train
5054;train
5055;validation
5056;train
5057;train
5058;train
5059;train
5060;train
5061;validation
5062;test
5063;train
5064;train
5065;train
5066;validation
5067;validation
5068;train
5069;train
5070;test
5071;train
5072;test
5073;train
5074;train
5075;test
5076;train
5077;test
5078;test
5079;validation
5080;train
5081;train
5082;test
5083;train
5084;test
5085;train
5086;train
5087;train
5088;train
5089;train
5090;test
5091;validation
5092;validation
5093;train
5094;validation
5095;test
5096;test
5097;train
5098;validation
5099;test
5100;train
5101;train
5102;train
5103;test
5104;train
5105;train
5106;train
5107;train
5108;train
5109;test
5110;train
5111;validation
5112;train
5113;validation
5114;train
5115;validation
5116;train
5117;train
5118;train
5119;train
5120;train
5121;test
5122;train
5123;train
5124;train
5125;test
5126;train
5127;train
5128;train
5129;train
5130;train
5131;train
5132;train
5133;train
5134;train
5135;train
5136;train
5137;train
5138;train
5139;train
5140;test
5141;validation
5142;train
5143;train
5144;train
5145;train
5146;test
5147;train
5148;validation
5149;train
5150;validation
5151;test
5152;train
5153;train
5154;train
5155;train
5156;validation
5157;train
5158;train
5159;train
5160;train
5161;train
5162;train
5163;train
5164;validation
5165;train
5166;train
5167;train
5168;train
5169;test
5170;train
5171;train
5172;validation
5173;train
5174;train
5175;train
5176;train
5177;validation
5178;train
5179;train
5180;test
5181;train
5182;train
5183;train
5184;train
5185;train
5186;train
5187;train
5188;train
5189;test
5190;train
5191;train
5192;train
5193;test
5194;train
5195;test
5196;train
5197;train
5198;train
5199;train
5200;train
5201;train
5202;train
5203;train
5204;train
5205;train
5206;train
5207;validation
5208;validation
5209;train
5210;train
5211;train
5212;validation
5213;test
5214;train
5215;train
5216;test
5217;train
5218;test
5219;train
5220;train
5221;test
5222;train
5223;train
5224;train
5225;train
5226;train
5227;train
5228;validation
5229;validation
5230;test
5231;validation
5232;train
5233;test
5234;train
5235;train
5236;validation
5237;train
5238;train
5239;train
5240;test
5241;train
5242;train
5243;validation
5244;train
5245;train
5246;train
5247;train
5248;validation
5249;train
5250;train
5251;validation
5252;train
5253;train
5254;train
5255;train
5256;train
5257;train
5258;train
5259;validation
5260;test
5261;test
5262;train
5263;train
5264;test
5265;test
5266;test
5267;test
5268;train
5269;train
5270;train
5271;train
5272;train
5273;train
5274;train
5275;train
5276;train
5277;train
5278;validation
5279;train
5280;train
5281;train
5282;validation
5283;test
5284;train
5285;train
5286;train
5287;validation
5288;train
5289;train
5290;train
5291;train
5292;train
5293;train
5294;train
5295;train
5296;train
5297;validation
5298;train
5299;train
5300;train
5301;train
5302;train
5303;validation
5304;train
5305;train
5306;train
5307;train
5308;train
5309;validation
5310;train
5311;train
5312;train
5313;train
5314;train
5315;validation
5316;train
5317;train
5318;train
5319;train
5320;train
5321;train
5322;train
5323;test
5324;train
5325;train
5326;train
5327;validation
5328;train
5329;test
5330;train
5331;train
5332;train
5333;train
5334;train
5335;test
5336;train
5337;train
5338;train
5339;train
5340;train
5341;test
5342;validation
5343;train
5344;train
5345;test
5346;train
5347;test
5348;train
5349;train
5350;test
5351;train
5352;train
5353;train
5354;train
5355;test
5356;train
5357;train
5358;train
5359;train
5360;train
5361;train
5362;test
5363;train
5364;train
5365;test
5366;train
5367;validation
5368;test
5369;train
5370;train
5371;train
5372;validation
5373;train
5374;train
5375;train
5376;train
5377;train
5378;train
5379;train
5380;train
5381;train
5382;train
5383;train
5384;train
5385;train
5386;train
5387;train
5388;train
5389;validation
5390;train
5391;validation
5392;test
5393;test
5394;train
5395;train
5396;train
5397;test
5398;train
5399;train
5400;test
5401;validation
5402;train
5403;train
5404;train
5405;train
5406;test
5407;test
5408;train
5409;validation
5410;train
5411;train
5412;train
5413;train
5414;train
5415;train
5416;train
5417;test
5418;test
5419;validation
5420;train
5421;train
5422;train
5423;train
5424;validation
5425;validation
5426;train
5427;train
5428;train
5429;train
5430;validation
5431;train
5432;train
5433;train
5434;train
5435;train
5436;test
5437;validation
5438;validation
5439;train
5440;train
5441;train
5442;train
5443;train
5444;train
5445;train
5446;test
5447;train
5448;test
5449;train
5450;test
5451;train
5452;train
5453;train
5454;train
5455;train
5456;train
5457;train
5458;validation
5459;test
5460;train
5461;validation
5462;validation
5463;train
5464;train
5465;train
5466;train
5467;train
5468;train
5469;train
5470;validation
5471;train
5472;train
5473;train
5474;test
5475;train
5476;validation
5477;train
5478;test
5479;validation
5480;train
5481;train
5482;test
5483;train
5484;train
5485;test
5486;validation
5487;train
5488;train
5489;train
5490;train
5491;validation
5492;validation
5493;validation
5494;train
5495;train
5496;train
5497;train
5498;validation
5499;validation
5500;train
5501;validation
5502;train
5503;train
5504;train
5505;train
5506;train
5507;test
5508;train
5509;train
5510;test
5511;train
5512;train
5513;train
5514;train
5515;train
5516;train
5517;train
5518;validation
5519;train
5520;train
5521;train
5522;train
5523;train
5524;train
5525;train
5526;train
5527;train
5528;train
5529;validation
5530;train
5531;test
5532;train
5533;train
5534;train
5535;test
5536;train
5537;test
5538;train
5539;train
5540;train
5541;train
5542;train
5543;train
5544;train
5545;train
5546;train
5547;train
5548;train
5549;train
5550;test
5551;train
5552;train
5553;validation
5554;train
5555;train
5556;train
5557;train
5558;train
5559;train
5560;train
5561;train
5562;test
5563;train
5564;train
5565;validation
5566;validation
5567;train
5568;train
5569;train
5570;validation
5571;train
5572;validation
5573;validation
5574;validation
5575;test
5576;train
5577;train
5578;train
5579;validation
5580;train
5581;test
5582;train
5583;test
5584;train
5585;train
5586;train
5587;train
5588;test
5589;train
5590;train
5591;train
5592;test
5593;train
5594;train
5595;train
5596;validation
5597;test
5598;train
5599;validation
5600;train
5601;train
5602;train
5603;validation
5604;train
5605;train
5606;train
5607;train
5608;train
5609;validation
5610;train
5611;test
5612;validation
5613;train
5614;validation
5615;validation
5616;validation
5617;test
5618;train
5619;validation
5620;train
5621;train
5622;train
5623;validation
5624;train
5625;train
5626;train
5627;train
5628;test
5629;test
5630;train
5631;train
5632;train
5633;train
5634;train
5635;test
5636;validation
5637;train
5638;validation
5639;test
5640;train
5641;train
5642;train
5643;train
5644;test
5645;train
5646;train
5647;train
5648;test
5649;validation
5650;validation
5651;train
5652;train
5653;train
5654;train
5655;test
5656;train
5657;train
5658;train
5659;test
5660;test
5661;train
5662;train
5663;test
5664;test
5665;train
5666;test
5667;test
5668;validation
5669;train
5670;train
5671;train
5672;train
5673;train
5674;train
5675;test
5676;train
5677;train
5678;validation
5679;train
5680;train
5681;train
5682;train
5683;train
5684;validation
5685;train
5686;test
5687;train
5688;test
5689;validation
5690;train
5691;test
5692;train
5693;train
5694;train
5695;train
5696;train
5697;train
5698;test
5699;test
5700;test
5701;train
5702;train
5703;train
5704;test
5705;train
5706;train
5707;train
5708;train
5709;train
5710;test
5711;validation
5712;train
5713;test
5714;validation
5715;validation
5716;train
5717;validation
5718;train
5719;train
5720;train
5721;train
5722;train
5723;test
5724;train
5725;train
5726;test
5727;train
5728;train
5729;test
5730;test
5731;validation
5732;train
5733;train
5734;train
5735;train
5736;train
5737;test
5738;train
5739;train
5740;train
5741;test
5742;train
5743;validation
5744;train
5745;test
5746;test
5747;train
5748;train
5749;validation
5750;test
5751;validation
5752;validation
5753;validation
5754;train
5755;test
5756;train
5757;test
5758;test
5759;train
5760;train
5761;train
5762;validation
5763;train
5764;test
5765;train
5766;test
5767;train
5768;test
5769;train
5770;train
5771;test
5772;validation
5773;train
5774;validation
5775;test
5776;train
5777;train
5778;validation
5779;train
5780;train
5781;validation
5782;validation
5783;train
5784;validation
5785;train
5786;train
5787;train
5788;train
5789;validation
5790;test
5791;train
5792;validation
5793;test
5794;train
5795;train
5796;test
5797;train
5798;train
5799;train
5800;validation
5801;train
5802;train
5803;validation
5804;train
5805;train
5806;train
5807;train
5808;train
5809;train
5810;validation
5811;train
5812;train
5813;train
5814;train
5815;test
5816;train
5817;validation
5818;validation
5819;train
5820;train
5821;train
5822;train
5823;train
5824;test
5825;validation
5826;train
5827;train
5828;train
5829;train
5830;test
5831;validation
5832;train
5833;train
5834;train
5835;test
5836;train
5837;train
5838;train
5839;train
5840;train
5841;validation
5842;train
5843;test
5844;train
5845;test
5846;train
5847;validation
5848;train
5849;train
5850;validation
5851;train
5852;train
5853;train
5854;validation
5855;train
5856;train
5857;test
5858;train
5859;test
5860;train
5861;validation
5862;train
5863;train
5864;test
5865;train
5866;train
5867;train
5868;train
5869;train
5870;validation
5871;validation
5872;train
5873;test
5874;validation
5875;train
5876;validation
5877;train
5878;train
5879;train
5880;train
5881;train
5882;test
5883;train
5884;train
5885;train
5886;train
5887;train
5888;test
5889;train
5890;train
5891;test
5892;train
5893;train
5894;train
5895;train
5896;train
5897;train
5898;train
5899;train
5900;test
5901;train
5902;validation
5903;train
5904;train
5905;train
5906;train
5907;train
5908;test
5909;train
5910;train
5911;train
5912;train
5913;train
5914;train
5915;test
5916;test
5917;test
5918;train
5919;test
5920;train
5921;train
5922;validation
5923;train
5924;train
5925;train
5926;train
5927;train
5928;test
5929;train
5930;validation
5931;test
5932;train
5933;test
5934;test
5935;train
5936;train
5937;test
5938;train
5939;train
5940;train
5941;train
5942;train
5943;train
5944;train
5945;train
5946;train
5947;train
5948;train
5949;train
5950;train
5951;test
5952;validation
5953;test
5954;train
5955;test
5956;train
5957;validation
5958;test
5959;train
5960;validation
5961;validation
5962;test
5963;train
5964;validation
5965;train
5966;train
5967;test
5968;train
5969;train
5970;test
5971;train
5972;test
5973;train
5974;validation
5975;validation
5976;train
5977;test
5978;train
5979;validation
5980;train
5981;test
5982;train
5983;train
5984;train
5985;train
5986;train
5987;train
5988;validation
5989;train
5990;train
5991;train
5992;validation
5993;train
5994;train
5995;train
5996;train
5997;train
5998;validation
5999;validation
6000;train
6001;test
6002;train
6003;test
6004;test
6005;train
6006;train
6007;train
6008;test
6009;train
6010;test
6011;validation
6012;validation
6013;test
6014;train
6015;train
6016;train
6017;train
6018;train
6019;train
6020;train
6021;validation
6022;validation
6023;train
6024;test
6025;train
6026;train
6027;test
6028;train
6029;train
6030;train
6031;train
6032;validation
6033;validation
6034;train
6035;train
6036;train
6037;train
6038;train
6039;train
6040;train
6041;train
6042;train
6043;train
6044;train
6045;train
6046;train
6047;train
6048;train
6049;test
6050;test
6051;train
6052;train
6053;train
6054;validation
6055;validation
6056;train
6057;train
6058;train
6059;test
6060;train
6061;train
6062;train
6063;train
6064;test
6065;train
6066;test
6067;train
6068;train
6069;train
6070;train
6071;test
6072;test
6073;train
6074;train
6075;train
6076;train
6077;validation
6078;train
6079;train
6080;test
6081;test
6082;train
6083;test
6084;train
6085;train
6086;test
6087;train
6088;test
6089;train
6090;train
6091;test
6092;train
6093;validation
6094;validation
6095;train
6096;train
6097;train
6098;train
6099;train
6100;train
6101;validation
6102;validation
6103;train
6104;train
6105;train
6106;train
6107;train
6108;train
6109;test
6110;train
6111;train
6112;train
6113;test
6114;validation
6115;train
6116;train
6117;train
6118;train
6119;train
6120;train
6121;train
6122;validation
6123;train
6124;train
6125;train
6126;train
6127;train
6128;train
6129;train
6130;train
6131;train
6132;test
6133;train
6134;validation
6135;train
6136;train
6137;train
6138;train
6139;test
6140;train
6141;test
6142;validation
6143;train
6144;train
6145;test
6146;train
6147;train
6148;train
6149;train
6150;train
6151;train
6152;test
6153;test
6154;train
6155;train
6156;validation
6157;train
6158;validation
6159;train
6160;test
6161;train
6162;validation
6163;train
6164;train
6165;train
6166;train
6167;train
6168;validation
6169;validation
6170;train
6171;train
6172;train
6173;test
6174;train
6175;train
6176;train
6177;train
6178;test
6179;test
6180;train
6181;train
6182;test
6183;train
6184;train
6185;train
6186;validation
6187;train
6188;train
6189;train
6190;validation
6191;train
6192;train
6193;validation
6194;test
6195;train
6196;train
6197;validation
6198;train
6199;train
6200;train
6201;test
6202;train
6203;train
6204;train
6205;train
6206;train
6207;test
6208;train
6209;train
6210;train
6211;train
6212;train
6213;train
6214;train
6215;train
6216;train
6217;test
6218;train
6219;test
6220;train
6221;train
6222;train
6223;train
6224;validation
6225;train
6226;test
6227;test
6228;train
6229;train
6230;train
6231;train
6232;train
6233;train
6234;train
6235;train
6236;train
6237;train
6238;train
6239;train
6240;validation
6241;train
6242;train
6243;train
6244;test
6245;train
6246;train
6247;train
6248;train
6249;train
6250;train
6251;train
6252;train
6253;train
6254;train
6255;train
6256;train
6257;train
6258;train
6259;test
6260;train
6261;train
6262;train
6263;train
6264;validation
6265;test
6266;test
6267;train
6268;train
6269;test
6270;train
6271;test
6272;train
6273;train
6274;train
6275;test
6276;test
6277;train
6278;train
6279;validation
6280;validation
6281;train
6282;train
6283;train
6284;train
6285;train
6286;test
6287;train
6288;train
6289;validation
6290;validation
6291;train
6292;train
6293;train
6294;train
6295;train
6296;train
6297;train
6298;train
6299;train
6300;train
6301;train
6302;train
6303;test
6304;validation
6305;train
6306;train
6307;train
6308;test
6309;train
6310;train
6311;validation
6312;train
6313;train
6314;train
6315;train
6316;test
6317;validation
6318;test
6319;train
6320;train
6321;train
6322;test
6323;train
6324;train
6325;train
6326;validation
6327;train
6328;train
6329;validation
6330;train
6331;train
6332;train
6333;validation
6334;train
6335;train
6336;train
6337;test
6338;train
6339;validation
6340;train
6341;test
6342;validation
6343;train
6344;train
6345;train
6346;validation
6347;test
6348;train
6349;train
6350;test
6351;train
6352;train
6353;validation
6354;train
6355;validation
6356;train
6357;train
6358;test
6359;validation
6360;train
6361;train
6362;train
6363;train
6364;train
6365;train
6366;train
6367;train
6368;train
6369;train
6370;train
6371;validation
6372;train
6373;train
6374;train
6375;train
6376;train
6377;train
6378;test
6379;validation
6380;train
6381;train
6382;train
6383;train
6384;train
6385;validation
6386;train
6387;validation
6388;validation
6389;train
6390;train
6391;train
6392;train
6393;train
6394;train
6395;validation
6396;train
6397;train
6398;train
6399;train
6400;train
6401;test
6402;train
6403;train
6404;train
6405;validation
6406;train
6407;train
6408;train
6409;test
6410;test
6411;train
6412;train
6413;train
6414;validation
6415;train
6416;train
6417;validation
6418;train
6419;train
6420;train
6421;train
6422;train
6423;train
6424;train
6425;train
6426;test
6427;train
6428;validation
6429;train
6430;train
6431;train
6432;train
6433;train
6434;train
6435;train
6436;train
6437;train
6438;train
6439;train
6440;test
6441;train
6442;train
6443;test
6444;train
6445;test
6446;train
6447;train
6448;train
6449;train
6450;test
6451;train
6452;train
6453;validation
6454;test
6455;train
6456;train
6457;train
6458;test
6459;train
6460;train
6461;train
6462;test
6463;train
6464;train
6465;validation
6466;train
6467;train
6468;train
6469;train
6470;train
6471;train
6472;train
6473;train
6474;validation
6475;train
6476;train
6477;train
6478;train
6479;train
6480;train
6481;train
6482;train
6483;train
6484;train
6485;test
6486;test
6487;validation
6488;train
6489;train
6490;train
6491;train
6492;train
6493;train
6494;test
6495;test
6496;train
6497;train
6498;train
6499;train
6500;validation
6501;train
6502;train
6503;test
6504;train
6505;train
6506;train
6507;validation
6508;validation
6509;train
6510;train
6511;train
6512;train
6513;train
6514;train
6515;train
6516;validation
6517;train
6518;train
6519;train
6520;validation
6521;validation
6522;test
6523;train
6524;train
6525;train
6526;train
6527;train
6528;train
6529;train
6530;train
6531;train
6532;train
6533;train
6534;train
6535;validation
6536;validation
6537;train
6538;train
6539;train
6540;train
6541;train
6542;train
6543;train
6544;train
6545;validation
6546;train
6547;train
6548;train
6549;train
6550;validation
6551;test
6552;train
6553;train
6554;train
6555;validation
6556;validation
6557;test
6558;train
6559;train
6560;test
6561;train
6562;test
6563;validation
6564;validation
6565;train
6566;validation
6567;train
6568;train
6569;train
6570;test
6571;train
6572;validation
6573;train
6574;validation
6575;train
6576;train
6577;train
6578;train
6579;train
6580;train
6581;train
6582;train
6583;validation
6584;train
6585;train
6586;train
6587;train
6588;train
6589;test
6590;validation
6591;train
6592;train
6593;train
6594;test
6595;train
6596;train
6597;train
6598;train
6599;validation
6600;train
6601;train
6602;train
6603;train
6604;test
6605;train
6606;train
6607;train
6608;train
6609;test
6610;train
6611;validation
6612;train
6613;train
6614;train
6615;train
6616;train
6617;train
6618;train
6619;train
6620;train
6621;train
6622;train
6623;train
6624;test
6625;validation
6626;train
6627;train
6628;train
6629;train
6630;train
6631;train
6632;train
6633;train
6634;train
6635;validation
6636;train
6637;validation
6638;train
6639;train
6640;train
6641;train
6642;train
6643;validation
6644;train
6645;test
6646;test
6647;train
6648;validation
6649;validation
6650;train
6651;train
6652;train
6653;train
6654;train
6655;test
6656;train
6657;train
6658;validation
6659;train
6660;train
6661;test
6662;train
6663;validation
6664;train
6665;train
6666;validation
6667;test
6668;validation
6669;validation
6670;train
6671;train
6672;test
6673;test
6674;validation
6675;validation
6676;train
6677;validation
6678;train
6679;validation
6680;train
6681;train
6682;train
6683;train
6684;train
6685;train
6686;validation
6687;train
6688;train
6689;train
6690;train
6691;train
6692;train
6693;train
6694;test
6695;train
6696;train
6697;train
6698;train
6699;validation
6700;train
6701;train
6702;train
6703;train
6704;train
6705;train
6706;train
6707;train
6708;train
6709;test
6710;train
6711;test
6712;train
6713;validation
6714;train
6715;train
6716;train
6717;train
6718;train
6719;validation
6720;validation
6721;train
6722;train
6723;test
6724;train
6725;train
6726;train
6727;train
6728;train
6729;train
6730;test
6731;train
6732;train
6733;test
6734;train
6735;train
6736;train
6737;train
6738;train
6739;train
6740;validation
6741;test
6742;train
6743;train
6744;train
6745;train
6746;train
6747;validation
6748;train
6749;test
6750;train
6751;train
6752;train
6753;train
6754;test
6755;test
6756;train
6757;train
6758;train
6759;train
6760;test
6761;train
6762;train
6763;validation
6764;train
6765;test
6766;train
6767;test
6768;train
6769;validation
6770;validation
6771;train
6772;test
6773;test
6774;train
6775;train
6776;train
6777;validation
6778;train
6779;train
6780;test
6781;train
6782;train
6783;validation
6784;train
6785;train
6786;train
6787;train
6788;train
6789;test
6790;validation
6791;test
6792;train
6793;validation
6794;train
6795;train
6796;train
6797;train
6798;train
6799;validation
6800;train
6801;train
6802;train
6803;train
6804;train
6805;train
6806;train
6807;validation
6808;train
6809;train
6810;train
6811;train
6812;test
6813;train
6814;train
6815;train
6816;test
6817;train
6818;test
6819;validation
6820;train
6821;train
6822;train
6823;train
6824;validation
6825;train
6826;train
6827;train
6828;train
6829;train
6830;train
6831;validation
6832;train
6833;train
6834;train
6835;train
6836;train
6837;train
6838;test
6839;test
6840;validation
6841;train
6842;validation
6843;train
6844;test
6845;validation
6846;test
6847;validation
6848;train
6849;train
6850;train
6851;train
6852;train
6853;validation
6854;train
6855;train
6856;validation
6857;validation
6858;train
6859;train
6860;train
6861;train
6862;train
6863;train
6864;train
6865;train
6866;train
6867;train
6868;validation
6869;validation
6870;train
6871;validation
6872;train
6873;train
6874;validation
6875;train
6876;train
6877;train
6878;train
6879;train
6880;train
6881;train
6882;train
6883;train
6884;test
6885;train
6886;test
6887;train
6888;train
6889;test
6890;train
6891;train
6892;train
6893;train
6894;test
6895;train
6896;train
6897;test
6898;train
6899;validation
6900;validation
6901;train
6902;train
6903;train
6904;train
6905;validation
6906;train
6907;train
6908;test
6909;train
6910;train
6911;train
6912;train
6913;validation
6914;validation
6915;train
6916;train
6917;train
6918;train
6919;train
6920;test
6921;train
6922;train
6923;test
6924;train
6925;test
6926;test
6927;train
6928;train
6929;train
6930;train
6931;test
6932;train
6933;train
6934;train
6935;test
6936;test
6937;train
6938;train
6939;train
6940;train
6941;train
6942;validation
6943;test
6944;train
6945;train
6946;train
6947;train
6948;test
6949;train
6950;train
6951;train
6952;train
6953;test
6954;validation
6955;train
6956;validation
6957;test
6958;train
6959;test
6960;train
6961;train
6962;train
6963;train
6964;train
6965;train
6966;train
6967;train
6968;train
6969;train
6970;test
6971;train
6972;train
6973;test
6974;test
6975;validation
6976;train
6977;train
6978;validation
6979;validation
6980;validation
6981;train
6982;train
6983;train
6984;test
6985;train
6986;train
6987;train
6988;train
6989;train
6990;validation
6991;validation
6992;test
6993;validation
6994;test
6995;train
6996;train
6997;validation
6998;train
6999;validation
7000;validation
7001;train
7002;validation
7003;test
7004;test
7005;train
7006;train
7007;validation
7008;train
7009;validation
7010;train
7011;train
7012;train
7013;train
7014;train
7015;validation
7016;train
7017;train
7018;train
7019;train
7020;train
7021;train
7022;train
7023;train
7024;train
7025;validation
7026;train
7027;train
7028;test
7029;train
7030;train
7031;train
7032;test
7033;train
7034;validation
7035;train
7036;train
7037;validation
7038;train
7039;train
7040;train
7041;train
7042;validation
7043;train
7044;train
7045;train
7046;validation
7047;test
7048;train
7049;train
7050;validation
7051;train
7052;test
7053;train
7054;test
7055;train
7056;train
7057;train
7058;train
7059;test
7060;train
7061;test
7062;test
7063;validation
7064;test
7065;validation
7066;train
7067;train
7068;validation
7069;test
7070;train
7071;test
7072;validation
7073;train
7074;train
7075;train
7076;train
7077;train
7078;train
7079;test
7080;train
7081;train
7082;train
7083;validation
7084;train
7085;test
7086;train
7087;train
7088;train
7089;train
7090;train
7091;validation
7092;train
7093;train
7094;train
7095;train
7096;train
7097;train
7098;train
7099;train
7100;validation
7101;train
7102;train
7103;train
7104;test
7105;test
7106;validation
7107;train
7108;train
7109;train
7110;train
7111;train
7112;validation
7113;train
7114;train
7115;train
7116;train
7117;train
7118;train
7119;train
7120;train
7121;test
7122;train
7123;train
7124;train
7125;train
7126;validation
7127;train
7128;train
7129;train
7130;train
7131;train
7132;train
7133;train
7134;test
7135;validation
7136;test
7137;train
7138;train
7139;train
7140;train
7141;test
7142;train
7143;train
7144;train
7145;train
7146;train
7147;train
7148;train
7149;train
7150;validation
7151;validation
7152;train
7153;train
7154;test
7155;validation
7156;train
7157;train
7158;train
7159;train
7160;train
7161;train
7162;test
7163;validation
7164;train
7165;train
7166;train
7167;validation
7168;train
7169;train
7170;train
7171;validation
7172;train
7173;train
7174;test
7175;train
7176;train
7177;test
7178;train
7179;train
7180;train
7181;train
7182;test
7183;train
7184;test
7185;test
7186;train
7187;train
7188;train
7189;train
7190;train
7191;train
7192;train
7193;validation
7194;validation
7195;validation
7196;test
7197;train
7198;test
7199;validation
7200;validation
7201;train
7202;train
7203;test
7204;train
7205;train
7206;validation
7207;train
7208;train
7209;validation
7210;train
7211;validation
7212;validation
7213;train
7214;train
7215;train
7216;test
7217;train
7218;train
7219;validation
7220;validation
7221;train
7222;validation
7223;test
7224;train
7225;test
7226;train
7227;train
7228;train
7229;train
7230;test
7231;train
7232;train
7233;train
7234;train
7235;train
7236;train
7237;validation
7238;train
7239;train
7240;train
7241;validation
7242;train
7243;train
7244;train
7245;test
7246;train
7247;train
7248;test
7249;train
7250;train
7251;validation
7252;test
7253;train
7254;train
7255;train
7256;train
7257;train
7258;train
7259;train
7260;train
7261;train
7262;train
7263;train
7264;train
7265;train
7266;train
7267;validation
7268;test
7269;train
7270;validation
7271;train
7272;validation
7273;train
7274;train
7275;test
7276;test
7277;train
7278;validation
7279;train
7280;test
7281;test
7282;train
7283;test
7284;train
7285;test
7286;train
7287;train
7288;train
7289;train
7290;test
7291;train
7292;train
7293;train
7294;train
7295;train
7296;train
7297;test
7298;train
7299;validation
7300;test
7301;validation
7302;train
7303;train
7304;test
7305;train
7306;train
7307;train
7308;train
7309;train
7310;train
7311;train
7312;train
7313;train
7314;train
7315;train
7316;train
7317;validation
7318;train
7319;train
7320;train
7321;train
7322;train
7323;test
7324;train
7325;train
7326;test
7327;train
7328;train
7329;train
7330;train
7331;train
7332;validation
7333;train
7334;test
7335;train
7336;validation
7337;test
7338;train
7339;train
7340;train
7341;train
7342;validation
7343;train
7344;train
7345;validation
7346;train
7347;test
7348;test
7349;train
7350;train
7351;train
7352;train
7353;validation
7354;train
7355;train
7356;train
7357;train
7358;train
7359;train
7360;train
7361;train
7362;train
7363;train
7364;train
7365;test
7366;train
7367;test
7368;train
7369;train
7370;test
7371;train
7372;train
7373;train
7374;train
7375;validation
7376;train
7377;validation
7378;train
7379;train
7380;train
7381;validation
7382;train
7383;test
7384;train
7385;test
7386;train
7387;train
7388;validation
7389;validation
7390;test
7391;train
7392;train
7393;train
7394;train
7395;train
7396;train
7397;train
7398;train
7399;validation
7400;train
7401;train
7402;train
7403;train
7404;train
7405;train
7406;train
7407;train
7408;test
7409;train
7410;validation
7411;test
7412;train
7413;train
7414;train
7415;test
7416;validation
7417;train
7418;train
7419;train
7420;train
7421;train
7422;train
7423;train
7424;train
7425;train
7426;train
7427;train
7428;validation
7429;train
7430;train
7431;train
7432;test
7433;validation
7434;train
7435;test
7436;validation
7437;train
7438;train
7439;train
7440;train
7441;train
7442;test
7443;train
7444;train
7445;train
7446;test
7447;train
7448;train
7449;train
7450;validation
7451;validation
7452;test
7453;train
7454;train
7455;validation
7456;train
7457;train
7458;test
7459;validation
7460;test
7461;train
7462;validation
7463;train
7464;test
7465;train
7466;train
7467;test
7468;validation
7469;validation
7470;train
7471;train
7472;test
7473;train
7474;train
7475;train
7476;train
7477;train
7478;train
7479;train
7480;train
7481;validation
7482;train
7483;train
7484;train
7485;validation
7486;train
7487;train
7488;train
7489;train
7490;train
7491;test
7492;validation
7493;train
7494;test
7495;train
7496;train
7497;train
7498;validation
7499;train
7500;validation
7501;train
7502;train
7503;train
7504;train
7505;train
7506;train
7507;train
7508;test
7509;validation
7510;test
7511;test
7512;train
7513;train
7514;train
7515;train
7516;validation
7517;test
7518;train
7519;train
7520;validation
7521;test
7522;train
7523;train
7524;test
7525;test
7526;validation
7527;train
7528;validation
7529;train
7530;train
7531;train
7532;train
7533;train
7534;train
7535;train
7536;train
7537;train
7538;test
7539;test
7540;validation
7541;train
7542;test
7543;train
7544;test
7545;train
7546;train
7547;train
7548;train
7549;train
7550;train
7551;validation
7552;validation
7553;train
7554;train
7555;train
7556;validation
7557;train
7558;train
7559;train
7560;train
7561;test
7562;test
7563;train
7564;train
7565;test
7566;train
7567;train
7568;train
7569;train
7570;train
7571;validation
7572;train
7573;train
7574;train
7575;train
7576;train
7577;train
7578;train
7579;validation
7580;train
7581;test
7582;train
7583;test
7584;train
7585;train
7586;test
7587;train
7588;validation
7589;train
7590;train
7591;test
7592;train
7593;train
7594;train
7595;train
7596;validation
7597;train
7598;train
7599;train
7600;validation
7601;validation
7602;validation
7603;train
7604;validation
7605;test
7606;train
7607;validation
7608;train
7609;train
7610;train
7611;train
7612;validation
7613;train
7614;validation
7615;train
7616;test
7617;test
7618;train
7619;validation
7620;train
7621;train
7622;train
7623;train
7624;train
7625;validation
7626;train
7627;train
7628;test
7629;train
7630;validation
7631;train
7632;validation
7633;train
7634;test
7635;test
7636;test
7637;train
7638;train
7639;train
7640;train
7641;train
7642;train
7643;test
7644;train
7645;train
7646;train
7647;train
7648;train
7649;train
7650;train
7651;test
7652;train
7653;test
7654;train
7655;validation
7656;validation
7657;train
7658;validation
7659;train
7660;train
7661;validation
7662;train
7663;train
7664;train
7665;train
7666;train
7667;train
7668;train
7669;validation
7670;test
7671;train
7672;test
7673;validation
7674;validation
7675;train
7676;train
7677;train
7678;train
7679;train
7680;train
7681;train
7682;train
7683;validation
7684;train
7685;validation
7686;train
7687;test
7688;train
7689;validation
7690;train
7691;validation
7692;validation
7693;train
7694;train
7695;train
7696;train
7697;validation
7698;validation
7699;train
7700;train
7701;validation
7702;test
7703;train
7704;train
7705;train
7706;train
7707;train
7708;train
7709;train
7710;train
7711;train
7712;train
7713;train
7714;train
7715;train
7716;train
7717;test
7718;train
7719;train
7720;train
7721;train
7722;train
7723;train
7724;validation
7725;train
7726;test
7727;train
7728;test
7729;train
7730;test
7731;validation
7732;validation
7733;validation
7734;validation
7735;test
7736;train
7737;train
7738;train
7739;train
7740;test
7741;train
7742;train
7743;train
7744;train
7745;train
7746;train
7747;train
7748;train
7749;train
7750;train
7751;validation
7752;train
7753;train
7754;train
7755;train
7756;train
7757;train
7758;train
7759;train
7760;train
7761;train
7762;test
7763;validation
7764;validation
7765;test
7766;train
7767;train
7768;validation
7769;train
7770;train
7771;validation
7772;train
7773;test
7774;train
7775;validation
7776;train
7777;train
7778;train
7779;train
7780;train
7781;train
7782;train
7783;train
7784;train
7785;validation
7786;train
7787;train
7788;train
7789;train
7790;train
7791;test
7792;train
7793;train
7794;train
7795;train
7796;train
7797;train
7798;train
7799;train
7800;validation
7801;train
7802;train
7803;train
7804;validation
7805;train
7806;train
7807;validation
7808;train
7809;train
7810;validation
7811;train
7812;train
7813;train
7814;train
7815;train
7816;train
7817;train
7818;validation
7819;train
7820;validation
7821;train
7822;train
7823;train
7824;train
7825;train
7826;train
7827;train
7828;train
7829;train
7830;train
7831;train
7832;train
7833;train
7834;train
7835;train
7836;train
7837;train
7838;train
7839;train
7840;train
7841;train
7842;train
7843;train
7844;train
7845;validation
7846;validation
7847;train
7848;train
7849;test
7850;train
7851;train
7852;train
7853;validation
7854;train
7855;train
7856;train
7857;train
7858;validation
7859;train
7860;test
7861;train
7862;train
7863;train
7864;train
7865;train
7866;train
7867;validation
7868;validation
7869;train
7870;train
7871;train
7872;train
7873;train
7874;train
7875;train
7876;train
7877;validation
7878;train
7879;test
7880;train
7881;validation
7882;validation
7883;train
7884;train
7885;train
7886;test
7887;train
7888;train
7889;train
7890;test
7891;validation
7892;train
7893;train
7894;validation
7895;train
7896;train
7897;train
7898;train
7899;train
7900;train
7901;train
7902;train
7903;train
7904;train
7905;train
7906;test
7907;train
7908;test
7909;train
7910;train
7911;train
7912;train
7913;train
7914;train
7915;train
7916;train
7917;train
7918;test
7919;train
7920;train
7921;train
7922;train
7923;validation
7924;train
7925;train
7926;train
7927;validation
7928;train
7929;train
7930;train
7931;train
7932;train
7933;test
7934;train
7935;train
7936;train
7937;train
7938;validation
7939;test
7940;train
7941;train
7942;test
7943;validation
7944;train
7945;train
7946;train
7947;test
7948;train
7949;train
7950;train
7951;test
7952;train
7953;validation
7954;train
7955;train
7956;validation
7957;train
7958;validation
7959;train
7960;test
7961;test
7962;train
7963;train
7964;train
7965;train
7966;train
7967;train
7968;train
7969;train
7970;train
7971;train
7972;train
7973;train
7974;train
7975;train
7976;train
7977;train
7978;test
7979;train
7980;train
7981;train
7982;train
7983;train
7984;train
7985;train
7986;test
7987;train
7988;test
7989;test
7990;train
7991;train
7992;train
7993;train
7994;train
7995;train
7996;train
7997;train
7998;validation
7999;train
8000;train
8001;train
8002;train
8003;train
8004;train
8005;train
8006;validation
8007;train
8008;test
8009;train
8010;validation
8011;train
8012;train
8013;validation
8014;train
8015;train
8016;train
8017;test
8018;train
8019;validation
8020;train
8021;train
8022;validation
8023;train
8024;train
8025;train
8026;test
8027;validation
8028;train
8029;test
8030;test
8031;train
8032;train
8033;train
8034;train
8035;train
8036;validation
8037;train
8038;train
8039;train
8040;test
8041;validation
8042;train
8043;train
8044;train
8045;train
8046;train
8047;train
8048;test
8049;train
8050;test
8051;test
8052;train
8053;train
8054;train
8055;train
8056;train
8057;validation
8058;test
8059;train
8060;train
8061;train
8062;train
8063;test
8064;train
8065;train
8066;test
8067;validation
8068;train
8069;train
8070;train
8071;train
8072;train
8073;train
8074;train
8075;train
8076;train
8077;train
8078;train
8079;train
8080;train
8081;train
8082;train
8083;train
8084;test
8085;train
8086;train
8087;test
8088;train
8089;train
8090;train
8091;test
8092;validation
8093;train
8094;train
8095;train
8096;train
8097;test
8098;test
8099;train
8100;validation
8101;test
8102;test
8103;test
8104;train
8105;test
8106;train
8107;validation
8108;train
8109;train
8110;validation
8111;test
8112;train
8113;train
8114;train
8115;test
8116;train
8117;train
8118;train
8119;train
8120;validation
8121;validation
8122;test
8123;test
8124;test
8125;train
8126;train
8127;train
8128;train
8129;train
8130;test
8131;train
8132;validation
8133;train
8134;train
8135;train
8136;validation
8137;train
8138;train
8139;train
8140;train
8141;train
8142;train
8143;train
8144;train
8145;train
8146;train
8147;train
8148;train
8149;test
8150;train
8151;train
8152;train
8153;test
8154;train
8155;train
8156;train
8157;train
8158;train
8159;train
8160;test
8161;train
8162;validation
8163;validation
8164;train
8165;train
8166;validation
8167;test
8168;train
8169;train
8170;train
8171;train
8172;train
8173;train
8174;train
8175;train
8176;train
8177;train
8178;train
8179;train
8180;train
8181;train
8182;train
8183;train
8184;train
8185;train
8186;test
8187;test
8188;train
8189;train
8190;train
8191;train
8192;validation
8193;train
8194;train
8195;train
8196;train
8197;train
8198;validation
8199;test
8200;validation
8201;test
8202;train
8203;test
8204;train
8205;train
8206;train
8207;train
8208;train
8209;train
8210;validation
8211;test
8212;train
8213;train
8214;test
8215;train
8216;train
8217;validation
8218;train
8219;test
8220;train
8221;validation
8222;train
8223;train
8224;train
8225;test
8226;validation
8227;validation
8228;test
8229;train
8230;test
8231;train
8232;validation
8233;test
8234;test
8235;train
8236;train
8237;train
8238;validation
8239;train
8240;train
8241;train
8242;train
8243;train
8244;train
8245;train
8246;train
8247;train
8248;train
8249;test
8250;train
8251;train
8252;train
8253;train
8254;train
8255;train
8256;test
8257;test
8258;validation
8259;train
8260;train
8261;test
8262;train
8263;validation
8264;validation
8265;validation
8266;test
8267;train
8268;train
8269;validation
8270;train
8271;train
8272;train
8273;train
8274;validation
8275;train
8276;train
8277;validation
8278;train
8279;validation
8280;train
8281;validation
8282;train
8283;train
8284;train
8285;train
8286;train
8287;train
8288;validation
8289;train
8290;validation
8291;validation
8292;train
8293;train
8294;train
8295;train
8296;test
8297;test
8298;train
8299;train
8300;test
8301;train
8302;train
8303;train
8304;train
8305;train
8306;train
8307;train
8308;validation
8309;train
8310;train
8311;train
8312;train
8313;train
8314;train
8315;train
8316;train
8317;train
8318;train
8319;train
8320;test
8321;train
8322;train
8323;train
8324;train
8325;validation
8326;test
8327;train
8328;train
8329;train
8330;train
8331;train
8332;train
8333;validation
8334;train
8335;test
8336;test
8337;train
8338;test
8339;train
8340;test
8341;train
8342;validation
8343;train
8344;train
8345;test
8346;train
8347;train
8348;train
8349;test
8350;train
8351;train
8352;train
8353;train
8354;train
8355;test
8356;train
8357;train
8358;train
8359;test
8360;train
8361;test
8362;train
8363;train
8364;test
8365;train
8366;train
8367;validation
8368;train
8369;train
8370;train
8371;validation
8372;train
8373;train
8374;train
8375;test
8376;test
8377;train
8378;train
8379;validation
8380;test
8381;test
8382;train
8383;train
8384;train
8385;train
8386;train
8387;train
8388;train
8389;test
8390;train
8391;train
8392;validation
8393;train
8394;test
8395;train
8396;train
8397;validation
8398;train
8399;test
8400;train
8401;train
8402;train
8403;test
8404;train
8405;train
8406;train
8407;train
8408;train
8409;train
8410;train
8411;train
8412;train
8413;train
8414;train
8415;train
8416;train
8417;train
8418;train
8419;train
8420;validation
8421;train
8422;test
8423;train
8424;validation
8425;validation
8426;train
8427;train
8428;train
8429;validation
8430;train
8431;train
8432;validation
8433;validation
8434;train
8435;train
8436;test
8437;train
8438;validation
8439;test
8440;validation
8441;train
8442;train
8443;train
8444;train
8445;train
8446;train
8447;train
8448;test
8449;train
8450;test
8451;train
8452;test
8453;train
8454;test
8455;train
8456;test
8457;train
8458;train
8459;train
8460;train
8461;validation
8462;train
8463;train
8464;train
8465;train
8466;train
8467;train
8468;train
8469;train
8470;validation
8471;train
8472;validation
8473;train
8474;train
8475;train
8476;test
8477;train
8478;validation
8479;test
8480;train
8481;test
8482;train
8483;train
8484;train
8485;train
8486;train
8487;train
8488;train
8489;train
8490;train
8491;test
8492;train
8493;validation
8494;validation
8495;train
8496;train
8497;train
8498;test
8499;train
8500;train
8501;train
8502;train
8503;train
8504;train
8505;train
8506;train
8507;validation
8508;train
8509;validation
8510;train
8511;train
8512;train
8513;train
8514;train
8515;train
8516;train
8517;test
8518;validation
8519;test
8520;train
8521;train
8522;train
8523;validation
8524;train
8525;train
8526;validation
8527;train
8528;train
8529;train
8530;train
8531;train
8532;train
8533;test
8534;test
8535;validation
8536;validation
8537;train
8538;train
8539;train
8540;validation
8541;test
8542;train
8543;validation
8544;test
8545;train
8546;train
8547;test
8548;train
8549;train
8550;train
8551;train
8552;train
8553;test
8554;train
8555;train
8556;train
8557;train
8558;train
8559;train
8560;train
8561;train
8562;train
8563;train
8564;validation
8565;train
8566;train
8567;train
8568;train
8569;train
8570;train
8571;train
8572;train
8573;train
8574;train
8575;train
8576;validation
8577;train
8578;train
8579;train
8580;train
8581;train
8582;train
8583;train
8584;train
8585;train
8586;validation
8587;test
8588;train
8589;train
8590;validation
8591;train
8592;validation
8593;test
8594;validation
8595;train
8596;train
8597;train
8598;train
8599;train
8600;train
8601;validation
8602;train
8603;train
8604;train
8605;train
8606;train
8607;validation
8608;train
8609;train
8610;train
8611;validation
8612;test
8613;train
8614;train
8615;train
8616;validation
8617;validation
8618;train
8619;test
8620;train
8621;train
8622;train
8623;train
8624;test
8625;train
8626;train
8627;train
8628;test
8629;train
8630;train
8631;validation
8632;validation
8633;train
8634;train
8635;train
8636;train
8637;train
8638;test
8639;train
8640;train
8641;train
8642;train
8643;train
8644;train
8645;train
8646;train
8647;train
8648;train
8649;train
8650;train
8651;train
8652;train
8653;validation
8654;validation
8655;train
8656;train
8657;test
8658;train
8659;train
8660;train
8661;train
8662;train
8663;train
8664;test
8665;train
8666;train
8667;train
8668;train
8669;train
8670;test
8671;train
8672;validation
8673;train
8674;train
8675;train
8676;train
8677;test
8678;validation
8679;train
8680;train
8681;train
8682;train
8683;test
8684;train
8685;test
8686;validation
8687;validation
8688;train
8689;train
8690;train
8691;train
8692;train
8693;train
8694;train
8695;train
8696;train
8697;train
8698;validation
8699;train
8700;test
8701;validation
8702;train
8703;test
8704;test
8705;test
8706;train
8707;train
8708;train
8709;train
8710;validation
8711;train
8712;train
8713;validation
8714;validation
8715;validation
8716;validation
8717;train
8718;train
8719;test
8720;test
8721;validation
8722;test
8723;train
8724;validation
8725;train
8726;train
8727;train
8728;train
8729;train
8730;validation
8731;test
8732;test
8733;train
8734;test
8735;train
8736;train
8737;train
8738;train
8739;train
8740;train
8741;train
8742;train
8743;train
8744;test
8745;train
8746;train
8747;validation
8748;train
8749;train
8750;train
8751;train
8752;train
8753;test
8754;train
8755;train
8756;train
8757;train
8758;validation
8759;train
8760;train
8761;train
8762;train
8763;train
8764;train
8765;validation
8766;train
8767;train
8768;train
8769;train
8770;train
8771;train
8772;train
8773;train
8774;test
8775;train
8776;train
8777;test
8778;train
8779;test
8780;train
8781;train
8782;train
8783;train
8784;test
8785;train
8786;train
8787;validation
8788;test
8789;train
8790;train
8791;train
8792;train
8793;train
8794;train
8795;train
8796;train
8797;train
8798;test
8799;train
8800;test
8801;validation
8802;train
8803;train
8804;train
8805;test
8806;validation
8807;train
8808;validation
8809;train
8810;train
8811;train
8812;train
8813;test
8814;train
8815;train
8816;test
8817;train
8818;validation
8819;validation
8820;train
8821;validation
8822;validation
8823;validation
8824;test
8825;test
8826;train
8827;train
8828;train
8829;test
8830;train
8831;train
8832;train
8833;test
8834;train
8835;train
8836;train
8837;test
8838;train
8839;test
8840;train
8841;train
8842;train
8843;train
8844;train
8845;train
8846;validation
8847;train
8848;validation
8849;train
8850;train
8851;train
8852;train
8853;test
8854;train
8855;train
8856;test
8857;validation
8858;train
8859;test
8860;train
8861;test
8862;test
8863;train
8864;train
8865;train
8866;train
8867;train
8868;validation
8869;train
8870;validation
8871;train
8872;train
8873;train
8874;train
8875;train
8876;train
8877;train
8878;test
8879;train
8880;train
8881;train
8882;train
8883;train
8884;train
8885;test
8886;train
8887;test
8888;train
8889;test
8890;train
8891;train
8892;train
8893;test
8894;train
8895;train
8896;train
8897;test
8898;validation
8899;train
8900;train
8901;train
8902;test
8903;train
8904;train
8905;train
8906;test
8907;validation
8908;train
8909;train
8910;train
8911;train
8912;train
8913;test
8914;test
8915;train
8916;train
8917;train
8918;train
8919;train
8920;validation
8921;train
8922;train
8923;validation
8924;train
8925;train
8926;train
8927;train
8928;train
8929;validation
8930;train
8931;test
8932;test
8933;train
8934;train
8935;train
8936;validation
8937;train
8938;train
8939;train
8940;train
8941;train
8942;validation
8943;train
8944;train
8945;train
8946;train
8947;train
8948;test
8949;train
8950;train
8951;train
8952;train
8953;train
8954;train
8955;train
8956;train
8957;train
8958;validation
8959;train
8960;train
8961;train
8962;train
8963;validation
8964;train
8965;train
8966;test
8967;train
8968;validation
8969;train
8970;train
8971;train
8972;train
8973;train
8974;validation
8975;train
8976;train
8977;validation
8978;test
8979;test
8980;validation
8981;validation
8982;train
8983;train
8984;train
8985;train
8986;train
8987;train
8988;train
8989;train
8990;train
8991;test
8992;train
8993;validation
8994;train
8995;validation
8996;train
8997;train
8998;train
8999;train
9000;validation
9001;train
9002;train
9003;test
9004;validation
9005;test
9006;train
9007;train
9008;train
9009;train
9010;validation
9011;validation
9012;train
9013;train
9014;train
9015;test
9016;test
9017;validation
9018;validation
9019;validation
9020;train
9021;train
9022;train
9023;train
9024;train
9025;train
9026;train
9027;train
9028;train
9029;train
9030;train
9031;train
9032;train
9033;test
9034;validation
9035;train
9036;train
9037;test
9038;test
9039;train
9040;validation
9041;train
9042;train
9043;train
9044;train
9045;test
9046;train
9047;test
9048;train
9049;validation
9050;test
9051;train
9052;train
9053;train
9054;validation
9055;train
9056;train
9057;train
9058;train
9059;train
9060;train
9061;train
9062;train
9063;train
9064;train
9065;train
9066;train
9067;test
9068;train
9069;train
9070;validation
9071;train
9072;test
9073;train
9074;train
9075;train
9076;train
9077;train
9078;train
9079;train
9080;validation
9081;train
9082;validation
9083;validation
9084;train
9085;train
9086;train
9087;test
9088;validation
9089;test
9090;train
9091;test
9092;validation
9093;validation
9094;train
9095;test
9096;train
9097;train
9098;train
9099;train
9100;train
9101;train
9102;validation
9103;test
9104;train
9105;test
9106;train
9107;validation
9108;train
9109;test
9110;test
9111;train
9112;validation
9113;test
9114;train
9115;train
9116;train
9117;train
9118;test
9119;train
9120;train
9121;test
9122;train
9123;train
9124;train
9125;train
9126;train
9127;train
9128;train
9129;train
9130;train
9131;train
9132;train
9133;train
9134;train
9135;train
9136;train
9137;train
9138;test
9139;train
9140;train
9141;train
9142;train
9143;train
9144;train
9145;validation
9146;train
9147;train
9148;test
9149;validation
9150;train
9151;train
9152;train
9153;train
9154;train
9155;validation
9156;train
9157;validation
9158;validation
9159;train
9160;train
9161;train
9162;test
9163;train
9164;train
9165;train
9166;train
9167;test
9168;train
9169;train
9170;train
9171;train
9172;test
9173;train
9174;train
9175;validation
9176;train
9177;train
9178;train
9179;test
9180;train
9181;train
9182;train
9183;train
9184;test
9185;train
9186;train
9187;train
9188;train
9189;train
9190;train
9191;train
9192;train
9193;train
9194;train
9195;train
9196;test
9197;validation
9198;validation
9199;train
9200;train
9201;train
9202;train
9203;train
9204;train
9205;train
9206;train
9207;test
9208;train
9209;train
9210;train
9211;test
9212;test
9213;train
9214;train
9215;train
9216;train
9217;train
9218;validation
9219;train
9220;train
9221;train
9222;train
9223;train
9224;train
9225;train
9226;train
9227;train
9228;validation
9229;train
9230;test
9231;validation
9232;train
9233;test
9234;validation
9235;train
9236;train
9237;train
9238;train
9239;train
9240;validation
9241;train
9242;train
9243;train
9244;train
9245;train
9246;train
9247;train
9248;test
9249;train
9250;test
9251;train
9252;train
9253;train
9254;test
9255;validation
9256;train
9257;train
9258;validation
9259;train
9260;train
9261;train
9262;train
9263;train
9264;train
9265;train
9266;train
9267;train
9268;validation
9269;train
9270;train
9271;train
9272;test
9273;train
9274;train
9275;train
9276;train
9277;train
9278;train
9279;train
9280;train
9281;train
9282;train
9283;train
9284;train
9285;validation
9286;train
9287;train
9288;train
9289;train
9290;train
9291;train
9292;test
9293;test
9294;test
9295;train
9296;train
9297;train
9298;train
9299;test
9300;validation
9301;train
9302;train
9303;train
9304;train
9305;validation
9306;validation
9307;test
9308;validation
9309;train
9310;train
9311;train
9312;train
9313;train
9314;train
9315;train
9316;train
9317;validation
9318;train
9319;test
9320;train
9321;train
9322;train
9323;train
9324;train
9325;train
9326;train
9327;validation
9328;test
9329;test
9330;train
9331;validation
9332;train
9333;train
9334;train
9335;train
9336;train
9337;train
9338;train
9339;validation
9340;train
9341;validation
9342;test
9343;train
9344;train
9345;test
9346;validation
9347;validation
9348;train
9349;train
9350;train
9351;train
9352;train
9353;train
9354;train
9355;train
9356;test
9357;train
9358;train
9359;train
9360;train
9361;train
9362;train
9363;train
9364;test
9365;train
9366;train
9367;train
9368;train
9369;train
9370;train
9371;train
9372;train
9373;validation
9374;test
9375;train
9376;validation
9377;train
9378;validation
9379;train
9380;train
9381;train
9382;train
9383;train
9384;train
9385;test
9386;train
9387;test
9388;validation
9389;validation
9390;validation
9391;train
9392;train
9393;test
9394;test
9395;train
9396;train
9397;train
9398;train
9399;validation
9400;train
9401;train
9402;train
9403;train
9404;train
9405;train
9406;test
9407;validation
9408;train
9409;train
9410;train
9411;train
9412;test
9413;train
9414;train
9415;validation
9416;train
9417;train
9418;validation
9419;test
9420;train
9421;validation
9422;test
9423;train
9424;train
9425;train
9426;train
9427;train
9428;train
9429;test
9430;train
9431;test
9432;validation
9433;validation
9434;validation
9435;train
9436;train
9437;train
9438;validation
9439;validation
9440;train
9441;train
9442;validation
9443;train
9444;train
9445;test
9446;train
9447;test
9448;train
9449;train
9450;validation
9451;train
9452;test
9453;train
9454;test
9455;test
9456;train
9457;train
9458;test
9459;train
9460;train
9461;validation
9462;train
9463;train
9464;train
9465;train
9466;train
9467;train
9468;test
9469;validation
9470;train
9471;validation
9472;train
9473;test
9474;train
9475;train
9476;train
9477;test
9478;train
9479;validation
9480;train
9481;test
9482;train
9483;test
9484;test
9485;train
9486;test
9487;validation
9488;validation
9489;train
9490;train
9491;train
9492;train
9493;test
9494;train
9495;test
9496;train
9497;test
9498;train
9499;validation
9500;test
9501;train
9502;train
9503;test
9504;train
9505;train
9506;validation
9507;train
9508;train
9509;validation
9510;train
9511;train
9512;train
9513;validation
9514;train
9515;train
9516;train
9517;test
9518;validation
9519;train
9520;train
9521;validation
9522;train
9523;train
9524;validation
9525;train
9526;train
9527;train
9528;train
9529;validation
9530;test
9531;train
9532;train
9533;test
9534;validation
9535;validation
9536;train
9537;train
9538;train
9539;test
9540;train
9541;validation
9542;validation
9543;train
9544;validation
9545;train
9546;train
9547;train
9548;validation
9549;train
9550;train
9551;train
9552;train
9553;train
9554;train
9555;train
9556;test
9557;train
9558;train
9559;test
9560;train
9561;train
9562;test
9563;train
9564;train
9565;train
9566;train
9567;train
9568;train
9569;train
9570;train
9571;validation
9572;test
9573;validation
9574;test
9575;validation
9576;train
9577;validation
9578;train
9579;train
9580;train
9581;validation
9582;train
9583;train
9584;test
9585;validation
9586;train
9587;train
9588;test
9589;train
9590;train
9591;train
9592;validation
9593;train
9594;test
9595;train
9596;train
9597;test
9598;validation
9599;train
9600;validation
9601;train
9602;train
9603;train
9604;train
9605;train
9606;train
9607;validation
9608;train
9609;train
9610;train
9611;train
9612;train
9613;train
9614;validation
9615;train
9616;train
9617;train
9618;train
9619;train
9620;train
9621;validation
9622;train
9623;test
9624;validation
9625;train
9626;train
9627;train
9628;test
9629;train
9630;train
9631;train
9632;train
9633;validation
9634;train
9635;validation
9636;train
9637;train
9638;train
9639;validation
9640;train
9641;test
9642;train
9643;train
9644;train
9645;test
9646;train
9647;train
9648;test
9649;train
9650;train
9651;train
9652;train
9653;train
9654;train
9655;validation
9656;validation
9657;train
9658;train
9659;train
9660;test
9661;validation
9662;validation
9663;validation
9664;train
9665;validation
9666;train
9667;validation
9668;train
9669;train
9670;train
9671;train
9672;train
9673;validation
9674;train
9675;train
9676;train
9677;train
9678;validation
9679;train
9680;train
9681;train
9682;train
9683;train
9684;validation
9685;train
9686;train
9687;train
9688;validation
9689;train
9690;test
9691;validation
9692;train
9693;validation
9694;train
9695;train
9696;train
9697;train
9698;test
9699;train
9700;train
9701;train
9702;train
9703;train
9704;test
9705;test
9706;train
9707;train
9708;train
9709;train
9710;train
9711;train
9712;train
9713;train
9714;train
9715;train
9716;train
9717;train
9718;train
9719;train
9720;train
9721;train
9722;train
9723;train
9724;train
9725;train
9726;train
9727;train
9728;train
9729;train
9730;train
9731;train
9732;train
9733;train
9734;test
9735;train
9736;train
9737;train
9738;train
9739;test
9740;train
9741;train
9742;train
9743;test
9744;train
9745;train
9746;train
9747;test
9748;validation
9749;train
9750;train
9751;test
9752;test
9753;train
9754;train
9755;train
9756;train
9757;train
9758;test
9759;train
9760;train
9761;train
9762;train
9763;train
9764;train
9765;train
9766;train
9767;train
9768;train
9769;validation
9770;train
9771;train
9772;train
9773;train
9774;train
9775;train
9776;train
9777;validation
9778;test
9779;validation
9780;train
9781;train
9782;train
9783;validation
9784;validation
9785;test
9786;train
9787;train
9788;test
9789;train
9790;train
9791;train
9792;train
9793;train
9794;train
9795;train
9796;test
9797;train
9798;train
9799;test
9800;test
9801;test
9802;train
9803;train
9804;validation
9805;train
9806;validation
9807;train
9808;train
9809;test
9810;train
9811;test
9812;train
9813;validation
9814;validation
9815;train
9816;test
9817;validation
9818;train
9819;test
9820;test
9821;train
9822;validation
9823;validation
9824;train
9825;validation
9826;train
9827;train
9828;train
9829;test
9830;train
9831;test
9832;test
9833;train
9834;train
9835;train
9836;validation
9837;train
9838;train
9839;test
9840;train
9841;validation
9842;train
9843;train
9844;test
9845;train
9846;validation
9847;train
9848;train
9849;test
9850;train
9851;train
9852;test
9853;test
9854;train
9855;train
9856;train
9857;test
9858;train
9859;train
9860;train
9861;train
9862;validation
9863;train
9864;train
9865;train
9866;train
9867;train
9868;train
9869;validation
9870;train
9871;train
9872;train
9873;train
9874;train
9875;test
9876;train
9877;test
9878;test
9879;train
9880;train
9881;test
9882;validation
9883;train
9884;train
9885;train
9886;validation
9887;train
9888;train
9889;train
9890;train
9891;validation
9892;train
9893;train
9894;train
9895;train
9896;train
9897;train
9898;train
9899;validation
9900;train
9901;train
9902;test
9903;train
9904;train
9905;train
9906;train
9907;train
9908;test
9909;train
9910;train
9911;train
9912;train
9913;train
9914;train
9915;train
9916;test
9917;validation
9918;test
9919;train
9920;train
9921;train
9922;test
9923;train
9924;test
9925;validation
9926;train
9927;train
9928;train
9929;train
9930;train
9931;test
9932;test
9933;train
9934;validation
9935;train
9936;train
9937;train
9938;validation
9939;validation
9940;train
9941;train
9942;train
9943;train
9944;train
9945;train
9946;test
9947;test
9948;train
9949;train
9950;validation
9951;train
9952;train
9953;train
9954;train
9955;train
9956;train
9957;train
9958;train
9959;train
9960;train
9961;train
9962;validation
9963;validation
9964;train
9965;train
9966;test
9967;train
9968;train
9969;train
9970;train
9971;train
9972;test
9973;validation
9974;train
9975;train
9976;train
9977;train
9978;test
9979;train
9980;train
9981;train
9982;train
9983;train
9984;train
9985;validation
9986;train
9987;train
9988;train
9989;test
9990;train
9991;train
9992;train
9993;train
9994;train
9995;train
9996;validation
9997;validation
9998;validation
9999;train
10000;train
10001;train
10002;train
10003;train
10004;train
10005;train
10006;test
10007;train
10008;train
10009;validation
10010;train
10011;train
10012;train
10013;validation
10014;train
10015;train
10016;train
10017;train
10018;train
10019;train
10020;train
10021;train
10022;validation
10023;train
10024;train
10025;validation
10026;train
10027;train
10028;test
10029;train
10030;validation
10031;train
10032;train
10033;test
10034;train
10035;validation
10036;validation
10037;train
10038;train
10039;test
10040;train
10041;train
10042;train
10043;test
10044;train
10045;train
10046;train
10047;train
10048;train
10049;train
10050;train
10051;test
10052;validation
10053;test
10054;test
10055;train
10056;validation
10057;test
10058;train
10059;validation
10060;train
10061;train
10062;train
10063;train
10064;train
10065;validation
10066;test
10067;train
10068;train
10069;test
10070;train
10071;train
10072;train
10073;train
10074;validation
10075;train
10076;train
10077;validation
10078;train
10079;train
10080;train
10081;test
10082;train
10083;validation
10084;train
10085;train
10086;validation
10087;train
10088;train
10089;train
10090;train
10091;train
10092;test
10093;train
10094;train
10095;train
10096;train
10097;train
10098;train
10099;train
10100;train
10101;train
10102;train
10103;test
10104;validation
10105;validation
10106;train
10107;train
10108;validation
10109;test
10110;train
10111;train
10112;validation
10113;train
10114;train
10115;test
10116;test
10117;test
10118;train
10119;train
10120;train
10121;train
10122;validation
10123;validation
10124;train
10125;train
10126;train
10127;train
10128;train
10129;test
10130;train
10131;train
10132;train
10133;train
10134;train
10135;train
10136;validation
10137;validation
10138;train
10139;train
10140;train
10141;test
10142;train
10143;train
10144;train
10145;test
10146;test
10147;train
10148;train
10149;train
10150;train
10151;train
10152;train
10153;validation
10154;train
10155;train
10156;train
10157;train
10158;test
10159;validation
10160;train
10161;train
10162;test
10163;train
10164;train
10165;train
10166;train
10167;test
10168;train
10169;test
10170;validation
10171;test
10172;validation
10173;train
10174;train
10175;test
10176;train
10177;test
10178;train
10179;train
10180;test
10181;test
10182;train
10183;train
10184;test
10185;test
10186;train
10187;train
10188;test
10189;train
10190;train
10191;test
10192;train
10193;train
10194;test
10195;validation
10196;test
10197;train
10198;test
10199;train
10200;test
10201;train
10202;train
10203;train
10204;validation
10205;train
10206;validation
10207;train
10208;validation
10209;train
10210;train
10211;train
10212;train
10213;test
10214;test
10215;validation
10216;train
10217;train
10218;train
10219;train
10220;train
10221;validation
10222;train
10223;train
10224;train
10225;train
10226;validation
10227;test
10228;train
10229;train
10230;train
10231;validation
10232;train
10233;train
10234;test
10235;train
10236;train
10237;train
10238;train
10239;test
10240;train
10241;train
10242;train
10243;train
10244;validation
10245;train
10246;validation
10247;train
10248;train
10249;train
10250;train
10251;train
10252;train
10253;train
10254;validation
10255;validation
10256;train
10257;train
10258;validation
10259;train
10260;test
10261;train
10262;train
10263;train
10264;train
10265;train
10266;validation
10267;test
10268;test
10269;train
10270;train
10271;train
10272;train
10273;test
10274;train
10275;train
10276;train
10277;train
10278;train
10279;test
10280;train
10281;train
10282;validation
10283;train
10284;train
10285;test
10286;train
10287;train
10288;train
10289;validation
10290;train
10291;train
10292;test
10293;validation
10294;train
10295;test
10296;train
10297;train
10298;train
10299;train
10300;train
10301;test
10302;train
10303;test
10304;test
10305;test
10306;train
10307;train
10308;train
10309;train
10310;test
10311;validation
10312;train
10313;train
10314;train
10315;train
10316;train
10317;train
10318;test
10319;test
10320;train
10321;validation
10322;test
10323;test
10324;train
10325;train
10326;test
10327;train
10328;test
10329;train
10330;train
10331;train
10332;train
10333;train
10334;validation
10335;test
10336;train
10337;train
10338;train
10339;test
10340;train
10341;train
10342;train
10343;train
10344;train
10345;train
10346;train
10347;train
10348;validation
10349;train
10350;train
10351;test
10352;train
10353;train
10354;train
10355;train
10356;test
10357;train
10358;test
10359;validation
10360;train
10361;train
10362;validation
10363;train
10364;train
10365;train
10366;train
10367;train
10368;train
10369;train
10370;test
10371;train
10372;train
10373;train
10374;train
10375;train
10376;train
10377;train
10378;train
10379;train
10380;validation
10381;train
10382;train
10383;train
10384;test
10385;train
10386;train
10387;train
10388;train
10389;train
10390;train
10391;train
10392;train
10393;train
10394;train
10395;train
10396;train
10397;train
10398;train
10399;train
10400;train
10401;train
10402;validation
10403;train
10404;validation
10405;train
10406;train
10407;test
10408;train
10409;train
10410;train
10411;train
10412;test
10413;train
10414;train
10415;validation
10416;train
10417;train
10418;train
10419;train
10420;train
10421;train
10422;test
10423;test
10424;test
10425;validation
10426;test
10427;train
10428;train
10429;train
10430;train
10431;test
10432;train
10433;train
10434;train
10435;train
10436;train
10437;test
10438;train
10439;train
10440;validation
10441;train
10442;train
10443;train
10444;validation
10445;train
10446;test
10447;train
10448;train
10449;train
10450;train
10451;validation
10452;train
10453;validation
10454;train
10455;test
10456;train
10457;validation
10458;train
10459;test
10460;train
10461;train
10462;test
10463;train
10464;train
10465;validation
10466;train
10467;train
10468;validation
10469;train
10470;validation
10471;train
10472;train
10473;train
10474;train
10475;validation
10476;train
10477;train
10478;train
10479;train
10480;train
10481;train
10482;train
10483;train
10484;train
10485;train
10486;train
10487;train
10488;train
10489;train
10490;validation
10491;train
10492;train
10493;train
10494;train
10495;validation
10496;train
10497;train
10498;test
10499;train
10500;validation
10501;test
10502;test
10503;train
10504;train
10505;train
10506;validation
10507;train
10508;train
10509;validation
10510;validation
10511;train
10512;train
10513;train
10514;train
10515;train
10516;train
10517;train
10518;train
10519;validation
10520;validation
10521;train
10522;train
10523;validation
10524;validation
10525;train
10526;validation
10527;train
10528;train
10529;train
10530;test
10531;train
10532;train
10533;test
10534;train
10535;train
10536;validation
10537;validation
10538;test
10539;train
10540;validation
10541;train
10542;train
10543;train
10544;train
10545;train
10546;train
10547;test
10548;train
10549;train
10550;train
10551;train
10552;train
10553;train
10554;train
10555;test
10556;test
10557;train
10558;train
10559;train
10560;test
10561;train
10562;train
10563;train
10564;train
10565;train
10566;train
10567;validation
10568;train
10569;test
10570;train
10571;validation
10572;train
10573;validation
10574;validation
10575;train
10576;train
10577;train
10578;test
10579;train
10580;train
10581;train
10582;test
10583;train
10584;train
10585;validation
10586;train
10587;train
10588;train
10589;train
10590;test
10591;train
10592;validation
10593;test
10594;validation
10595;train
10596;train
10597;test
10598;test
10599;train
10600;train
10601;train
10602;train
10603;train
10604;train
10605;test
10606;train
10607;train
10608;train
10609;train
10610;train
10611;validation
10612;train
10613;train
10614;train
10615;test
10616;train
10617;train
10618;validation
10619;train
10620;train
10621;train
10622;train
10623;train
10624;test
10625;train
10626;train
10627;test
10628;train
10629;train
10630;test
10631;test
10632;train
10633;validation
10634;train
10635;train
10636;train
10637;train
10638;train
10639;validation
10640;train
10641;train
10642;train
10643;train
10644;validation
10645;test
10646;train
10647;train
10648;train
10649;train
10650;train
10651;train
10652;test
10653;validation
10654;test
10655;train
10656;validation
10657;train
10658;train
10659;test
10660;train
10661;train
10662;test
10663;train
10664;train
10665;train
10666;train
10667;test
10668;validation
10669;train
10670;test
10671;train
10672;validation
10673;train
10674;validation
10675;train
10676;train
10677;train
10678;test
10679;train
10680;train
10681;train
10682;train
10683;train
10684;train
10685;train
10686;train
10687;train
10688;train
10689;train
10690;train
10691;train
10692;validation
10693;train
10694;train
10695;train
10696;train
10697;train
10698;validation
10699;train
10700;train
10701;test
10702;train
10703;train
10704;validation
10705;train
10706;train
10707;train
10708;train
10709;train
10710;train
10711;train
10712;test
10713;validation
10714;train
10715;train
10716;test
10717;train
10718;validation
10719;train
10720;train
10721;train
10722;train
10723;test
10724;train
10725;train
10726;validation
10727;train
10728;train
10729;test
10730;train
10731;train
10732;validation
10733;train
10734;train
10735;validation
10736;train
10737;train
10738;train
10739;train
10740;train
10741;train
10742;validation
10743;train
10744;train
10745;test
10746;train
10747;train
10748;test
10749;train
10750;validation
10751;train
10752;train
10753;train
10754;test
10755;train
10756;train
10757;train
10758;validation
10759;validation
10760;train
10761;train
10762;test
10763;validation
10764;test
10765;train
10766;train
10767;train
10768;validation
10769;validation
10770;train
10771;test
10772;train
10773;train
10774;train
10775;train
10776;train
10777;test
10778;train
10779;train
10780;test
10781;train
10782;train
10783;validation
10784;test
10785;test
10786;train
10787;train
10788;test
10789;train
10790;train
10791;train
10792;train
10793;train
10794;test
10795;train
10796;train
10797;train
10798;train
10799;train
10800;train
10801;test
10802;train
10803;test
10804;train
10805;validation
10806;train
10807;train
10808;train
10809;test
10810;test
10811;train
10812;train
10813;train
10814;train
10815;test
10816;train
10817;validation
10818;validation
10819;test
10820;validation
10821;train
10822;train
10823;train
10824;train
10825;test
10826;validation
10827;train
10828;train
10829;train
10830;train
10831;train
10832;validation
10833;train
10834;train
10835;train
10836;train
10837;train
10838;train
10839;train
10840;test
10841;test
10842;test
10843;validation
10844;train
10845;train
10846;train
10847;validation
10848;train
10849;validation
10850;train
10851;test
10852;train
10853;train
10854;train
10855;test
10856;test
10857;validation
10858;test
10859;train
10860;test
10861;train
10862;test
10863;train
10864;train
10865;train
10866;train
10867;train
10868;train
10869;train
10870;train
10871;train
10872;train
10873;train
10874;test
10875;train
10876;train
10877;train
10878;train
10879;train
10880;train
10881;train
10882;train
10883;train
10884;train
10885;test
10886;train
10887;validation
10888;train
10889;train
10890;train
10891;train
10892;validation
10893;train
10894;train
10895;test
10896;train
10897;validation
10898;train
10899;train
10900;train
10901;validation
10902;validation
10903;train
10904;train
10905;train
10906;train
10907;train
10908;train
10909;train
10910;validation
10911;train
10912;train
10913;validation
10914;test
10915;train
10916;train
10917;validation
10918;train
10919;train
10920;train
10921;train
10922;train
10923;test
10924;train
10925;train
10926;test
10927;validation
10928;train
10929;train
10930;train
10931;train
10932;train
10933;train
10934;test
10935;train
10936;train
10937;train
10938;train
10939;validation
10940;test
10941;train
10942;train
10943;train
10944;test
10945;train
10946;train
10947;train
10948;train
10949;train
10950;test
10951;train
10952;test
10953;train
10954;train
10955;train
10956;test
10957;train
10958;train
10959;validation
10960;train
10961;train
10962;validation
10963;validation
10964;train
10965;validation
10966;train
10967;train
10968;train
10969;train
10970;train
10971;train
10972;train
10973;train
10974;train
10975;train
10976;train
10977;train
10978;train
10979;train
10980;train
10981;train
10982;train
10983;train
10984;train
10985;train
10986;train
10987;train
10988;train
10989;train
10990;train
10991;train
10992;train
10993;test
10994;validation
10995;validation
10996;test
10997;train
10998;train
10999;test
11000;test
11001;train
11002;validation
11003;test
11004;validation
11005;train
11006;validation
11007;train
11008;train
11009;train
11010;train
11011;test
11012;test
11013;train
11014;train
11015;test
11016;train
11017;train
11018;train
11019;train
11020;train
11021;train
11022;train
11023;train
11024;train
11025;train
11026;train
11027;test
11028;train
11029;train
11030;train
11031;test
11032;validation
11033;train
11034;train
11035;test
11036;train
11037;train
11038;train
11039;train
11040;train
11041;validation
11042;train
11043;train
11044;train
11045;train
11046;train
11047;train
11048;train
11049;train
11050;train
11051;train
11052;train
11053;validation
11054;train
11055;train
11056;train
11057;train
11058;test
11059;train
11060;train
11061;test
11062;validation
11063;test
11064;test
11065;train
11066;test
11067;validation
11068;train
11069;train
11070;train
11071;train
11072;train
11073;validation
11074;test
11075;validation
11076;test
11077;train
11078;train
11079;train
11080;test
11081;test
11082;validation
11083;train
11084;train
11085;validation
11086;validation
11087;validation
11088;train
11089;validation
11090;validation
11091;train
11092;train
11093;train
11094;train
11095;train
11096;validation
11097;train
11098;train
11099;train
11100;test
11101;validation
11102;train
11103;train
11104;test
11105;train
11106;train
11107;train
11108;validation
11109;test
11110;train
11111;train
11112;validation
11113;test
11114;train
11115;train
11116;train
11117;train
11118;train
11119;train
11120;validation
11121;validation
11122;validation
11123;train
11124;validation
11125;test
11126;train
11127;train
11128;train
11129;test
11130;train
11131;train
11132;train
11133;test
11134;validation
11135;test
11136;test
11137;train
11138;train
11139;validation
11140;train
11141;test
11142;train
11143;train
11144;test
11145;train
11146;train
11147;test
11148;test
11149;train
11150;train
11151;validation
11152;train
11153;train
11154;train
11155;test
11156;validation
11157;train
11158;train
11159;train
11160;validation
11161;validation
11162;train
11163;validation
11164;train
11165;train
11166;train
11167;train
11168;train
11169;train
11170;validation
11171;train
11172;validation
11173;train
11174;train
11175;test
11176;train
11177;train
11178;train
11179;validation
11180;test
11181;train
11182;train
11183;test
11184;train
11185;test
11186;validation
11187;train
11188;train
11189;train
11190;train
11191;validation
11192;train
11193;train
11194;test
11195;train
11196;train
11197;train
11198;train
11199;validation
11200;train
11201;train
11202;test
11203;train
11204;train
11205;train
11206;train
11207;train
11208;train
11209;train
11210;train
11211;validation
11212;train
11213;train
11214;test
11215;train
11216;train
11217;test
11218;test
11219;validation
11220;train
11221;train
11222;train
11223;test
11224;train
11225;test
11226;train
11227;train
11228;train
11229;train
11230;train
11231;train
11232;train
11233;validation
11234;train
11235;train
11236;test
11237;validation
11238;test
11239;train
11240;train
11241;train
11242;train
11243;train
11244;train
11245;train
11246;train
11247;train
11248;train
11249;test
11250;train
11251;train
11252;train
11253;train
11254;train
11255;train
11256;train
11257;train
11258;train
11259;train
11260;train
11261;validation
11262;train
11263;train
11264;test
11265;test
11266;train
11267;train
11268;validation
11269;train
11270;train
11271;train
11272;train
11273;train
11274;train
11275;train
11276;train
11277;test
11278;train
11279;train
11280;validation
11281;train
11282;test
11283;validation
11284;test
11285;test
11286;train
11287;train
11288;train
11289;train
11290;train
11291;test
11292;train
11293;train
11294;train
11295;train
11296;validation
11297;train
11298;train
11299;train
11300;train
11301;test
11302;train
11303;test
11304;validation
11305;train
11306;train
11307;test
11308;train
11309;train
11310;train
11311;train
11312;train
11313;validation
11314;train
11315;train
11316;train
11317;train
11318;train
11319;train
11320;train
11321;validation
11322;train
11323;test
11324;test
11325;train
11326;train
11327;train
11328;train
11329;validation
11330;validation
11331;train
11332;test
11333;train
11334;test
11335;train
11336;train
11337;train
11338;train
11339;train
11340;train
11341;train
11342;train
11343;train
11344;train
11345;train
11346;train
11347;test
11348;test
11349;test
11350;test
11351;test
11352;train
11353;train
11354;train
11355;test
11356;train
11357;test
11358;train
11359;train
11360;test
11361;validation
11362;train
11363;train
11364;train
11365;test
11366;train
11367;validation
11368;validation
11369;test
11370;test
11371;validation
11372;train
11373;train
11374;train
11375;train
11376;train
11377;train
11378;test
11379;train
11380;train
11381;train
11382;train
11383;test
11384;train
11385;train
11386;train
11387;train
11388;train
11389;train
11390;train
11391;train
11392;validation
11393;validation
11394;train
11395;train
11396;validation
11397;test
11398;test
11399;train
11400;validation
11401;train
11402;train
11403;train
11404;test
11405;train
11406;train
11407;train
11408;train
11409;train
11410;train
11411;validation
11412;test
11413;train
11414;train
11415;train
11416;train
11417;validation
11418;train
11419;test
11420;train
11421;train
11422;train
11423;validation
11424;train
11425;train
11426;train
11427;train
11428;train
11429;validation
11430;train
11431;train
11432;test
11433;train
11434;train
11435;test
11436;train
11437;train
11438;validation
11439;train
11440;train
11441;validation
11442;test
11443;train
11444;train
11445;validation
11446;validation
11447;train
11448;train
11449;train
11450;train
11451;train
11452;test
11453;validation
11454;train
11455;train
11456;train
11457;train
11458;test
11459;train
11460;train
11461;train
11462;train
11463;test
11464;train
11465;train
11466;train
11467;train
11468;test
11469;train
11470;train
11471;train
11472;train
11473;train
11474;train
11475;train
11476;train
11477;validation
11478;train
11479;train
11480;train
11481;train
11482;train
11483;validation
11484;test
11485;validation
11486;train
11487;validation
11488;test
11489;train
11490;train
11491;train
11492;train
11493;train
11494;validation
11495;validation
11496;test
11497;train
11498;train
11499;train
11500;train
11501;train
11502;test
11503;train
11504;train
11505;train
11506;train
11507;train
11508;train
11509;test
11510;validation
11511;validation
11512;test
11513;validation
11514;test
11515;train
11516;validation
11517;validation
11518;train
11519;train
11520;train
11521;test
11522;train
11523;test
11524;train
11525;train
11526;train
11527;test
11528;train
11529;train
11530;validation
11531;train
11532;validation
11533;validation
11534;train
11535;train
11536;train
11537;validation
11538;train
11539;train
11540;test
11541;train
11542;test
11543;test
11544;train
11545;train
11546;train
11547;train
11548;train
11549;train
11550;train
11551;train
11552;train
11553;train
11554;train
11555;train
11556;train
11557;train
11558;test
11559;train
11560;train
11561;validation
11562;train
11563;validation
11564;validation
11565;train
11566;train
11567;train
11568;train
11569;test
11570;validation
11571;train
11572;test
11573;train
11574;train
11575;train
11576;train
11577;train
11578;train
11579;train
11580;test
11581;validation
11582;validation
11583;validation
11584;train
11585;train
11586;train
11587;train
11588;train
11589;train
11590;train
11591;test
11592;train
11593;train
11594;validation
11595;train
11596;train
11597;train
11598;train
11599;validation
11600;train
11601;train
11602;train
11603;train
11604;train
11605;test
11606;validation
11607;train
11608;train
11609;train
11610;train
11611;train
11612;train
11613;train
11614;validation
11615;train
11616;validation
11617;train
11618;train
11619;train
11620;validation
11621;train
11622;train
11623;train
11624;train
11625;train
11626;train
11627;train
11628;train
11629;test
11630;test
11631;train
11632;train
11633;train
11634;train
11635;train
11636;train
11637;train
11638;train
11639;train
11640;train
11641;test
11642;train
11643;train
11644;train
11645;test
11646;train
11647;train
11648;test
11649;test
11650;test
11651;train
11652;train
11653;train
11654;validation
11655;validation
11656;train
11657;train
11658;validation
11659;train
11660;train
11661;train
11662;train
11663;test
11664;train
11665;train
11666;train
11667;test
11668;train
11669;train
11670;validation
11671;train
11672;train
11673;train
11674;train
11675;train
11676;test
11677;validation
11678;train
11679;train
11680;train
11681;train
11682;test
11683;train
11684;train
11685;train
11686;train
11687;train
11688;validation
11689;validation
11690;train
11691;train
11692;train
11693;validation
11694;test
11695;train
11696;train
11697;train
11698;train
11699;train
11700;train
11701;train
11702;train
11703;train
11704;test
11705;train
11706;train
11707;train
11708;validation
11709;train
11710;train
11711;train
11712;train
11713;validation
11714;test
11715;train
11716;train
11717;train
11718;test
11719;train
11720;train
11721;test
11722;train
11723;train
11724;train
11725;test
11726;train
11727;validation
11728;train
11729;train
11730;validation
11731;train
11732;validation
11733;train
11734;train
11735;train
11736;train
11737;test
11738;train
11739;train
11740;train
11741;train
11742;train
11743;validation
11744;test
11745;train
11746;validation
11747;train
11748;validation
11749;train
11750;test
11751;train
11752;test
11753;test
11754;train
11755;validation
11756;train
11757;train
11758;validation
11759;validation
11760;test
11761;train
11762;test
11763;validation
11764;test
11765;validation
11766;test
11767;train
11768;test
11769;train
11770;train
11771;train
11772;validation
11773;train
11774;train
11775;test
11776;train
11777;validation
11778;train
11779;train
11780;train
11781;train
11782;validation
11783;train
11784;train
11785;train
11786;train
11787;validation
11788;train
11789;train
11790;validation
11791;test
11792;train
11793;train
11794;train
11795;train
11796;validation
11797;test
11798;test
11799;test
11800;test
11801;train
11802;train
11803;train
11804;train
11805;train
11806;test
11807;train
11808;validation
11809;train
11810;validation
11811;train
11812;train
11813;validation
11814;train
11815;train
11816;train
11817;train
11818;train
11819;train
11820;validation
11821;train
11822;train
11823;test
11824;train
11825;train
11826;validation
11827;test
11828;train
11829;test
11830;train
11831;validation
11832;train
11833;train
11834;train
11835;train
11836;train
11837;validation
11838;validation
11839;train
11840;train
11841;test
11842;validation
11843;train
11844;train
11845;train
11846;train
11847;train
11848;train
11849;train
11850;validation
11851;test
11852;train
11853;test
11854;train
11855;test
11856;validation
11857;train
11858;validation
11859;train
11860;train
11861;validation
11862;validation
11863;train
11864;train
11865;train
11866;train
11867;train
11868;validation
11869;train
11870;validation
11871;validation
11872;train
11873;validation
11874;train
11875;train
11876;test
11877;validation
11878;train
11879;test
11880;train
11881;train
11882;train
11883;train
11884;validation
11885;test
11886;train
11887;train
11888;train
11889;train
11890;train
11891;validation
11892;train
11893;train
11894;train
11895;test
11896;train
11897;train
11898;train
11899;train
11900;validation
11901;test
11902;validation
11903;train
11904;train
11905;train
11906;train
11907;train
11908;test
11909;train
11910;train
11911;train
11912;test
11913;train
11914;train
11915;train
11916;train
11917;train
11918;train
11919;train
11920;train
11921;train
11922;train
11923;train
11924;train
11925;train
11926;train
11927;train
11928;train
11929;train
11930;train
11931;train
11932;train
11933;test
11934;test
11935;train
11936;train
11937;test
11938;train
11939;train
11940;train
11941;train
11942;train
11943;test
11944;train
11945;train
11946;train
11947;train
11948;validation
11949;test
11950;test
11951;test
11952;validation
11953;train
11954;validation
11955;validation
11956;train
11957;test
11958;train
11959;test
11960;test
11961;train
11962;train
11963;train
11964;train
11965;train
11966;train
11967;test
11968;train
11969;train
11970;train
11971;validation
11972;train
11973;train
11974;train
11975;train
11976;train
11977;validation
11978;test
11979;train
11980;train
11981;validation
11982;test
11983;test
11984;train
11985;test
11986;train
11987;test
11988;train
11989;train
11990;train
11991;test
11992;train
11993;train
11994;validation
11995;train
11996;train
11997;train
11998;train
11999;validation
12000;train
12001;train
12002;test
12003;train
12004;train
12005;train
12006;train
12007;train
12008;train
12009;train
12010;validation
12011;train
12012;train
12013;train
12014;validation
12015;train
12016;train
12017;validation
12018;validation
12019;test
12020;train
12021;train
12022;train
12023;train
12024;train
12025;test
12026;validation
12027;test
12028;train
12029;train
12030;train
12031;train
12032;train
12033;train
12034;train
12035;test
12036;train
12037;train
12038;validation
12039;test
12040;train
12041;train
12042;test
12043;train
12044;train
12045;train
12046;validation
12047;validation
12048;test
12049;train
12050;train
12051;train
12052;train
12053;train
12054;train
12055;train
12056;train
12057;train
12058;train
12059;validation
12060;train
12061;train
12062;train
12063;validation
12064;train
12065;train
12066;test
12067;train
12068;validation
12069;train
12070;train
12071;train
12072;train
12073;train
12074;train
12075;test
12076;train
12077;train
12078;train
12079;test
12080;train
12081;train
12082;test
12083;train
12084;train
12085;test
12086;train
12087;train
12088;train
12089;train
12090;train
12091;validation
12092;validation
12093;validation
12094;validation
12095;train
12096;train
12097;train
12098;validation
12099;train
12100;test
12101;test
12102;test
12103;train
12104;test
12105;test
12106;train
12107;test
12108;train
12109;train
12110;train
12111;train
12112;test
12113;train
12114;train
12115;train
12116;train
12117;test
12118;validation
12119;validation
12120;test
12121;test
12122;train
12123;test
12124;validation
12125;train
12126;train
12127;train
12128;train
12129;test
12130;train
12131;train
12132;validation
12133;validation
12134;train
12135;validation
12136;test
12137;test
12138;test
12139;train
12140;train
12141;train
12142;train
12143;train
12144;train
12145;train
12146;train
12147;test
12148;train
12149;train
12150;train
12151;validation
12152;train
12153;test
12154;test
12155;train
12156;test
12157;train
12158;train
12159;train
12160;train
12161;train
12162;train
12163;train
12164;train
12165;train
12166;validation
12167;validation
12168;test
12169;test
12170;validation
12171;train
12172;train
12173;train
12174;train
12175;train
12176;validation
12177;train
12178;train
12179;train
12180;train
12181;train
12182;train
12183;train
12184;train
12185;train
12186;test
12187;train
12188;train
12189;train
12190;test
12191;test
12192;train
12193;train
12194;train
12195;validation
12196;validation
12197;train
12198;train
12199;train
12200;validation
12201;train
12202;train
12203;train
12204;train
12205;test
12206;train
12207;train
12208;train
12209;train
12210;test
12211;train
12212;train
12213;test
12214;test
12215;train
12216;train
12217;train
12218;test
12219;train
12220;train
12221;train
12222;validation
12223;train
12224;train
12225;train
12226;train
12227;train
12228;test
12229;validation
12230;validation
12231;train
12232;train
12233;train
12234;validation
12235;train
12236;test
12237;train
12238;train
12239;train
12240;train
12241;train
12242;train
12243;test
12244;train
12245;train
12246;train
12247;test
12248;train
12249;train
12250;train
12251;train
12252;validation
12253;train
12254;train
12255;train
12256;train
12257;validation
12258;train
12259;test
12260;train
12261;train
12263;train
12264;train
12265;validation
12266;test
12267;train
12268;train
12269;train
12270;validation
12271;train
12272;validation
12273;train
12274;train
12275;train
12276;train
12277;train
12278;train
12279;train
12280;train
12281;train
12282;train
12283;train
12284;train
12285;train
12286;train
12287;train
12288;train
12289;train
12290;train
12291;validation
12292;train
12293;train
12294;validation
12295;train
12296;train
12297;train
12298;train
12299;test
12300;train
12301;train
12302;test
12303;train
12304;train
12305;train
12306;validation
12307;train
12308;test
12309;test
12310;test
12311;train
12312;test
12313;test
12314;train
12315;validation
12316;train
12317;test
12318;train
12319;train
12320;test
12321;train
12322;train
12323;train
12324;train
12325;validation
12326;train
12327;validation
12328;train
12329;train
12330;train
12331;train
12332;train
12333;train
12334;train
12335;train
12336;train
12337;train
12338;train
12339;train
12340;train
12341;test
12342;validation
12343;test
12344;validation
12345;train
12346;validation
12347;train
12348;train
12349;train
12350;validation
12351;train
12352;validation
12353;train
12354;validation
12355;train
12356;train
12357;train
12358;train
12359;train
12360;train
12361;train
12362;validation
12363;validation
12364;train
12365;test
12366;train
12367;train
12368;train
12369;train
12370;test
12371;train
12372;validation
12373;train
12374;validation
12375;validation
12376;train
12377;train
12378;train
12379;train
12380;validation
12381;train
12382;train
12383;train
12384;train
12385;train
12386;test
12387;validation
12388;train
12389;validation
12390;validation
12391;train
12392;test
12393;validation
12394;train
12395;validation
12396;test
12397;train
12398;train
12399;train
12400;train
12401;validation
12402;train
12403;train
12404;train
12405;train
12406;train
12407;train
12408;validation
12409;validation
12410;test
12411;train
12412;train
12413;train
12414;validation
12415;train
12416;train
12417;test
12418;train
12419;test
12420;train
12421;train
12422;train
12423;test
12424;train
12425;train
12426;train
12427;test
12428;train
12429;test
12430;train
12431;test
12432;train
12433;train
12434;validation
12435;train
12436;train
12437;train
12438;train
12439;validation
12440;test
12441;validation
12442;train
12443;test
12444;validation
12445;train
12446;train
12447;test
12448;train
12449;train
12450;train
12451;train
12452;train
12453;train
12454;train
12455;train
12456;test
12457;test
12458;train
12459;train
12460;train
12461;test
12462;train
12463;train
12464;train
12465;test
12466;train
12467;validation
12468;train
12469;train
12470;train
12471;train
12472;train
12473;train
12474;train
12475;train
12476;train
12477;validation
12478;train
12479;train
12480;train
12481;train
12482;train
12483;train
12484;train
12485;test
12486;test
12487;test
12488;train
12489;train
12490;train
12491;validation
12492;validation
12493;train
12494;test
12495;train
12496;train
12497;train
12498;train
12499;train
12500;train
12501;validation
12502;train
12503;train
12504;validation
12505;train
12506;validation
12507;test
12508;train
12509;test
12510;test
12511;train
12512;train
12513;train
12514;train
12515;test
12516;train
12517;train
12518;validation
12519;train
12520;train
12521;train
12522;train
12523;train
12524;train
12525;train
12526;train
12527;train
12528;train
12529;train
12530;train
12531;train
12532;train
12533;train
12534;train
12535;train
12536;validation
12537;train
12538;train
12539;train
12540;train
12541;train
12542;train
12543;train
12544;train
12545;train
12546;train
12547;validation
12548;train
12549;test
12550;train
12551;train
12552;train
12553;train
12554;train
12555;test
12556;train
12557;train
12558;test
12559;train
12560;train
12561;validation
12562;train
12563;train
12564;test
12565;train
12566;train
12567;train
12568;test
12569;train
12570;train
12571;validation
12572;train
12573;test
12574;train
12575;train
12576;train
12577;test
12578;train
12579;validation
12580;train
12581;train
12582;train
12583;train
12584;train
12585;train
12586;train
12587;train
12588;train
12589;train
12590;train
12591;train
12592;train
12593;train
12594;test
12595;train
12596;validation
12597;validation
12598;train
12599;train
12600;train
12601;validation
12602;train
12603;train
12604;train
12605;validation
12606;train
12607;train
12608;train
12609;test
12610;train
12611;validation
12612;test
12613;train
12614;validation
12615;train
12616;train
12617;test
12618;train
12619;train
12620;train
12621;train
12622;train
12623;train
12624;test
12625;validation
12626;validation
12627;train
12628;test
12629;train
12630;test
12631;test
12632;train
12633;test
12634;train
12635;validation
12636;test
12637;train
12638;validation
12639;train
12640;train
12641;train
12642;train
12643;validation
12644;test
12645;test
12646;train
12647;train
12648;train
12649;train
12650;test
12651;test
12652;validation
12653;train
12654;validation
12655;train
12656;train
12657;train
12658;validation
12659;train
12660;validation
12661;train
12662;train
12663;train
12664;train
12665;validation
12666;test
12667;train
12668;train
12669;train
12670;train
12671;train
12672;validation
12673;train
12674;train
12675;test
12676;train
12677;test
12678;test
12679;test
12680;train
12681;train
12682;validation
12683;train
12684;validation
12685;train
12686;train
12687;train
12688;train
12689;test
12690;validation
12691;train
12692;train
12693;train
12694;test
12695;validation
12696;validation
12697;train
12698;train
12699;train
12700;train
12701;train
12702;train
12703;train
12704;validation
12705;train
12706;test
12707;test
12708;train
12709;train
12710;train
12711;train
12712;test
12713;train
12714;train
12715;train
12716;train
12717;train
12718;train
12719;test
12720;train
12721;train
12722;train
12723;train
12724;validation
12725;test
12726;train
12727;train
12728;train
12729;test
12730;train
12731;train
12732;validation
12733;train
12734;test
12735;train
12736;train
12737;train
12738;train
12739;train
12740;train
12741;train
12742;train
12743;test
12744;train
12745;train
12746;train
12747;train
12748;train
12749;train
12750;train
12751;validation
12752;test
12753;train
12754;train
12755;train
12756;train
12757;train
12758;train
12759;train
12760;test
12761;validation
12762;train
12763;train
12764;train
12765;train
12766;train
12767;validation
12768;train
12769;train
12770;train
12771;train
12772;train
12773;test
12774;validation
12775;train
12776;train
12777;train
12778;train
12779;train
12780;validation
12781;train
12782;train
12783;train
12784;train
12785;train
12786;train
12787;validation
12788;validation
12789;train
12790;train
12791;train
12792;validation
12793;train
12794;test
12795;train
12796;train
12797;train
12798;train
12799;train
12800;validation
12801;train
12802;train
12803;train
12804;validation
12805;train
12806;train
12807;train
12808;train
12809;test
12810;train
12811;train
12812;train
12813;validation
12814;train
12815;train
12816;train
12817;test
12818;train
12819;train
12820;train
12821;validation
12822;train
12823;train
12824;test
12825;validation
12826;train
12827;train
12828;train
12829;train
12830;train
12831;train
12832;train
12833;validation
12834;train
12835;train
12836;validation
12837;train
12838;train
12839;train
12840;train
12841;train
12842;validation
12843;train
12844;train
12845;train
12846;train
12847;train
12848;train
12849;train
12850;train
12851;train
12852;validation
12853;train
12854;test
12855;validation
12856;test
12857;train
12858;train
12859;train
12860;train
12861;train
12862;test
12863;train
12864;validation
12865;train
12866;train
12867;test
12868;train
12869;train
12870;validation
12871;train
12872;train
12873;train
12874;train
12875;train
12876;test
12877;train
12878;test
12879;train
12880;train
12881;test
12882;train
12883;train
12884;train
12885;train
12886;train
12887;validation
12888;train
12889;train
12890;train
12891;train
12892;train
12893;test
12894;train
12895;train
12896;validation
12897;train
12898;train
12899;train
12900;train
12901;train
12902;test
12903;train
12904;test
12905;train
12906;train
12907;train
12908;train
12909;train
12910;train
12911;train
12912;train
12913;train
12914;validation
12915;train
12916;validation
12917;train
12918;test
12919;test
12920;validation
12921;train
12922;validation
12923;validation
12924;validation
12925;train
12926;train
12927;train
12928;validation
12929;train
12930;train
12931;train
12932;train
12933;train
12934;train
12935;train
12936;train
12937;validation
12938;test
12939;train
12940;train
12941;validation
12942;train
12943;validation
12944;validation
12945;train
12946;train
12947;validation
12948;train
12949;validation
12950;validation
12951;train
12952;train
12953;train
12954;train
12955;train
12956;validation
12957;validation
12958;train
12959;test
12960;test
12961;train
12962;train
12963;train
12964;train
12965;train
12966;train
12967;test
12968;test
12969;train
12970;train
12971;validation
12972;train
12973;validation
12974;train
12975;train
12976;validation
12977;train
12978;train
12979;train
12980;train
12981;train
12982;train
12983;train
12984;train
12985;train
12986;train
12987;train
12988;train
12989;test
12990;test
12991;train
12992;train
12993;train
12994;train
12995;train
12996;train
12997;train
12998;train
12999;train
13000;train
13001;train
13002;train
13003;train
13004;train
13005;train
13006;train
13007;validation
13008;train
13009;train
13010;train
13011;validation
13012;train
13013;train
13014;train
13015;train
13016;validation
13017;train
13018;train
13019;train
13020;test
13021;train
13022;test
13023;train
13024;train
13025;train
13026;train
13027;train
13028;train
13029;train
13030;train
13031;train
13032;train
13033;train
13034;train
13035;train
13036;train
13037;train
13038;train
13039;test
13040;train
13041;train
13042;train
13043;train
13044;train
13045;train
13046;train
13047;test
13048;train
13049;train
13050;train
13051;train
13052;train
13053;train
13054;test
13055;test
13056;train
13057;train
13058;test
13059;validation
13060;train
13061;train
13062;train
13063;train
13064;train
13065;train
13066;test
13067;train
13068;train
13069;train
13070;train
13071;train
13072;train
13073;validation
13074;train
13075;validation
13076;test
13077;train
13078;train
13079;validation
13080;validation
13081;test
13082;train
13083;validation
13084;train
13085;train
13086;train
13087;train
13088;train
13089;train
13090;validation
13091;train
13092;validation
13093;validation
13094;test
13095;train
13096;train
13097;train
13098;train
13099;train
13100;train
13101;train
13102;train
13103;test
13104;train
13105;train
13106;train
13107;validation
13108;train
13109;train
13110;test
13111;train
13112;train
13113;train
13114;train
13115;train
13116;test
13117;train
13118;train
13119;test
13120;train
13121;train
13122;train
13123;train
13124;test
13125;train
13126;train
13127;train
13128;train
13129;test
13130;train
13131;train
13132;train
13133;test
13134;train
13135;validation
13136;train
13137;train
13138;test
13139;train
13140;test
13141;train
13142;train
13143;validation
13144;validation
13145;test
13146;test
13147;test
13148;validation
13149;train
13150;validation
13151;train
13152;train
13153;validation
13154;train
13155;validation
13156;train
13157;train
13158;test
13159;test
13160;train
13161;train
13162;train
13163;train
13164;validation
13165;train
13166;train
13167;train
13168;validation
13169;train
13170;validation
13171;train
13172;train
13173;train
13174;train
13175;test
13176;train
13177;train
13178;train
13179;train
13180;validation
13181;train
13182;train
13183;train
13184;train
13185;train
13186;train
13187;validation
13188;train
13189;train
13190;train
13191;train
13192;train
13193;train
13194;train
13195;train
13196;train
13197;train
13198;test
13199;train
13200;train
13201;validation
13202;train
13203;train
13204;test
13205;validation
13206;validation
13207;test
13208;train
13209;train
13210;train
13211;validation
13212;train
13213;train
13214;train
13215;train
13216;train
13217;train
13218;train
13219;train
13220;train
13221;test
13222;train
13223;train
13224;train
13225;validation
13226;validation
13227;train
13228;train
13229;train
13230;train
13231;test
13232;train
13233;validation
13234;test
13235;train
13236;validation
13237;train
13238;validation
13239;train
13240;train
13241;validation
13242;train
13243;train
13244;train
13245;test
13246;train
13247;train
13248;train
13249;train
13250;test
13251;train
13252;train
13253;validation
13254;validation
13255;validation
13256;train
13257;train
13258;test
13259;test
13260;train
13261;train
13262;train
13263;train
13264;validation
13265;train
13266;train
13267;train
13268;train
13269;train
13270;test
13271;test
13272;validation
13273;train
13274;train
13275;train
13276;train
13277;train
13278;train
13279;test
13280;train
13281;train
13282;train
13283;train
13284;train
13285;validation
13286;train
13287;train
13288;train
13289;train
13290;train
13291;validation
13292;train
13293;train
13294;validation
13295;train
13296;train
13297;train
13298;validation
13299;train
13300;train
13301;train
13302;train
13303;test
13304;test
13305;train
13306;train
13307;train
13308;train
13309;train
13310;train
13311;test
13312;test
13313;test
13314;test
13315;test
13316;train
13317;train
13318;test
13319;train
13320;train
13321;train
13322;train
13323;validation
13324;train
13325;train
13326;train
13327;train
13328;train
13329;train
13330;train
13331;train
13332;train
13333;train
13334;train
13335;train
13336;train
13337;train
13338;train
13339;train
13340;train
13341;train
13342;test
13343;train
13344;train
13345;train
13346;train
13347;test
13348;test
13349;train
13350;validation
13351;test
13352;test
13353;train
13354;train
13355;train
13356;validation
13357;train
13358;train
13359;train
13360;train
13361;test
13362;validation
13363;train
13364;validation
13365;train
13366;train
13367;train
13368;test
13369;test
13370;validation
13371;train
13372;train
13373;test
13374;test
13375;train
13376;validation
13377;train
13378;train
13379;test
13380;train
13381;test
13382;train
13383;test
13384;train
13385;train
13386;train
13387;train
13388;train
13389;train
13390;train
13391;train
13392;train
13393;train
13394;train
13395;train
13396;test
13397;train
13398;train
13399;train
13400;validation
13401;train
13402;train
13403;train
13404;train
13405;test
13406;test
13407;train
13408;train
13409;train
13410;train
13411;train
13412;validation
13413;train
13414;train
13415;validation
13416;train
13417;validation
13418;train
13419;train
13420;validation
13421;train
13422;validation
13423;train
13424;train
13425;train
13426;train
13427;validation
13428;train
13429;train
13430;train
13431;validation
13432;train
13433;train
13434;train
13435;train
13436;train
13437;validation
13438;test
13439;train
13440;validation
13441;train
13442;test
13443;train
13444;train
13445;train
13446;test
13447;test
13448;train
13449;train
13450;train
13451;train
13452;test
13453;test
13454;train
13455;train
13456;train
13457;train
13458;train
13459;train
13460;train
13461;validation
13462;test
13463;test
13464;train
13465;train
13466;train
13467;train
13468;train
13469;train
13470;train
13471;train
13472;train
13473;train
13474;train
13475;train
13476;test
13477;train
13478;validation
13479;train
13480;test
13481;train
13482;train
13483;test
13484;train
13485;validation
13486;train
13487;train
13488;validation
13489;train
13490;train
13491;train
13492;validation
13493;validation
13494;train
13495;train
13496;train
13497;test
13498;validation
13499;validation
13500;train
13501;validation
13502;train
13503;test
13504;train
13505;train
13506;test
13507;test
13508;train
13509;test
13510;validation
13511;train
13512;test
13513;train
13514;train
13515;validation
13516;train
13517;train
13518;train
13519;validation
13520;test
13521;train
13522;train
13523;train
13524;train
13525;train
13526;train
13527;train
13528;test
13529;test
13530;train
13531;train
13532;train
13533;test
13534;test
13535;train
13536;train
13537;train
13538;train
13539;train
13540;test
13541;train
13542;train
13543;train
13544;validation
13545;train
13546;test
13547;train
13548;train
13549;train
13550;validation
13551;test
13552;train
13553;train
13554;train
13555;train
13556;validation
13557;test
13558;train
13559;train
13560;train
13561;train
13562;train
13563;test
13564;test
13565;train
13566;train
13567;train
13568;train
13569;train
13570;train
13571;test
13572;train
13573;validation
13574;test
13575;train
13576;train
13577;train
13578;validation
13579;train
13580;validation
13581;train
13582;validation
13583;train
13584;train
13585;train
13586;train
13587;train
13588;validation
13589;train
13590;train
13591;train
13592;test
13593;train
13594;validation
13595;train
13596;train
13597;validation
13598;train
13599;test
13600;test
13601;train
13602;train
13603;test
13604;train
13605;test
13606;train
13607;train
13608;test
13609;train
13610;train
13611;train
13612;train
13613;train
13614;train
13615;test
13616;train
13617;test
13618;train
13619;train
13620;test
13621;train
13622;validation
13623;train
13624;train
13625;test
13626;validation
13627;train
13628;train
13629;train
13630;train
13631;test
13632;test
13633;train
13634;train
13635;train
13636;train
13637;train
13638;test
13639;train
13640;train
13641;train
13642;train
13643;train
13644;train
13645;test
13646;validation
13647;train
13648;train
13649;train
13650;test
13651;train
13652;train
13653;train
13654;train
13655;train
13656;validation
13657;test
13658;train
13659;train
13660;train
13661;train
13662;train
13663;train
13664;train
13665;train
13666;validation
13667;validation
13668;test
13669;test
13670;train
13671;validation
13672;train
13673;validation
13674;train
13675;train
13676;train
13677;train
13678;train
13679;train
13680;train
13681;validation
13682;train
13683;train
13684;train
13685;train
13686;validation
13687;train
13688;train
13689;validation
13690;validation
13691;test
13692;train
13693;train
13694;train
13695;train
13696;train
13697;test
13698;train
13699;train
13700;train
13701;validation
13702;train
13703;train
13704;train
13705;train
13706;train
13707;train
13708;train
13709;train
13710;train
13711;train
13712;train
13713;train
13714;train
13715;train
13716;validation
13717;train
13718;train
13719;validation
13720;train
13721;train
13722;train
13723;train
13724;train
13725;test
13726;train
13727;train
13728;test
13729;train
13730;train
13731;train
13732;train
13733;train
13734;test
13735;train
13736;train
13737;train
13738;train
13739;train
13740;train
13741;test
13742;train
13743;validation
13744;test
13745;train
13746;train
13747;train
13748;train
13749;train
13750;train
13751;validation
13752;validation
13753;test
13754;validation
13755;validation
13756;train
13757;train
13758;test
13759;train
13760;train
13761;train
13762;train
13763;train
13764;train
13765;train
13766;validation
13767;train
13768;test
13769;train
13770;train
13771;train
13772;train
13773;train
13774;train
13775;test
13776;test
13777;validation
13778;train
13779;train
13780;train
13781;train
13782;validation
13783;train
13784;train
13785;validation
13786;test
13787;validation
13788;train
13789;train
13790;train
13791;test
13792;train
13793;validation
13794;train
13795;test
13796;validation
13797;train
13798;validation
13799;test
13800;train
13801;test
13802;train
13803;test
13804;test
13805;validation
13806;train
13807;validation
13808;validation
13809;validation
13810;validation
13811;train
13812;train
13813;validation
13814;validation
13815;train
13816;train
13817;train
13818;train
13819;train
13820;train
13821;train
13822;test
13823;train
13824;train
13825;train
13826;train
13827;train
13828;train
13829;validation
13830;test
13831;test
13832;test
13833;train
13834;train
13835;validation
13836;train
13837;validation
13838;train
13839;train
13840;train
13841;validation
13842;train
13843;train
13844;train
13845;train
13846;validation
13847;train
13848;test
13849;train
13850;test
13851;test
13852;test
13853;train
13854;train
13855;test
13856;train
13857;validation
13858;validation
13859;validation
13860;train
13861;train
13862;test
13863;validation
13864;train
13865;train
13866;train
13867;train
13868;train
13869;train
13870;train
13871;train
13872;train
13873;train
13874;train
13875;train
13876;train
13877;train
13878;validation
13879;train
13880;train
13881;test
13882;train
13883;train
13884;train
13885;train
13886;train
13887;test
13888;train
13889;train
13890;train
13891;validation
13892;train
13893;train
13894;train
13895;train
13896;train
13897;test
13898;train
13899;train
13900;train
13901;train
13902;train
13903;test
13904;train
13905;validation
13906;train
13907;train
13908;test
13909;test
13910;train
13911;validation
13912;test
13913;train
13914;train
13915;test
13916;train
13917;train
13918;test
13919;validation
13920;validation
13921;validation
13922;validation
13923;train
13924;validation
13925;train
13926;train
13927;validation
13928;train
13929;train
13930;train
13931;train
13932;train
13933;test
13934;test
13935;train
13936;train
13937;train
13938;train
13939;validation
13940;train
13941;validation
13942;train
13943;train
13944;train
13945;test
13946;train
13947;train
13948;test
13949;train
13950;test
13951;train
13952;train
13953;test
13954;train
13955;train
13956;validation
13957;train
13958;train
13959;train
13960;train
13961;validation
13962;test
13963;train
13964;train
13965;train
13966;train
13967;validation
13968;train
13969;validation
13970;train
13971;train
13972;test
13973;validation
13974;train
13975;train
13976;train
13977;validation
13978;train
13979;test
13980;train
13981;train
13982;train
13983;test
13984;train
13985;train
13986;test
13987;train
13988;test
13989;train
13990;train
13991;train
13992;train
13993;test
13994;train
13995;train
13996;train
13997;test
13998;train
13999;train
14000;train
14001;train
14002;validation
14003;validation
14004;train
14005;validation
14006;train
14007;train
14008;train
14009;train
14010;test
14011;train
14012;train
14013;train
14014;train
14015;train
14016;test
14017;train
14018;train
14019;train
14020;validation
14021;train
14022;train
14023;train
14024;train
14025;train
14026;train
14027;validation
14028;validation
14029;train
14030;train
14031;validation
14032;train
14033;train
14034;train
14035;train
14036;train
14037;train
14038;validation
14039;train
14040;test
14041;validation
14042;train
14043;train
14044;train
14045;validation
14046;train
14047;test
14048;train
14049;test
14050;train
14051;train
14052;train
14053;train
14054;test
14055;test
14056;train
14057;train
14058;train
14059;train
14060;test
14061;train
14062;train
14063;train
14064;train
14065;train
14066;test
14067;test
14068;train
14069;train
14070;train
14071;train
14072;train
14073;test
14074;train
14075;train
14076;test
14077;train
14078;test
14079;train
14080;train
14081;train
14082;train
14083;train
14084;test
14085;train
14086;test
14087;train
14088;validation
14089;test
14090;test
14091;train
14092;train
14093;train
14094;train
14095;train
14096;train
14097;train
14098;train
14099;train
14100;train
14101;validation
14102;train
14103;test
14104;train
14105;train
14106;validation
14107;train
14108;train
14109;test
14110;train
14111;validation
14112;test
14113;validation
14114;train
14115;train
14116;train
14117;train
14118;train
14119;validation
14120;train
14121;train
14122;train
14123;train
14124;train
14125;train
14126;train
14127;train
14128;train
14129;train
14130;train
14131;train
14132;train
14133;train
14134;train
14135;validation
14136;train
14137;train
14138;validation
14139;train
14140;train
14141;train
14142;train
14143;validation
14144;train
14145;test
14146;train
14147;train
14148;test
14149;train
14150;validation
14151;train
14152;train
14153;train
14154;validation
14155;train
14156;train
14157;validation
14158;validation
14159;train
14160;train
14161;validation
14162;train
14163;train
14164;train
14165;train
14166;train
14167;test
14168;train
14169;train
14170;train
14171;train
14172;train
14173;train
14174;train
14175;test
14176;train
14177;train
14178;test
14179;train
14180;train
14181;train
14182;train
14183;test
14184;train
14185;train
14186;test
14187;train
14188;train
14189;train
14190;train
14191;validation
14192;train
14193;train
14194;validation
14195;test
14196;train
14197;validation
14198;train
14199;test
14200;test
14201;validation
14202;train
14203;train
14204;train
14205;train
14206;train
14207;validation
14208;train
14209;test
14210;test
14211;train
14212;train
14213;test
14214;validation
14215;validation
14216;validation
14217;train
14218;train
14219;train
14220;validation
14221;train
14222;train
14223;train
14224;test
14225;train
14226;train
14227;train
14228;train
14229;validation
14230;train
14231;validation
14232;validation
14233;train
14234;train
14236;validation
14237;train
14238;train
14239;train
14240;test
14241;train
14242;train
14243;train
14244;train
14245;train
14246;train
14247;train
14248;train
14249;train
14250;test
14251;train
14252;train
14253;train
14254;test
14255;test
14256;train
14257;train
14258;train
14259;validation
14260;train
14261;train
14262;train
14263;train
14264;train
14265;train
14266;train
14267;train
14268;validation
14269;train
14270;validation
14271;train
14272;train
14273;validation
14274;train
14275;train
14276;train
14277;train
14278;train
14279;train
14280;train
14281;train
14282;train
14283;train
14284;validation
14285;test
14286;test
14287;train
14288;train
14289;train
14290;test
14291;train
14292;validation
14293;train
14294;train
14295;train
14296;test
14297;train
14298;train
14299;validation
14300;train
14301;train
14302;test
14303;validation
14304;train
14305;train
14306;test
14307;train
14308;train
14309;train
14310;test
14311;train
14312;test
14313;train
14314;validation
14315;train
14316;train
14317;validation
14318;train
14319;train
14320;train
14321;validation
14322;train
14323;validation
14324;train
14325;train
14326;test
14327;validation
14328;train
14329;train
14330;train
14331;test
14332;validation
14333;validation
14334;test
14335;train
14336;validation
14337;train
14338;train
14339;train
14340;train
14341;train
14342;train
14343;train
14344;train
14345;train
14346;train
14347;train
14348;train
14349;validation
14350;train
14351;test
14352;train
14353;validation
14354;test
14355;train
14356;train
14357;train
14358;train
14359;train
14360;train
14361;train
14362;test
14363;test
14364;train
14365;test
14366;train
14367;train
14368;train
14369;train
14370;train
14371;train
14372;train
14373;validation
14374;train
14375;train
14376;train
14377;train
14378;train
14379;train
14380;validation
14381;train
14382;train
14383;train
14384;train
14385;test
14386;train
14387;validation
14388;train
14389;train
14390;test
14391;test
14392;train
14393;train
14394;train
14395;train
14396;validation
14397;test
14398;test
14399;train
14400;test
14401;test
14402;train
14403;test
14404;train
14405;train
14406;train
14407;train
14408;validation
14409;train
14410;test
14411;train
14412;test
14413;train
14414;train
14415;train
14416;train
14417;test
14418;train
14419;validation
14420;train
14421;validation
14422;train
14423;test
14424;test
14425;validation
14426;train
14427;train
14428;validation
14429;train
14430;train
14431;train
14432;validation
14433;train
14434;train
14435;train
14436;test
14437;validation
14438;test
14439;train
14440;train
14441;train
14442;train
14443;train
14444;train
14445;validation
14446;train
14447;train
14448;train
14449;test
14450;train
14451;test
14452;validation
14453;test
14454;test
14455;train
14456;test
14457;train
14458;train
14459;test
14460;validation
14461;train
14462;train
14463;train
14464;train
14465;train
14466;train
14467;test
14468;validation
14469;train
14470;train
14471;train
14472;train
14473;train
14474;train
14475;train
14476;train
14477;test
14478;test
14479;test
14480;train
14481;validation
14482;test
14483;train
14484;test
14485;train
14486;test
14487;train
14488;train
14489;validation
14490;train
14491;validation
14492;validation
14493;train
14494;train
14495;train
14496;validation
14497;train
14498;test
14499;train
14500;test
14501;test
14502;train
14503;train
14504;train
14505;train
14506;validation
14507;train
14508;test
14509;validation
14510;test
14511;test
14512;train
14513;train
14514;train
14515;validation
14516;train
14517;train
14518;train
14519;train
14520;validation
14521;validation
14522;train
14523;train
14524;train
14525;test
14526;train
14527;train
14528;train
14529;validation
14530;test
14531;train
14532;train
14533;train
14534;validation
14535;validation
14536;train
14537;validation
14538;train
14539;train
14540;train
14541;test
14542;train
14543;train
14544;train
14545;test
14546;train
14547;train
14548;train
14549;test
14550;train
14551;train
14552;validation
14553;train
14554;train
14555;train
14556;train
14557;train
14558;validation
14559;train
14560;train
14561;test
14562;validation
14563;train
14564;train
14565;train
14566;validation
14567;train
14568;train
14569;train
14570;train
14571;train
14572;train
14573;train
14574;train
14575;train
14576;train
14577;validation
14578;test
14579;train
14580;validation
14581;train
14582;train
14583;validation
14584;train
14585;train
14586;test
14587;test
14588;train
14589;train
14590;train
14591;test
14592;train
14593;train
14594;test
14595;train
14596;validation
14597;validation
14598;train
14599;train
14600;test
14601;test
14602;validation
14603;train
14604;train
14605;validation
14606;train
14607;test
14608;train
14609;test
14610;train
14611;train
14612;train
14613;validation
14614;validation
14615;test
14616;train
14617;train
14618;validation
14619;validation
14620;validation
14621;train
14622;train
14623;train
14624;train
14625;train
14626;train
14627;train
14628;train
14629;train
14630;train
14631;train
14632;train
14633;validation
14634;train
14635;test
14636;train
14637;train
14638;validation
14639;train
14640;validation
14641;test
14642;train
14643;train
14644;train
14645;train
14646;train
14647;train
14648;test
14649;train
14650;train
14651;train
14652;train
14653;train
14654;train
14655;train
14656;train
14657;train
14658;validation
14659;test
14660;train
14661;train
14662;validation
14663;train
14664;train
14665;test
14666;test
14667;train
14668;train
14669;validation
14670;train
14671;train
14672;train
14673;train
14674;train
14675;train
14676;train
14677;validation
14678;train
14679;train
14680;train
14681;train
14682;train
14683;test
14684;train
14685;validation
14686;validation
14687;test
14688;train
14689;train
14690;train
14691;validation
14692;test
14693;train
14694;train
14695;train
14696;train
14697;test
14698;train
14699;test
14700;train
14701;train
14702;validation
14703;train
14704;train
14705;validation
14706;train
14707;train
14708;train
14709;train
14710;train
14711;train
14712;train
14713;train
14714;train
14715;test
14716;train
14717;validation
14718;train
14719;train
14720;test
14721;train
14722;train
14723;test
14724;test
14725;test
14726;validation
14727;validation
14728;train
14729;train
14730;train
14731;train
14732;train
14733;train
14734;train
14735;train
14736;train
14737;train
14738;train
14739;validation
14740;validation
14741;train
14742;train
14743;test
14744;test
14745;train
14746;train
14747;train
14748;train
14749;test
14750;train
14751;train
14752;train
14753;test
14754;train
14755;validation
14756;train
14757;train
14758;train
14759;train
14760;validation
14761;train
14762;test
14763;test
14764;train
14765;train
14766;train
14767;validation
14768;train
14769;train
14770;train
14771;validation
14772;train
14773;train
14774;train
14775;train
14776;train
14777;train
14778;train
14779;train
14780;validation
14781;train
14782;train
14783;train
14784;validation
14785;validation
14786;train
14787;train
14788;test
14789;train
14790;train
14791;test
14792;train
14793;test
14794;train
14795;train
14796;test
14797;train
14798;train
14799;train
14800;train
14801;train
14802;test
14803;test
14804;train
14805;test
14806;train
14807;train
14808;train
14809;train
14810;validation
14811;train
14812;train
14813;train
14814;train
14815;test
14816;train
14817;train
14818;train
14819;train
14820;train
14821;train
14822;validation
14823;test
14824;train
14825;train
14826;train
14827;train
14828;validation
14829;test
14830;test
14831;train
14832;train
14833;train
14834;train
14835;train
14836;train
14837;train
14838;train
14839;train
14840;train
14841;train
14842;train
14843;validation
14844;test
14845;validation
14846;train
14847;validation
14848;train
14849;train
14850;train
14851;test
14852;train
14853;test
14854;train
14855;validation
14856;test
14857;train
14858;test
14859;test
14860;train
14861;train
14862;train
14863;train
14864;train
14865;train
14866;test
14867;test
14868;train
14869;train
14870;test
14871;validation
14872;train
14873;train
14874;train
14875;validation
14876;train
14877;train
14878;train
14879;train
14880;train
14881;train
14882;train
14883;train
14884;test
14885;validation
14886;train
14887;train
14888;train
14889;train
14890;train
14891;test
14892;validation
14893;train
14894;validation
14895;validation
14896;test
14897;test
14898;train
14899;train
14900;train
14901;test
14902;train
14903;train
14904;train
14905;train
14906;train
14907;train
14908;train
14909;train
14910;train
14911;test
14912;train
14913;test
14914;train
14915;validation
14916;train
14917;validation
14918;train
14919;train
14920;train
14921;train
14922;train
14923;test
14924;test
14925;train
14926;train
14927;train
14928;train
14929;train
14930;train
14931;train
14932;train
14933;test
14934;validation
14935;train
14936;test
14937;train
14938;train
14939;test
14940;validation
14941;train
14942;validation
14943;train
14944;train
14945;train
14946;train
14947;train
14948;train
14949;validation
14950;validation
14951;train
14952;test
14953;train
14954;test
14955;test
14956;train
14957;train
14958;train
14959;validation
14960;train
14961;train
14962;train
14963;test
14964;validation
14965;train
14966;train
14967;train
14968;train
14969;train
14970;train
14971;train
14972;test
14973;train
14974;test
14975;train
14976;test
14977;train
14978;train
14979;train
14980;validation
14981;test
14982;train
14983;test
14984;train
14985;train
14986;validation
14987;test
14988;train
14989;test
14990;train
14991;train
14992;test
14993;train
14994;validation
14995;validation
14996;test
14997;validation
14998;validation
14999;test
15000;train
15001;validation
15002;train
15003;train
15004;validation
15005;train
15006;train
15007;train
15008;train
15009;train
15010;train
15011;validation
15012;train
15013;train
15014;train
15015;test
15016;validation
15017;test
15018;train
15019;train
15020;train
15021;train
15022;validation
15023;train
15024;train
15025;train
15026;train
15027;validation
15028;train
15029;train
15030;train
15031;train
15032;train
15033;train
15034;train
15035;train
15036;train
15037;validation
15038;train
15039;train
15040;train
15041;train
15042;train
15043;validation
15044;test
15045;test
15046;train
15047;train
15048;validation
15049;train
15050;train
15051;train
15052;train
15053;test
15054;train
15055;train
15056;train
15057;validation
15058;train
15059;validation
15060;train
15061;train
15062;train
15063;train
15064;train
15065;validation
15066;validation
15067;train
15068;train
15069;train
15070;train
15071;train
15072;train
15073;train
15074;train
15075;validation
15076;train
15077;train
15078;train
15079;train
15080;train
15081;test
15082;train
15083;train
15084;train
15085;train
15086;train
15087;train
15088;train
15089;train
15090;train
15091;test
15092;train
15093;test
15094;validation
15095;train
15096;train
15097;train
15098;train
15099;test
15100;validation
15101;train
15102;train
15103;train
15104;train
15105;train
15106;validation
15107;train
15108;train
15109;train
15110;test
15111;train
15112;train
15113;test
15114;train
15115;train
15116;train
15117;test
15118;train
15119;train
15120;train
15121;train
15122;train
15123;validation
15124;train
15125;train
15126;train
15127;train
15128;train
15129;test
15130;validation
15131;train
15132;train
15133;test
15134;test
15135;train
15136;train
15137;validation
15138;train
15139;train
15140;train
15141;validation
15142;train
15143;train
15144;train
15145;validation
15146;train
15147;train
15148;test
15149;train
15150;test
15151;validation
15152;train
15153;validation
15154;train
15155;validation
15156;train
15157;train
15158;train
15159;train
15160;train
15161;train
15162;test
15163;train
15164;validation
15165;train
15166;train
15167;train
15168;validation
15169;validation
15170;train
15171;train
15172;train
15173;train
15174;test
15175;train
15176;validation
15177;validation
15178;train
15179;train
15180;train
15181;test
15182;validation
15183;train
15184;train
15185;train
15186;validation
15187;validation
15188;train
15189;train
15190;test
15191;train
15192;train
15193;train
15194;train
15195;train
15196;validation
15197;train
15198;train
15199;train
15200;train
15201;train
15202;train
15203;train
15204;train
15205;test
15206;train
15207;test
15208;train
15209;train
15210;train
15211;validation
15212;test
15213;train
15214;train
15215;train
15216;train
15217;test
15218;validation
15219;test
15220;test
15221;train
15222;test
15223;train
15224;train
15225;train
15226;train
15227;train
15228;validation
15229;test
15230;train
15231;train
15232;train
15233;train
15234;train
15235;train
15236;train
15237;train
15238;train
15239;validation
15240;train
15241;train
15242;train
15243;train
15244;validation
15245;validation
15246;train
15247;train
15248;train
15249;train
15250;validation
15251;train
15252;train
15253;test
15254;train
15255;train
15256;train
15257;train
15258;train
15259;validation
15260;train
15261;train
15262;train
15263;train
15264;train
15265;test
15266;train
15267;test
15268;train
15269;test
15270;train
15271;train
15272;train
15273;test
15274;train
15275;validation
15276;train
15277;train
15278;train
15279;train
15280;train
15281;train
15282;train
15283;train
15284;train
15285;train
15286;train
15287;train
15288;validation
15289;train
15290;validation
15291;train
15292;train
15293;train
15294;train
15295;train
15296;test
15297;validation
15298;train
15299;train
15300;train
15301;train
15302;train
15303;train
15304;validation
15305;train
15306;validation
15307;train
15308;train
15309;test
15310;train
15311;train
15312;train
15313;train
15314;validation
15315;train
15316;train
15317;train
15318;validation
15319;validation
15320;train
15321;validation
15322;test
15323;train
15324;train
15325;train
15326;train
15327;validation
15328;train
15329;train
15330;train
15331;train
15332;train
15333;train
15334;train
15335;validation
15336;train
15337;validation
15338;train
15339;train
15340;train
15341;train
15342;train
15343;test
15344;test
15345;train
15346;train
15347;train
15348;validation
15349;train
15350;train
15351;test
15352;train
15353;validation
15354;test
15355;train
15356;train
15357;train
15358;train
15359;train
15360;train
15361;train
15362;validation
15363;train
15364;test
15365;train
15366;train
15367;train
15368;train
15369;validation
15370;train
15371;train
15372;train
15373;train
15374;train
15375;train
15376;train
15377;train
15378;validation
15379;train
15380;test
15381;test
15382;validation
15383;train
15384;train
15385;train
15386;train
15387;train
15388;train
15389;train
15390;train
15391;train
15392;train
15393;train
15394;train
15395;train
15396;test
15397;train
15398;train
15399;train
15400;train
15401;train
15402;train
15403;train
15404;train
15405;train
15406;train
15407;train
15408;validation
15409;train
15410;train
15411;train
15412;validation
15413;train
15414;train
15415;train
15416;train
15417;train
15418;train
15419;test
15420;train
15421;test
15422;train
15423;test
15424;train
15425;validation
15426;train
15427;train
15428;train
15429;train
15430;train
15431;train
15432;train
15433;validation
15434;train
15435;train
15436;train
15437;validation
15438;train
15439;train
15440;validation
15441;train
15442;train
15443;train
15444;train
15445;train
15446;train
15447;test
15448;train
15449;train
15450;train
15451;train
15452;train
15453;train
15454;train
15455;train
15456;train
15457;train
15458;train
15459;train
15460;train
15461;train
15462;test
15463;train
15464;test
15465;validation
15466;train
15467;train
15468;validation
15469;train
15470;train
15471;train
15472;train
15473;train
15474;test
15475;train
15476;validation
15477;train
15478;train
15479;test
15480;train
15481;train
15482;train
15483;validation
15484;train
15485;train
15486;validation
15487;train
15488;train
15489;validation
15490;validation
15491;train
15492;train
15493;train
15494;train
15495;train
15496;train
15497;validation
15498;train
15499;train
15500;train
15501;train
15502;test
15503;train
15504;train
15505;test
15506;train
15507;train
15508;train
15509;validation
15510;train
15511;train
15512;train
15513;validation
15514;train
15515;train
15516;train
15517;train
15518;train
15519;validation
15520;train
15521;train
15522;train
15523;train
15524;validation
15525;train
15526;train
15527;train
15528;validation
15529;train
15530;test
15531;train
15532;train
15533;train
15534;test
15535;train
15536;train
15537;train
15538;train
15539;train
15540;train
15541;test
15542;train
15543;train
15544;validation
15545;validation
15546;validation
15547;validation
15548;train
15549;train
15550;train
15551;validation
15552;test
15553;validation
15554;train
15555;train
15556;test
15557;train
15558;train
15559;train
15560;test
15561;train
15562;train
15563;train
15564;test
15565;validation
15566;train
15567;train
15568;test
15569;validation
15570;train
15571;test
15572;train
15573;train
15574;train
15575;train
15576;test
15577;test
15578;validation
15579;train
15580;train
15581;train
15582;train
15583;train
15584;train
15585;train
15586;train
15587;train
15588;train
15589;train
15590;train
15591;train
15592;train
15593;train
15594;train
15595;train
15596;validation
15597;test
15598;train
15599;train
15600;train
15601;train
15602;train
15603;train
15604;train
15605;train
15606;train
15607;train
15608;train
15609;train
15610;validation
15611;train
15612;validation
15613;train
15614;train
15615;train
15616;train
15617;train
15618;train
15619;train
15620;train
15621;test
15622;train
15623;train
15624;validation
15625;train
15626;train
15627;train
15628;train
15629;train
15630;train
15631;validation
15632;train
15633;train
15634;train
15635;train
15636;train
15637;train
15638;train
15639;train
15640;train
15641;train
15642;validation
15643;train
15644;train
15645;train
15646;train
15647;train
15648;train
15649;train
15650;train
15651;train
15652;test
15653;train
15654;test
15655;test
15656;validation
15657;validation
15658;train
15659;train
15660;train
15661;train
15662;train
15663;train
15664;train
15665;train
15666;train
15667;train
15668;validation
15669;train
15670;train
15671;test
15672;test
15673;train
15674;train
15675;test
15676;train
15677;train
15678;train
15679;train
15680;train
15681;train
15682;train
15683;validation
15684;train
15685;train
15686;train
15687;train
15688;train
15689;validation
15690;train
15691;train
15692;test
15693;test
15694;test
15695;train
15696;test
15697;validation
15698;validation
15699;train
15700;train
15701;train
15702;test
15703;test
15704;train
15705;train
15706;train
15707;validation
15708;validation
15709;train
15710;train
15711;test
15712;test
15713;train
15714;train
15715;train
15716;train
15717;train
15718;train
15719;train
15720;train
15721;train
15722;test
15723;train
15724;train
15725;train
15726;train
15727;train
15728;train
15729;train
15730;train
15731;train
15732;train
15733;train
15734;validation
15735;train
15736;train
15737;train
15738;train
15739;validation
15740;validation
15741;train
15742;train
15743;train
15744;test
15745;train
15746;train
15747;train
15748;train
15749;test
15750;test
15751;test
15752;test
15753;train
15754;train
15755;test
15756;train
15757;train
15758;train
15759;train
15760;test
15761;train
15762;test
15763;train
15764;train
15765;train
15766;train
15767;train
15768;train
15769;test
15770;train
15771;train
15772;train
15773;test
15774;train
15775;train
15776;train
15777;train
15778;train
15779;validation
15780;train
15781;train
15782;validation
15783;train
15784;train
15785;test
15786;train
15787;train
15788;test
15789;train
15790;validation
15791;train
15792;train
15793;train
15794;train
15795;test
15796;test
15797;validation
15798;validation
15799;validation
15800;train
15801;test
15802;train
15803;train
15804;train
15805;train
15806;train
15807;train
15808;train
15809;train
15810;train
15811;train
15812;test
15813;train
15814;train
15815;train
15816;train
15817;train
15818;train
15819;train
15820;test
15821;test
15822;train
15823;test
15824;test
15825;validation
15826;validation
15827;test
15828;test
15829;validation
15830;validation
15831;train
15832;train
15833;train
15834;train
15835;train
15836;test
15837;test
15838;train
15839;train
15840;train
15841;train
15842;validation
15843;test
15844;train
15845;train
15846;train
15847;train
15848;train
15849;test
15850;train
15851;train
15852;train
15853;train
15854;train
15855;test
15856;train
15857;train
15858;train
15859;test
15860;test
15861;train
15862;train
15863;test
15864;train
15865;train
15866;train
15867;train
15868;train
15869;train
15870;test
15871;test
15872;train
15873;train
15874;test
15875;test
15876;train
15877;train
15878;train
15879;validation
15880;train
15881;train
15882;train
15883;test
15884;test
15885;train
15886;train
15887;test
15888;train
15889;train
15890;train
15891;train
15892;train
15893;train
15894;train
15895;validation
15896;train
15897;train
15898;train
15899;train
15900;train
15901;train
15902;test
15903;validation
15904;train
15905;test
15906;train
15907;train
15908;test
15909;test
15910;train
15911;train
15912;train
15913;train
15914;test
15915;validation
15916;validation
15917;train
15918;train
15919;train
15920;train
15921;validation
15922;train
15923;train
15924;train
15925;train
15926;validation
15927;train
15928;train
15929;train
15930;test
15931;train
15932;train
15933;validation
15934;train
15935;train
15936;train
15937;validation
15938;train
15939;train
15940;train
15941;train
15942;train
15943;train
15944;train
15945;test
15946;train
15947;train
15948;train
15949;train
15950;train
15951;train
15952;train
15953;train
15954;validation
15955;train
15956;test
15957;train
15958;train
15959;train
15960;test
15961;train
15962;train
15963;train
15964;train
15965;train
15966;train
15967;test
15968;train
15969;test
15970;train
15971;train
15972;train
15973;train
15974;train
15975;train
15976;train
15977;train
15978;train
15979;train
15980;train
15981;train
15982;train
15983;train
15984;train
15985;validation
15986;train
15987;test
15988;train
15989;train
15990;validation
15991;train
15992;test
15993;train
15994;train
15995;test
15996;validation
15997;train
15998;train
15999;test
16000;train
16001;train
16002;test
16003;test
16004;train
16005;train
16006;train
16007;validation
16008;train
16009;validation
16010;train
16011;train
16012;train
16013;test
16014;validation
16015;test
16016;train
16017;train
16018;validation
16019;train
16020;train
16021;train
16022;train
16023;train
16024;train
16025;validation
16026;test
16027;train
16028;train
16029;train
16030;test
16031;train
16032;train
16033;validation
16034;validation
16035;train
16036;train
16037;validation
16038;train
16039;test
16040;validation
16041;train
16042;train
16043;train
16044;train
16045;test
16046;test
16047;validation
16048;train
16049;test
16050;train
16051;train
16052;train
16053;train
16054;train
16055;validation
16056;train
16057;test
16058;validation
16059;train
16060;validation
16061;train
16062;test
16063;test
16064;validation
16065;validation
16066;train
16067;train
16068;train
16069;validation
16070;validation
16071;train
16072;train
16073;train
16074;validation
16075;train
16076;test
16077;test
16078;train
16079;train
16080;train
16081;train
16082;test
16083;train
16084;train
16085;train
16086;train
16087;train
16088;train
16089;train
16090;test
16091;train
16092;train
16093;validation
16094;train
16095;train
16096;train
16097;train
16098;test
16099;validation
16100;validation
16101;train
16102;train
16103;train
16104;train
16105;train
16106;train
16107;train
16108;train
16109;validation
16110;train
16111;train
16112;train
16113;train
16114;test
16115;train
16116;validation
16117;train
16118;train
16119;train
16120;train
16121;train
16122;train
16123;train
16124;train
16125;train
16126;test
16127;train
16128;train
16129;train
16130;test
16131;train
16132;train
16133;train
16134;train
16135;train
16136;train
16137;train
16138;train
16139;train
16140;train
16141;train
16142;validation
16143;test
16144;test
16145;train
16146;train
16147;validation
16148;test
16149;validation
16150;train
16151;train
16152;train
16153;train
16154;train
16155;train
16156;train
16157;validation
16158;train
16159;validation
16160;train
16161;train
16162;train
16163;train
16164;train
16165;test
16166;train
16167;validation
16168;test
16169;train
16170;validation
16171;test
16172;train
16173;train
16174;train
16175;validation
16176;train
16177;train
16178;train
16179;train
16180;train
16181;test
16182;train
16183;train
16184;train
16185;train
16186;test
16187;train
16188;train
16189;train
16190;validation
16191;train
16192;train
16193;train
16194;train
16195;train
16196;train
16197;train
16198;train
16199;train
16200;test
16201;train
16202;validation
16203;train
16204;train
16205;train
16206;train
16207;train
16208;train
16209;test
16210;train
16211;train
16212;test
16213;test
16214;train
16215;test
16216;train
16217;validation
16218;validation
16219;train
16220;train
16221;validation
16222;validation
16223;validation
16224;train
16225;train
16226;train
16227;train
16228;train
16229;train
16230;train
16231;train
16232;test
16233;train
16234;train
16235;train
16236;train
16237;train
16238;validation
16239;train
16240;train
16241;train
16242;train
16243;test
16244;train
16245;train
16246;train
16247;validation
16248;train
16249;train
16250;train
16251;validation
16252;train
16253;train
16254;train
16255;train
16256;train
16257;train
16258;train
16259;test
16260;train
16261;train
16262;validation
16263;train
16264;train
16265;test
16266;validation
16267;train
16268;train
16269;train
16270;train
16271;test
16272;train
16273;validation
16274;train
16275;train
16276;validation
16277;validation
16278;train
16279;train
16280;train
16281;train
16282;validation
16283;train
16284;train
16285;train
16286;test
16287;train
16288;train
16289;test
16290;train
16291;train
16292;train
16293;validation
16294;train
16295;train
16296;train
16297;test
16298;train
16299;train
16300;validation
16301;train
16302;train
16303;train
16304;train
16305;train
16306;test
16307;train
16308;train
16309;train
16310;train
16311;train
16312;train
16313;test
16314;validation
16315;train
16316;train
16317;train
16318;train
16319;train
16320;train
16321;test
16322;train
16323;train
16324;train
16325;test
16326;train
16327;test
16328;train
16329;train
16330;validation
16331;train
16332;test
16333;test
16334;train
16335;validation
16336;train
16337;train
16338;train
16339;validation
16340;train
16341;train
16342;test
16343;train
16344;train
16345;test
16346;train
16347;train
16348;train
16349;train
16350;test
16351;validation
16352;train
16353;train
16354;test
16355;train
16356;test
16357;train
16358;test
16359;train
16360;train
16361;train
16362;train
16363;train
16364;test
16365;train
16366;train
16367;train
16368;test
16369;train
16370;train
16371;train
16372;train
16373;train
16374;validation
16375;train
16376;train
16377;train
16378;train
16379;test
16380;validation
16381;train
16382;train
16383;train
16384;train
16385;train
16386;validation
16387;test
16388;train
16389;train
16390;train
16391;train
16392;train
16393;train
16394;train
16395;train
16396;validation
16397;validation
16398;train
16399;train
16400;train
16401;train
16402;train
16403;validation
16404;train
16405;test
16406;validation
16407;validation
16408;train
16409;validation
16410;train
16411;validation
16412;train
16413;test
16414;validation
16415;validation
16416;train
16417;train
16418;train
16419;train
16420;train
16421;train
16422;train
16423;train
16424;test
16425;train
16426;train
16427;train
16428;validation
16429;test
16430;train
16431;train
16432;train
16433;train
16434;train
16435;train
16436;test
16437;train
16438;validation
16439;train
16440;train
16441;test
16442;validation
16443;validation
16444;validation
16445;train
16446;train
16447;validation
16448;train
16449;train
16450;train
16451;train
16452;train
16453;train
16454;train
16455;train
16456;train
16457;train
16458;train
16459;validation
16460;train
16461;train
16462;train
16463;test
16464;test
16465;train
16466;train
16467;train
16468;train
16469;train
16470;train
16471;validation
16472;validation
16473;train
16474;test
16475;train
16476;train
16477;train
16478;train
16479;train
16480;train
16481;train
16482;train
16483;train
16484;test
16485;test
16486;train
16487;train
16488;train
16489;train
16490;train
16491;validation
16492;train
16493;train
16494;test
16495;train
16496;train
16497;validation
16498;train
16499;train
16500;validation
16501;test
16502;test
16503;train
16504;train
16505;validation
16506;train
16507;train
16508;train
16509;test
16510;train
16511;train
16512;validation
16513;train
16514;validation
16515;train
16516;validation
16517;train
16518;train
16519;train
16520;test
16521;train
16522;test
16523;train
16524;train
16525;train
16526;train
16527;train
16528;train
16529;train
16530;train
16531;train
16532;train
16533;train
16534;test
16535;train
16536;train
16537;train
16538;train
16539;train
16540;train
16541;train
16542;validation
16543;validation
16544;train
16545;validation
16546;train
16547;validation
16548;train
16549;train
16550;train
16551;train
16552;train
16553;train
16554;train
16555;train
16556;train
16557;train
16558;train
16559;test
16560;test
16561;test
16562;validation
16563;validation
16564;train
16565;train
16566;train
16567;train
16568;test
16569;test
16570;validation
16571;train
16572;validation
16573;train
16574;test
16575;train
16576;test
16577;validation
16578;train
16579;train
16580;validation
16581;train
16582;train
16583;validation
16584;validation
16585;test
16586;train
16587;train
16588;train
16589;test
16590;validation
16591;train
16592;train
16593;train
16594;train
16595;test
16596;test
16597;train
16598;train
16599;train
16600;validation
16601;test
16602;train
16603;train
16604;train
16605;validation
16606;train
16607;validation
16608;test
16609;train
16610;train
16611;test
16612;validation
16613;test
16614;test
16615;train
16616;test
16617;train
16618;train
16619;train
16620;test
16621;validation
16622;train
16623;train
16624;test
16625;train
16626;train
16627;train
16628;validation
16629;train
16630;test
16631;train
16632;train
16633;test
16634;train
16635;train
16636;train
16637;train
16638;train
16639;train
16640;train
16641;train
16642;train
16643;train
16644;train
16645;validation
16646;test
16647;train
16648;validation
16649;train
16650;train
16651;train
16652;test
16653;test
16654;train
16655;train
16656;train
16657;train
16658;train
16659;train
16660;train
16661;train
16662;train
16663;train
16664;train
16665;train
16666;train
16667;validation
16668;train
16669;train
16670;train
16671;train
16672;test
16673;train
16674;train
16675;train
16676;validation
16677;train
16678;train
16679;train
16680;validation
16681;train
16682;test
16683;train
16684;test
16685;train
16686;train
16687;train
16688;train
16689;validation
16690;test
16691;train
16692;train
16693;train
16694;train
16695;train
16696;validation
16697;train
16698;train
16699;train
16700;train
16701;train
16702;train
16703;test
16704;train
16705;train
16706;train
16707;train
16708;train
16709;train
16710;train
16711;train
16712;train
16713;train
16714;train
16715;train
16716;validation
16717;train
16718;train
16719;test
16720;train
16721;validation
16722;test
16723;validation
16724;validation
16725;test
16726;train
16727;train
16728;train
16729;test
16730;train
16731;train
16732;train
16733;validation
16734;test
16735;train
16736;train
16737;test
16738;train
16739;train
16740;train
16741;test
16742;train
16743;validation
16744;train
16745;test
16746;validation
16747;test
16748;train
16749;train
16750;validation
16751;train
16752;validation
16753;train
16754;train
16755;train
16756;train
16757;train
16758;validation
16759;train
16760;train
16761;test
16762;test
16763;test
16764;validation
16765;train
16766;train
16767;train
16768;train
16769;train
16770;train
16771;train
16772;test
16773;test
16774;train
16775;train
16776;train
16777;train
16778;train
16779;train
16780;train
16781;test
16782;test
16783;train
16784;train
16785;train
16786;validation
16787;train
16788;train
16789;train
16790;test
16791;train
16792;train
16793;validation
16794;train
16795;train
16796;train
16797;train
16798;train
16799;train
16800;train
16801;train
16802;train
16803;train
16804;train
16805;train
16806;validation
16807;train
16808;validation
16809;train
16810;test
16811;train
16812;test
16813;test
16814;train
16815;train
16816;train
16817;train
16818;validation
16819;train
16820;train
16821;train
16822;test
16823;train
16824;train
16825;train
16826;train
16827;train
16828;train
16829;train
16830;test
16831;train
16832;train
16833;train
16834;validation
16835;train
16836;train
16837;test
16838;train
16839;train
16840;train
16841;test
16842;train
16843;train
16844;test
16845;train
16846;train
16847;train
16848;train
16849;validation
16850;train
16851;train
16852;train
16853;test
16854;test
16855;train
16856;train
16857;test
16858;train
16859;train
16860;train
16861;train
16862;train
16863;validation
16864;train
16865;train
16866;train
16867;train
16868;validation
16869;validation
16870;train
16871;validation
16872;train
16873;train
16874;train
16875;test
16876;train
16877;train
16878;train
16879;train
16880;train
16881;train
16882;validation
16883;validation
16884;train
16885;train
16886;test
16887;train
16888;test
16889;train
16890;validation
16891;train
16892;test
16893;train
16894;test
16895;train
16896;train
16897;validation
16898;train
16899;train
16900;train
16901;train
16902;train
16903;train
16904;train
16905;train
16906;validation
16907;validation
16908;train
16909;train
16910;train
16911;train
16912;train
16913;validation
16914;train
16915;train
16916;test
16917;train
16918;train
16919;test
16920;train
16921;test
16922;train
16923;train
16924;train
16925;train
16926;train
16927;train
16928;validation
16929;train
16930;train
16931;validation
16932;test
16933;test
16934;train
16935;train
16936;test
16937;test
16938;train
16939;train
16940;train
16941;train
16942;train
16943;test
16944;train
16945;train
16946;train
16947;validation
16948;validation
16949;test
16950;train
16951;train
16952;train
16953;train
16954;train
16955;train
16956;test
16958;train
16959;train
16960;train
16961;train
16962;train
16963;test
16964;train
16965;train
16966;test
16967;train
16968;train
16969;train
16970;train
16971;validation
16972;train
16973;validation
16974;train
16975;test
16976;train
16977;train
16978;validation
16979;train
16980;train
16981;train
16982;test
16983;train
16984;train
16985;test
16986;train
16987;test
16988;train
16989;train
16990;train
16991;train
16992;test
16993;test
16994;train
16995;train
16996;train
16997;test
16998;train
16999;train
17000;train
17001;test
17002;train
17003;train
17004;train
17005;train
17006;train
17007;train
17008;train
17009;test
17010;train
17011;test
17012;train
17013;train
17014;train
17015;train
17016;train
17017;train
17018;train
17019;train
17020;train
17021;test
17022;test
17023;train
17024;test
17025;train
17026;test
17027;train
17028;train
17029;train
17030;test
17031;train
17032;train
17033;train
17034;train
17035;train
17036;test
17037;train
17038;train
17039;train
17040;train
17041;train
17042;train
17043;test
17044;train
17045;train
17046;validation
17047;train
17048;train
17049;validation
17050;train
17051;train
17052;train
17053;train
17054;validation
17055;test
17056;train
17057;train
17058;validation
17059;train
17060;train
17061;train
17062;train
17063;train
17064;train
17065;train
17066;train
17067;train
17068;test
17069;train
17070;train
17071;test
17072;train
17073;train
17074;train
17075;train
17076;train
17077;train
17078;test
17079;validation
17080;train
17081;train
17082;train
17083;validation
17084;train
17085;train
17086;train
17087;train
17088;train
17089;train
17090;train
17091;train
17092;train
17093;train
17094;test
17095;test
17096;validation
17097;train
17098;validation
17099;train
17100;train
17101;train
17102;train
17103;test
17104;train
17105;validation
17106;train
17107;train
17108;train
17109;train
17110;train
17111;train
17112;train
17113;train
17114;train
17115;train
17116;test
17117;test
17118;validation
17119;train
17120;train
17121;train
17122;test
17123;validation
17124;validation
17125;train
17126;train
17127;test
17128;train
17129;validation
17130;train
17131;test
17132;train
17133;train
17134;train
17135;train
17136;train
17137;train
17138;train
17139;train
17140;train
17141;validation
17142;validation
17143;validation
17144;train
17145;train
17146;validation
17147;train
17148;train
17149;validation
17150;validation
17151;train
17152;train
17153;train
17154;train
17155;train
17156;test
17157;train
17158;train
17159;validation
17160;validation
17161;train
17162;train
17163;train
17164;test
17165;train
17166;validation
17167;train
17168;train
17169;train
17170;train
17171;train
17172;train
17173;train
17174;train
17175;train
17176;test
17177;train
17178;train
17179;train
17180;train
17181;train
17182;validation
17183;test
17184;train
17185;train
17186;train
17187;train
17188;train
17189;train
17190;train
17191;test
17192;train
17193;test
17194;train
17195;validation
17196;train
17197;train
17198;train
17199;train
17200;train
17201;test
17202;train
17203;test
17204;train
17205;validation
17206;train
17207;train
17208;test
17209;train
17210;validation
17211;test
17212;train
17213;validation
17214;test
17215;test
17216;train
17217;train
17218;train
17219;train
17220;train
17221;test
17222;train
17223;train
17224;train
17225;train
17226;train
17227;train
17228;validation
17229;train
17230;test
17231;test
17232;validation
17233;train
17234;train
17235;test
17236;train
17237;train
17238;train
17239;validation
17240;train
17241;test
17242;train
17243;train
17244;train
17245;train
17246;train
17247;train
17248;train
17249;train
17250;train
17251;validation
17252;train
17253;train
17254;train
17255;train
17256;train
17257;validation
17258;train
17259;train
17260;train
17261;train
17262;train
17263;train
17264;train
17265;train
17266;train
17267;test
17268;test
17269;train
17270;train
17271;train
17272;test
17273;validation
17274;test
17275;train
17276;train
17277;train
17278;train
17279;train
17280;train
17281;train
17282;train
17283;test
17284;test
17285;validation
17286;validation
17287;train
17288;validation
17289;test
17290;train
17291;validation
17292;train
17293;train
17294;validation
17295;validation
17296;train
17297;train
17298;train
17299;validation
17300;train
17301;train
17302;validation
17303;train
17304;train
17305;train
17306;train
17307;train
17308;test
17309;train
17310;train
17311;train
17312;validation
17313;train
17314;train
17315;test
17316;train
17317;train
17318;train
17319;train
17320;train
17321;test
17322;train
17323;train
17324;train
17325;test
17326;train
17327;train
17328;validation
17329;train
17330;train
17331;train
17332;validation
17333;test
17334;train
17335;train
17336;train
17337;train
17338;train
17339;train
17340;validation
17341;test
17342;validation
17343;test
17344;test
17345;train
17346;train
17347;train
17348;train
17349;train
17350;train
17351;train
17352;train
17353;validation
17354;train
17355;test
17356;train
17357;train
17358;train
17359;validation
17360;train
17361;train
17362;train
17363;train
17364;train
17365;train
17366;train
17367;train
17368;train
17369;train
17370;train
17371;train
17372;train
17373;train
17374;train
17375;train
17376;train
17377;validation
17378;train
17379;validation
17380;validation
17381;train
17382;train
17383;train
17384;train
17385;train
17386;train
17387;validation
17388;validation
17389;test
17390;train
17391;validation
17392;train
17393;train
17394;train
17395;validation
17396;train
17397;train
17398;train
17399;validation
17400;validation
17401;test
17402;train
17403;train
17404;validation
17405;train
17406;train
17407;test
17408;validation
17409;train
17410;train
17411;train
17412;train
17413;train
17414;train
17415;train
17416;train
17417;train
17418;test
17419;train
17420;test
17421;validation
17422;train
17423;train
17424;train
17425;train
17426;train
17427;validation
17428;test
17429;validation
17430;test
17431;train
17432;train
17433;train
17434;train
17435;train
17436;test
17437;train
17438;validation
17439;train
17440;train
17441;validation
17442;validation
17443;train
17444;validation
17445;train
17446;train
17447;train
17448;test
17449;train
17450;train
17451;train
17452;validation
17453;validation
17454;train
17455;validation
17456;test
17457;train
17458;train
17459;train
17460;validation
17461;train
17462;train
17463;test
17464;train
17465;train
17466;train
17467;train
17468;train
17469;train
17470;validation
17471;test
17472;train
17473;train
17474;train
17475;test
17476;train
17477;validation
17478;train
17479;train
17480;train
17481;train
17482;train
17483;validation
17484;train
17485;train
17486;train
17487;validation
17488;validation
17489;train
17490;train
17491;train
17492;test
17493;train
17494;validation
17495;train
17496;train
17497;train
17498;train
17499;train
17500;train
17501;train
17502;train
17503;train
17504;validation
17505;validation
17506;train
17507;validation
17508;train
17509;train
17510;train
17511;train
17512;train
17513;test
17514;validation
17515;train
17516;train
17517;train
17518;train
17519;train
17520;train
17521;validation
17522;train
17523;validation
17524;validation
17525;train
17526;train
17527;train
17528;train
17529;test
17530;train
17531;train
17532;train
17533;validation
17534;train
17535;test
17536;train
17537;test
17538;train
17539;train
17540;train
17541;train
17542;train
17543;train
17544;train
17545;test
17546;train
17547;train
17548;train
17549;test
17550;validation
17551;train
17552;train
17553;train
17554;test
17555;train
17556;train
17557;train
17558;validation
17559;train
17560;validation
17561;train
17562;train
17563;validation
17564;train
17565;test
17566;train
17567;train
17568;train
17569;train
17570;train
17571;train
17572;train
17573;validation
17574;validation
17575;train
17576;train
17577;train
17578;train
17579;train
17580;train
17581;train
17582;train
17583;train
17584;test
17585;train
17586;train
17587;test
17588;train
17589;train
17590;test
17591;validation
17592;train
17593;train
17594;train
17595;train
17596;train
17597;train
17598;train
17599;train
17600;train
17601;train
17602;train
17603;train
17604;train
17605;train
17606;test
17607;train
17608;train
17609;train
17610;validation
17611;test
17612;train
17613;train
17614;train
17615;validation
17616;train
17617;train
17618;test
17619;train
17620;train
17621;test
17622;validation
17623;train
17624;train
17625;train
17626;train
17627;train
17628;train
17629;test
17630;train
17631;train
17632;validation
17633;train
17634;test
17635;train
17636;test
17637;train
17638;train
17639;train
17640;train
17641;test
17642;test
17643;train
17644;train
17645;train
17646;validation
17647;train
17648;train
17649;validation
17650;train
17651;train
17652;validation
17653;train
17654;train
17655;train
17656;train
17657;train
17658;train
17659;train
17660;train
17661;validation
17662;validation
17663;train
17664;train
17665;train
17666;validation
17667;validation
17668;validation
17669;validation
17670;train
17671;train
17672;validation
17673;validation
17674;train
17675;train
17676;train
17677;train
17678;validation
17679;train
17680;test
17681;train
17682;train
17683;train
17684;validation
17685;train
17686;train
17687;train
17688;train
17689;validation
17690;train
17691;train
17692;train
17693;validation
17694;train
17695;validation
17696;train
17697;train
17698;train
17699;test
17700;train
17701;validation
17702;train
17703;train
17704;train
17705;train
17706;train
17707;train
17708;validation
17709;train
17710;train
17711;test
17712;test
17713;test
17714;train
17715;train
17716;validation
17717;validation
17718;train
17719;test
17720;validation
17721;validation
17722;train
17723;test
17724;train
17725;test
17726;train
17727;train
17728;train
17729;validation
17730;test
17731;train
17732;train
17733;train
17734;train
17735;train
17736;train
17737;train
17738;train
17739;train
17740;train
17741;train
17742;train
17743;train
17744;train
17745;test
17746;validation
17747;train
17748;train
17749;validation
17750;train
17751;train
17752;train
17753;train
17754;test
17755;test
17756;train
17757;train
17758;train
17759;test
17760;validation
17761;validation
17762;train
17763;validation
17764;train
17765;test
17766;train
17767;train
17768;train
17769;train
17770;validation
17771;train
17772;train
17773;test
17774;train
17775;train
17776;train
17777;test
17778;train
17779;test
17780;train
17781;test
17782;train
17783;train
17784;test
17785;train
17786;train
17787;validation
17788;train
17789;train
17790;train
17791;test
17792;test
17793;test
17794;train
17795;validation
17796;train
17797;train
17798;train
17799;validation
17800;train
17801;train
17802;validation
17803;test
17804;train
17805;train
17806;train
17807;validation
17808;test
17809;train
17810;train
17811;train
17812;train
17813;validation
17814;train
17815;train
17816;test
17817;train
17818;train
17819;validation
17820;train
17821;validation
17822;train
17823;validation
17824;validation
17825;train
17826;validation
17827;test
17828;train
17829;train
17830;train
17831;train
17832;train
17833;train
17834;train
17835;train
17836;train
17837;test
17838;train
17839;train
17840;validation
17841;train
17842;train
17843;train
17844;train
17845;test
17846;train
17847;train
17848;train
17849;train
17850;train
17851;train
17852;validation
17853;train
17854;train
17855;validation
17856;train
17857;train
17858;validation
17859;test
17860;train
17861;train
17862;test
17863;train
17864;validation
17865;validation
17866;test
17867;train
17868;validation
17869;train
17870;train
17871;validation
17872;validation
17873;train
17874;train
17875;train
17876;train
17877;validation
17878;test
17879;train
17880;train
17881;validation
17882;train
17883;test
17884;train
17885;train
17886;train
17887;train
17888;train
17889;train
17890;test
17891;validation
17892;validation
17893;train
17894;train
17895;train
17896;test
17897;validation
17898;train
17899;train
17900;train
17901;train
17902;test
17903;validation
17904;train
17905;test
17906;train
17907;train
17908;train
17909;train
17910;validation
17911;train
17912;train
17913;train
17914;test
17915;train
17916;train
17917;train
17918;train
17919;test
17920;train
17921;validation
17922;train
17923;train
17924;train
17925;validation
17926;train
17927;train
17928;validation
17929;train
17930;test
17931;train
17932;train
17933;train
17934;validation
17935;train
17936;train
17937;validation
17938;train
17939;train
17940;validation
17941;train
17942;validation
17943;test
17944;train
17945;validation
17946;train
17947;train
17948;train
17949;train
17950;validation
17951;train
17952;train
17953;test
17954;validation
17955;train
17956;train
17957;test
17958;test
17959;test
17960;validation
17961;train
17962;train
17963;train
17964;validation
17965;train
17966;train
17967;train
17968;train
17969;train
17970;train
17971;train
17972;train
17973;validation
17974;test
17975;validation
17976;train
17977;train
17978;train
17979;train
17980;train
17981;train
17982;validation
17983;train
17984;train
17985;train
17986;validation
17987;train
17988;test
17989;train
17990;train
17991;train
17992;train
17993;test
17994;validation
17995;train
17996;train
17997;test
17998;train
17999;test
18000;validation
18001;train
18002;train
18003;train
18004;train
18005;validation
18006;train
18007;validation
18008;train
18009;test
18010;train
18011;train
18012;train
18013;train
18014;test
18015;train
18016;test
18017;train
18018;train
18019;train
18020;train
18021;test
18022;validation
18023;train
18024;train
18025;train
18026;train
18027;train
18028;train
18029;test
18030;train
18031;train
18032;train
18033;test
18034;test
18035;train
18036;train
18037;train
18038;train
18039;train
18040;train
18041;train
18042;test
18043;train
18044;test
18045;train
18046;train
18047;train
18048;test
18049;train
18050;train
18051;test
18052;test
18053;train
18054;train
18055;train
18056;train
18057;validation
18058;validation
18059;train
18060;train
18061;test
18062;train
18063;train
18064;test
18065;test
18066;validation
18067;test
18068;validation
18069;train
18070;test
18071;train
18072;train
18073;train
18074;test
18075;train
18076;validation
18077;validation
18078;validation
18079;test
18080;validation
18081;train
18082;train
18083;train
18084;validation
18085;train
18086;train
18087;train
18088;train
18089;validation
18090;train
18091;train
18092;validation
18093;train
18094;test
18095;train
18096;train
18097;train
18098;train
18099;train
18100;validation
18101;validation
18102;train
18103;train
18104;test
18105;train
18106;train
18107;validation
18108;validation
18109;test
18110;train
18111;train
18112;train
18113;test
18114;train
18115;train
18116;validation
18117;test
18118;train
18119;test
18120;train
18121;train
18122;train
18123;train
18124;train
18125;train
18126;train
18127;test
18128;train
18129;test
18130;train
18131;test
18132;train
18133;validation
18134;train
18135;validation
18136;train
18137;train
18138;train
18139;test
18140;train
18141;train
18142;test
18143;train
18144;train
18145;test
18146;train
18147;train
18148;test
18149;train
18150;train
18151;train
18152;train
18153;validation
18154;train
18155;train
18156;validation
18157;train
18158;validation
18159;validation
18160;train
18161;validation
18162;train
18163;validation
18164;test
18165;train
18166;train
18167;test
18168;test
18169;validation
18170;validation
18171;test
18172;train
18173;train
18174;train
18175;test
18176;train
18177;train
18178;train
18179;train
18180;train
18181;test
18182;validation
18183;train
18184;train
18185;test
18186;train
18187;test
18188;validation
18189;validation
18190;validation
18191;train
18192;train
18193;train
18194;validation
18195;train
18196;train
18197;train
18198;train
18199;train
18200;train
18201;test
18202;train
18203;train
18204;train
18205;train
18206;test
18207;validation
18208;train
18209;train
18210;validation
18211;test
18212;train
18213;train
18214;test
18215;train
18216;train
18217;train
18218;train
18219;train
18220;train
18221;train
18222;train
18223;train
18224;train
18225;train
18226;train
18227;test
18228;test
18229;test
18230;train
18231;test
18232;test
18233;train
18234;train
18235;test
18236;train
18237;train
18238;train
18239;train
18240;train
18241;train
18242;train
18243;train
18244;test
18245;test
18246;train
18247;train
18248;train
18249;test
18250;train
18251;train
18252;train
18253;test
18254;train
18255;train
18256;train
18257;train
18258;validation
18259;train
18260;train
18261;validation
18262;train
18263;train
18264;test
18265;train
18266;train
18267;test
18268;validation
18269;validation
18270;train
18271;test
18272;validation
18273;train
18274;train
18275;test
18276;test
18277;test
18278;train
18279;train
18280;train
18281;train
18282;validation
18283;train
18284;train
18285;validation
18286;train
18287;train
18288;train
18289;train
18290;train
18291;train
18292;train
18293;test
18294;train
18295;train
18296;train
18297;train
18298;train
18299;validation
18300;test
18301;validation
18302;train
18303;test
18304;validation
18305;train
18306;train
18307;test
18308;train
18309;validation
18310;validation
18311;train
18312;test
18313;train
18314;test
18315;validation
18316;train
18317;train
18318;train
18319;train
18320;train
18321;train
18322;train
18323;train
18324;train
18325;train
18326;train
18327;validation
18328;train
18329;train
18330;test
18331;train
18332;train
18333;test
18334;test
18335;train
18336;train
18337;train
18338;validation
18339;validation
18340;test
18341;train
18342;test
18343;train
18344;test
18345;train
18346;train
18347;train
18348;train
18349;validation
18350;train
18351;train
18352;train
18353;train
18354;train
18355;train
18356;train
18357;train
18358;train
18359;train
18360;train
18361;train
18362;train
18363;train
18364;train
18365;test
18366;train
18367;train
18368;validation
18369;train
18370;train
18371;train
18372;train
18373;test
18374;train
18375;validation
18376;train
18377;test
18378;train
18379;train
18380;train
18381;train
18382;train
18383;train
18384;test
18385;train
18386;validation
18387;train
18388;train
18389;train
18390;train
18391;train
18392;test
18393;train
18394;train
18395;test
18396;validation
18397;test
18398;validation
18399;test
18400;train
18401;train
18402;validation
18403;train
18404;test
18405;validation
18406;train
18407;train
18408;train
18409;validation
18410;train
18411;train
18412;train
18413;train
18414;train
18415;test
18416;validation
18417;train
18418;train
18419;train
18420;train
18421;train
18422;validation
18423;train
18424;train
18425;train
18426;train
18427;train
18428;train
18429;validation
18430;train
18431;test
18432;train
18433;train
18434;train
18435;test
18436;test
18437;validation
18438;train
18439;train
18440;validation
18441;train
18442;train
18443;train
18444;test
18445;test
18446;train
18447;validation
18448;validation
18449;train
18450;train
18451;test
18452;train
18453;train
18454;validation
18455;train
18456;test
18457;train
18458;train
18459;train
18460;validation
18461;train
18462;validation
18463;validation
18464;train
18465;train
18467;train
18468;train
18469;train
18470;train
18471;test
18472;train
18473;test
18474;validation
18475;train
18476;train
18477;train
18478;train
18479;train
18480;train
18481;test
18482;train
18483;train
18484;test
18485;train
18486;train
18487;train
18488;train
18489;train
18490;validation
18491;train
18492;train
18493;train
18494;train
18495;train
18496;train
18497;train
18498;train
18499;validation
18500;train
18501;train
18502;train
18503;train
18504;train
18505;train
18506;validation
18507;test
18508;train
18509;test
18510;train
18511;train
18512;train
18513;train
18514;test
18515;train
18516;validation
18517;train
18518;train
18519;test
18520;train
18521;train
18522;train
18523;train
18524;test
18525;train
18526;train
18527;train
18528;train
18529;validation
18530;validation
18531;train
18532;train
18533;train
18534;test
18535;train
18536;train
18537;train
18538;train
18539;train
18540;test
18541;train
18542;train
18543;test
18544;train
18545;train
18546;train
18547;train
18548;train
18549;validation
18550;train
18551;train
18552;test
18553;validation
18554;train
18555;train
18556;train
18557;train
18558;train
18559;test
18560;validation
18561;test
18562;validation
18563;train
18564;train
18565;train
18566;train
18567;train
18568;validation
18569;train
18570;train
18571;train
18572;train
18573;train
18574;validation
18575;train
18576;train
18577;test
18578;validation
18579;train
18580;train
18581;train
18582;train
18583;train
18584;train
18585;train
18586;test
18587;test
18588;test
18589;test
18590;train
18591;train
18592;train
18593;validation
18594;train
18595;train
18596;train
18597;train
18598;train
18599;test
18600;train
18601;train
18602;test
18603;train
18604;train
18605;train
18606;train
18607;train
18608;train
18609;validation
18610;test
18611;test
18612;test
18613;validation
18614;train
18615;train
18616;train
18617;test
18618;train
18619;train
18620;train
18621;train
18622;train
18623;test
18624;train
18625;train
18626;train
18627;train
18628;train
18629;test
18630;train
18631;train
18632;test
18633;test
18634;train
18635;validation
18636;train
18637;train
18638;train
18639;test
18640;train
18641;train
18642;train
18643;train
18644;train
18645;test
18646;test
18647;train
18648;test
18649;validation
18650;train
18651;validation
18652;train
18653;train
18654;train
18655;train
18656;train
18657;train
18658;train
18659;train
18660;train
18661;train
18662;train
18663;validation
18664;train
18665;test
18666;train
18667;train
18668;train
18669;train
18670;validation
18671;train
18672;test
18673;train
18674;train
18675;train
18676;train
18677;train
18678;validation
18679;train
18680;train
18681;train
18682;train
18683;train
18684;train
18685;train
18686;train
18687;validation
18688;test
18689;test
18690;train
18691;train
18692;test
18693;train
18694;train
18695;train
18696;test
18697;validation
18698;train
18699;train
18700;train
18701;validation
18702;train
18703;test
18704;train
18705;train
18706;train
18707;train
18708;train
18709;train
18710;test
18711;train
18712;train
18713;validation
18714;train
18715;train
18716;train
18717;train
18718;train
18719;train
18720;train
18721;train
18722;validation
18723;train
18724;train
18725;test
18726;train
18727;validation
18728;validation
18729;train
18730;train
18731;train
18732;train
18733;train
18734;train
18735;train
18736;train
18737;test
18738;train
18739;train
18740;test
18741;train
18742;train
18743;train
18744;test
18745;train
18746;test
18747;test
18748;train
18749;train
18750;train
18751;train
18752;train
18753;train
18754;train
18755;test
18756;train
18757;train
18758;train
18759;train
18760;test
18761;train
18762;train
18763;validation
18764;train
18765;train
18766;train
18767;train
18768;validation
18769;train
18770;train
18771;train
18772;train
18773;train
18774;train
18775;train
18776;validation
18777;train
18778;train
18779;train
18780;train
18781;train
18782;train
18783;test
18784;train
18785;validation
18786;train
18787;validation
18788;train
18789;validation
18790;test
18791;train
18792;train
18793;validation
18794;validation
18795;train
18796;validation
18797;train
18798;train
18799;validation
18800;train
18801;train
18802;train
18803;train
18804;train
18805;train
18806;test
18807;train
18808;train
18809;train
18810;train
18811;train
18812;train
18813;train
18814;train
18815;test
18816;train
18817;train
18818;train
18819;train
18820;train
18821;train
18822;train
18823;train
18824;train
18825;train
18826;test
18827;train
18828;test
18829;validation
18830;train
18831;train
18832;train
18833;train
18834;train
18835;validation
18836;train
18837;train
18838;train
18839;train
18840;train
18841;test
18842;train
18843;train
18844;train
18845;validation
18846;validation
18847;train
18848;train
18849;train
18850;train
18851;train
18852;train
18853;train
18854;train
18855;train
18856;train
18857;validation
18858;train
18859;test
18860;train
18861;test
18862;validation
18863;train
18864;train
18865;validation
18866;validation
18867;train
18868;train
18869;train
18870;validation
18871;validation
18872;test
18873;validation
18874;train
18875;test
18876;train
18877;train
18878;train
18879;test
18880;train
18881;train
18882;train
18883;train
18884;train
18885;train
18886;train
18887;train
18888;train
18889;validation
18890;train
18891;train
18892;validation
18893;validation
18894;validation
18895;train
18896;train
18897;train
18898;train
18899;train
18900;validation
18901;train
18902;validation
18903;validation
18904;test
18905;train
18906;test
18907;train
18908;test
18909;train
18910;train
18911;train
18912;test
18913;test
18914;validation
18915;train
18916;test
18917;test
18918;train
18919;train
18920;validation
18921;train
18922;train
18923;train
18924;train
18925;train
18926;train
18927;train
18928;train
18929;train
18930;train
18931;test
18932;train
18933;train
18934;train
18935;train
18936;train
18937;train
18938;train
18939;train
18940;train
18941;train
18942;test
18943;validation
18944;validation
18945;train
18946;validation
18947;train
18948;validation
18949;train
18950;train
18951;test
18952;train
18953;train
18954;train
18955;train
18956;train
18957;train
18958;train
18959;train
18960;train
18961;train
18962;train
18963;test
18964;train
18965;validation
18966;train
18967;train
18968;validation
18969;train
18970;train
18971;train
18972;train
18973;train
18974;train
18975;train
18976;validation
18977;train
18978;test
18979;train
18980;train
18981;validation
18982;train
18983;train
18984;test
18985;train
18986;train
18987;test
18988;train
18989;train
18990;train
18991;train
18992;test
18993;test
18994;train
18995;train
18996;train
18997;train
18998;train
18999;train
19000;test
19001;train
19002;train
19003;test
19004;test
19005;test
19006;train
19007;train
19008;train
19009;test
19010;train
19011;train
19012;train
19013;train
19014;train
19015;validation
19016;test
19017;train
19018;train
19019;test
19020;train
19021;train
19022;train
19023;train
19024;validation
19025;train
19026;validation
19027;train
19028;train
19029;train
19030;test
19031;train
19032;train
19033;train
19034;train
19035;train
19036;train
19037;train
19038;test
19039;train
19040;test
19041;train
19042;train
19043;train
19044;train
19045;train
19046;train
19047;train
19048;train
19049;train
19050;validation
19051;train
19052;train
19053;test
19054;train
19055;train
19056;train
19057;validation
19058;train
19059;validation
19060;train
19061;validation
19062;validation
19063;train
19064;train
19065;train
19066;test
19067;train
19068;train
19069;train
19070;train
19071;train
19072;train
19073;test
19074;train
19075;train
19076;train
19077;train
19078;train
19079;validation
19080;train
19081;train
19082;test
19083;train
19084;train
19085;test
19086;validation
19087;test
19088;train
19089;train
19090;train
19091;train
19092;train
19093;train
19094;train
19095;train
19096;train
19097;train
19098;train
19099;validation
19100;test
19101;train
19102;train
19103;train
19104;train
19105;train
19106;train
19107;train
19108;validation
19109;test
19110;train
19111;train
19112;test
19113;validation
19114;validation
19115;train
19116;train
19117;validation
19118;validation
19119;validation
19120;train
19121;validation
19122;train
19123;train
19124;test
19125;train
19126;train
19127;validation
19128;train
19129;train
19130;validation
19131;train
19132;test
19133;train
19134;train
19135;train
19136;train
19137;train
19138;test
19139;validation
19140;train
19141;train
19142;train
19143;train
19144;validation
19145;train
19146;validation
19147;test
19148;train
19149;train
19150;train
19151;test
19152;train
19153;test
19154;validation
19155;train
19156;train
19157;train
19158;validation
19159;test
19160;train
19161;test
19162;validation
19163;test
19164;test
19165;train
19166;train
19167;train
19168;train
19169;train
19170;train
19171;train
19172;validation
19173;train
19174;validation
19175;test
19176;test
19177;train
19178;train
19179;train
19180;test
19181;train
19182;train
19183;train
19184;test
19185;train
19186;train
19187;validation
19188;validation
19189;validation
19190;train
19191;train
19192;train
19193;train
19194;train
19195;train
19196;train
19197;train
19198;train
19199;test
19200;validation
19201;train
19202;train
19203;train
19204;train
19205;train
19206;test
19207;train
19208;train
19209;train
19210;test
19211;train
19212;validation
19213;train
19214;train
19215;train
19216;train
19217;train
19218;train
19219;test
19220;test
19221;train
19222;train
19223;train
19224;validation
19225;train
19226;train
19227;train
19228;train
19229;train
19230;train
19231;train
19232;train
19233;train
19234;train
19235;train
19236;test
19237;train
19238;train
19239;validation
19240;test
19241;train
19242;train
19243;train
19244;train
19245;train
19246;train
19247;validation
19248;validation
19249;train
19250;train
19251;train
19252;train
19253;test
19254;validation
19255;test
19256;train
19257;train
19258;test
19259;validation
19260;train
19261;train
19262;train
19263;train
19264;train
19265;train
19266;train
19267;train
19268;validation
19269;validation
19270;train
19271;train
19272;train
19273;train
19274;train
19275;train
19276;train
19277;train
19278;train
19279;train
19280;train
19281;train
19282;train
19283;train
19284;test
19285;train
19286;train
19287;train
19288;test
19289;train
19290;train
19291;train
19292;train
19293;train
19294;train
19295;train
19296;train
19297;train
19298;train
19299;train
19300;train
19301;test
19302;train
19303;train
19304;train
19305;train
19306;train
19307;train
19308;test
19309;test
19310;train
19311;train
19312;train
19313;train
19314;test
19315;train
19316;train
19317;validation
19318;train
19319;train
19320;validation
19321;train
19322;test
19323;train
19324;test
19325;train
19326;train
19327;validation
19328;validation
19329;train
19330;test
19331;train
19332;validation
19333;train
19334;train
19335;train
19336;train
19337;train
19338;validation
19339;train
19340;train
19341;train
19342;train
19343;train
19344;train
19345;test
19346;train
19347;train
19348;train
19349;train
19350;train
19351;train
19352;test
19353;train
19354;train
19355;train
19356;train
19357;train
19358;validation
19359;train
19360;test
19361;train
19362;train
19363;test
19364;train
19365;train
19366;train
19367;validation
19368;train
19369;test
19370;train
19371;train
19372;train
19373;train
19374;train
19375;train
19376;train
19377;train
19378;train
19379;train
19380;train
19381;train
19382;train
19383;train
19384;train
19385;test
19386;train
19387;train
19388;train
19389;train
19390;test
19391;train
19392;train
19393;train
19394;train
19395;test
19396;train
19397;train
19398;train
19399;train
19400;test
19401;test
19402;test
19403;train
19404;test
19405;train
19406;train
19407;train
19408;train
19409;train
19410;train
19411;train
19412;train
19413;train
19414;test
19415;train
19416;train
19417;train
19418;train
19419;test
19420;train
19421;test
19422;test
19423;train
19424;test
19425;train
19426;test
19427;train
19428;test
19429;train
19430;train
19431;test
19432;test
19433;train
19434;train
19435;train
19436;validation
19437;train
19438;train
19439;validation
19440;train
19441;test
19442;validation
19443;train
19444;train
19445;train
19446;train
19447;validation
19448;train
19449;train
19450;train
19451;test
19452;train
19453;train
19454;train
19455;validation
19456;train
19457;train
19458;train
19459;train
19460;test
19461;train
19462;train
19463;train
19464;train
19465;train
19466;train
19467;test
19468;train
19469;train
19470;train
19471;train
19472;train
19473;validation
19474;train
19475;train
19476;validation
19477;validation
19478;train
19479;train
19480;validation
19481;train
19482;train
19483;validation
19484;train
19485;train
19486;train
19487;train
19488;train
19489;train
19490;test
19491;train
19492;train
19493;validation
19494;train
19495;train
19496;test
19497;test
19498;train
19499;validation
19500;train
19501;train
19502;validation
19503;train
19504;train
19505;train
19506;test
19507;train
19508;train
19509;train
19510;validation
19511;train
19512;train
19513;train
19514;test
19515;validation
19516;test
19517;test
19518;test
19519;train
19520;train
19521;train
19522;train
19523;train
19524;train
19525;train
19526;train
19527;validation
19528;train
19529;train
19530;train
19531;train
19532;train
19533;test
19534;validation
19535;train
19536;test
19537;train
19538;train
19539;validation
19540;validation
19541;validation
19542;train
19543;train
19544;train
19545;train
19546;train
19547;test
19548;train
19549;train
19550;train
19551;train
19552;test
19553;train
19554;test
19555;train
19556;train
19557;train
19558;train
19559;train
19560;train
19561;validation
19562;test
19563;train
19564;train
19565;train
19566;train
19567;train
19568;train
19569;train
19570;train
19571;train
19572;validation
19573;train
19574;validation
19575;validation
19576;train
19577;train
19578;train
19579;train
19580;train
19581;train
19582;train
19583;validation
19584;validation
19585;validation
19586;train
19587;validation
19588;train
19589;train
19590;train
19591;train
19592;train
19593;train
19594;train
19595;train
19596;train
19597;train
19598;train
19599;test
19600;test
19601;train
19602;validation
19603;train
19604;test
19605;train
19606;train
19607;validation
19608;train
19609;train
19610;validation
19611;train
19612;train
19613;train
19614;train
19615;train
19616;train
19617;train
19618;test
19619;test
19620;train
19621;test
19622;train
19623;train
19624;train
19625;train
19626;train
19627;train
19628;train
19629;validation
19630;validation
19631;train
19632;train
19633;train
19634;train
19635;test
19636;train
19637;train
19638;train
19639;test
19640;train
19641;validation
19642;test
19643;train
19644;test
19645;test
19646;train
19647;train
19648;test
19649;validation
19650;train
19651;validation
19652;train
19653;train
19654;validation
19655;train
19656;train
19657;test
19658;test
19659;train
19660;validation
19661;train
19662;validation
19663;train
19664;train
19665;validation
19666;train
19667;train
19668;test
19669;train
19670;train
19671;test
19672;train
19673;train
19674;train
19675;validation
19676;train
19677;train
19678;train
19679;train
19680;test
19681;train
19682;train
19683;train
19684;train
19685;test
19686;train
19687;train
19688;train
19689;train
19690;test
19691;validation
19692;train
19693;train
19694;train
19695;train
19696;train
19697;test
19698;validation
19699;train
19700;train
19701;validation
19702;train
19703;train
19704;train
19705;train
19706;validation
19707;test
19708;train
19709;train
19710;train
19711;train
19712;test
19713;train
19714;validation
19715;train
19716;validation
19717;train
19718;train
19719;validation
19720;train
19721;test
19722;train
19723;train
19724;train
19725;test
19726;test
19727;train
19728;test
19729;train
19730;train
19731;test
19732;train
19733;train
19734;train
19735;train
19736;train
19737;train
19738;train
19739;train
19740;train
19741;train
19742;train
19743;train
19744;train
19745;train
19746;validation
19747;train
19748;test
19749;train
19750;test
19751;train
19752;validation
19753;train
19754;train
19755;train
19756;test
19757;train
19758;train
19759;train
19760;train
19761;train
19762;train
19763;train
19764;test
19765;train
19766;train
19767;train
19768;train
19769;train
19770;train
19771;train
19772;train
19773;train
19774;test
19775;train
19776;train
19777;train
19778;train
19779;train
19780;validation
19781;train
19782;train
19783;train
19784;test
19785;train
19786;train
19787;train
19788;train
19789;train
19790;train
19791;train
19792;test
19793;test
19794;test
19795;train
19796;test
19797;train
19798;train
19799;validation
19800;train
19801;test
19802;train
19803;train
19804;train
19805;train
19806;train
19807;train
19808;train
19809;train
19810;train
19811;train
19812;train
19813;test
19814;train
19815;train
19816;train
19817;train
19818;train
19819;train
19820;train
19821;train
19822;train
19823;train
19824;train
19825;validation
19826;train
19827;train
19828;train
19829;test
19830;train
19831;train
19832;validation
19833;train
19834;train
19835;train
19836;train
19837;train
19838;test
19839;train
19840;train
19841;validation
19842;validation
19843;train
19844;train
19845;train
19846;test
19847;train
19848;train
19849;validation
19850;train
19851;train
19852;validation
19853;train
19854;train
19855;train
19856;train
19857;validation
19858;test
19859;test
19860;validation
19861;train
19862;train
19863;test
19864;train
19865;train
19866;train
19867;train
19868;train
19869;test
19870;validation
19871;train
19872;train
19873;test
19874;train
19875;train
19876;train
19877;train
19878;train
19879;train
19880;test
19881;validation
19882;train
19883;validation
19884;train
19885;validation
19886;train
19887;validation
19888;train
19889;train
19890;test
19891;test
19892;train
19893;test
19894;train
19895;train
19896;train
19897;test
19898;train
19899;train
19900;validation
19901;train
19902;train
19903;train
19904;validation
19905;train
19906;train
19907;train
19908;train
19909;train
19910;train
19911;train
19912;train
19913;train
19914;train
19915;train
19916;train
19917;train
19918;test
19919;train
19920;train
19921;train
19922;train
19923;train
19924;train
19925;train
19926;train
19927;train
19928;train
19929;train
19930;test
19931;train
19932;train
19933;train
19934;train
19935;test
19936;train
19937;train
19938;train
19939;train
19940;test
19941;validation
19942;train
19943;train
19944;train
19945;test
19946;train
19947;train
19948;train
19949;test
19950;train
19951;train
19952;train
19953;train
19954;validation
19955;train
19956;train
19957;train
19958;train
19959;train
19960;train
19961;train
19962;train
19963;validation
19964;train
19965;train
19966;train
19967;validation
19968;train
19969;validation
19970;train
19971;train
19972;train
19973;train
19974;train
19975;train
19976;train
19977;train
19978;train
19979;train
19980;validation
19981;validation
19982;train
19983;test
19984;train
19985;train
19986;train
19987;train
19988;train
19989;test
19990;train
19991;test
19992;train
19993;train
19994;train
19995;train
19996;train
19997;train
19998;train
19999;train
20000;train
20001;train
20002;train
20003;train
20004;train
20005;train
20006;validation
20007;validation
20008;train
20009;test
20010;train
20011;test
20012;train
20013;test
20014;validation
20015;test
20016;test
20017;validation
20018;train
20019;train
20020;train
20021;train
20022;train
20023;train
20024;test
20025;validation
20026;train
20027;train
20028;train
20029;train
20030;train
20031;train
20032;validation
20033;train
20034;train
20035;validation
20036;test
20037;train
20038;train
20039;validation
20040;test
20041;train
20042;train
20043;test
20044;test
20045;train
20046;train
20047;train
20048;train
20049;test
20050;validation
20051;train
20052;validation
20053;train
20054;train
20055;train
20056;train
20057;train
20058;train
20059;train
20060;train
20061;train
20062;train
20063;train
20064;train
20065;train
20066;validation
20067;validation
20068;train
20069;train
20070;test
20071;train
20072;train
20073;train
20074;train
20075;train
20076;train
20077;test
20078;validation
20079;test
20080;validation
20081;test
20082;train
20083;train
20084;validation
20085;train
20086;test
20087;train
20088;test
20089;validation
20090;test
20091;validation
20092;train
20093;train
20094;train
20095;train
20096;validation
20097;test
20098;train
20099;train
20100;test
20101;train
20102;train
20103;train
20104;test
20105;train
20106;test
20107;validation
20108;train
20109;train
20110;train
20111;test
20112;train
20113;train
20114;validation
20115;train
20116;train
20117;train
20118;validation
20119;train
20120;train
20121;train
20122;test
20123;train
20124;train
20125;train
20126;validation
20127;train
20128;validation
20129;train
20130;test
20131;validation
20132;train
20133;train
20134;validation
20135;train
20136;train
20137;validation
20138;test
20139;train
20140;train
20141;test
20142;train
20143;test
20144;train
20145;train
20146;train
20147;test
20148;train
20149;train
20150;test
20151;validation
20152;train
20153;train
20154;train
20155;validation
20156;validation
20157;train
20158;train
20159;test
20160;train
20161;test
20162;train
20163;train
20164;validation
20165;validation
20166;train
20167;train
20168;train
20169;train
20170;train
20171;train
20172;test
20173;train
20174;train
20175;test
20176;train
20177;train
20178;validation
20179;validation
20180;train
20181;validation
20182;test
20183;validation
20184;test
20185;validation
20186;validation
20187;train
20188;train
20189;validation
20190;train
20191;train
20192;test
20193;train
20194;train
20195;validation
20196;train
20197;validation
20198;train
20199;train
20200;test
20201;train
20202;train
20203;train
20204;train
20205;validation
20206;validation
20207;train
20208;train
20209;train
20210;train
20211;test
20212;train
20213;test
20214;train
20215;train
20216;train
20218;train
20219;train
20220;train
20221;test
20222;validation
20223;train
20224;test
20225;train
20226;train
20227;train
20228;train
20229;validation
20230;train
20231;train
20232;test
20233;train
20234;validation
20235;train
20236;train
20237;train
20238;train
20239;train
20240;train
20241;train
20242;train
20243;train
20244;train
20245;validation
20246;train
20247;train
20248;train
20249;train
20250;train
20251;train
20252;train
20253;validation
20254;train
20255;train
20256;train
20257;train
20258;validation
20259;train
20260;validation
20261;test
20262;train
20263;train
20264;train
20265;train
20266;train
20267;test
20268;train
20269;train
20270;test
20271;train
20272;train
20273;train
20274;validation
20275;train
20276;train
20277;train
20278;train
20279;test
20280;train
20281;test
20282;train
20283;train
20284;train
20285;test
20286;train
20287;train
20288;train
20289;train
20290;train
20291;validation
20292;train
20293;validation
20294;train
20295;train
20296;validation
20297;test
20298;test
20299;train
20300;train
20301;test
20302;train
20303;train
20304;validation
20305;train
20306;train
20307;train
20308;validation
20309;train
20310;validation
20311;train
20312;train
20313;train
20314;train
20315;train
20316;train
20317;train
20318;train
20319;train
20320;train
20321;train
20322;validation
20323;train
20324;test
20325;train
20326;test
20327;train
20328;train
20329;train
20330;test
20331;train
20332;train
20333;train
20334;validation
20335;train
20336;train
20337;train
20338;test
20339;train
20340;train
20341;train
20342;train
20343;train
20344;test
20345;train
20346;validation
20347;validation
20348;train
20349;train
20350;train
20351;train
20352;train
20353;train
20354;train
20355;train
20356;train
20357;train
20358;train
20359;train
20360;train
20361;validation
20362;train
20363;test
20364;train
20365;train
20366;validation
20367;train
20368;validation
20369;train
20370;validation
20371;train
20372;train
20373;train
20374;train
20375;train
20376;train
20377;train
20378;train
20379;train
20380;train
20381;test
20382;train
20383;train
20384;train
20385;validation
20386;validation
20387;train
20388;train
20389;train
20390;train
20391;test
20392;test
20393;train
20394;test
20395;train
20396;validation
20397;train
20398;train
20399;train
20400;train
20401;train
20402;train
20403;test
20404;test
20405;train
20406;validation
20407;train
20408;train
20409;test
20410;train
20411;train
20412;test
20413;train
20414;test
20415;train
20416;train
20417;train
20418;train
20419;train
20420;validation
20421;train
20422;train
20423;test
20424;train
20425;validation
20426;train
20427;train
20428;train
20429;validation
20430;train
20431;train
20432;train
20433;train
20434;train
20435;train
20436;train
20437;validation
20438;train
20439;validation
20440;train
20441;train
20442;train
20443;validation
20444;test
20445;train
20446;train
20447;test
20448;train
20449;train
20450;train
20451;train
20452;train
20453;validation
20454;validation
20455;train
20456;train
20457;validation
20458;train
20459;test
20460;train
20461;validation
20462;train
20463;train
20464;train
20465;train
20466;train
20467;train
20468;validation
20469;train
20470;train
20471;validation
20472;train
20473;validation
20474;test
20475;train
20476;train
20477;train
20478;train
20479;train
20480;train
20481;train
20482;train
20483;test
20484;train
20485;test
20486;train
20487;train
20488;train
20489;train
20490;train
20491;train
20492;test
20493;validation
20494;test
20495;train
20496;test
20497;test
20498;test
20499;train
20500;train
20501;test
20502;train
20503;train
20504;train
20505;train
20506;validation
20507;validation
20508;train
20509;test
20510;validation
20511;validation
20512;train
20513;validation
20514;validation
20515;train
20516;train
20517;validation
20518;train
20519;validation
20520;train
20521;train
20522;train
20523;train
20524;validation
20525;train
20526;train
20527;validation
20528;test
20529;train
20530;test
20531;train
20532;test
20533;train
20534;train
20536;train
20537;train
20538;train
20539;test
20540;train
20541;train
20542;train
20543;train
20544;validation
20545;train
20546;test
20547;train
20548;test
20549;validation
20550;test
20551;validation
20552;test
20553;train
20554;train
20555;train
20556;train
20557;train
20558;train
20559;train
20560;test
20561;train
20562;test
20563;validation
20564;train
20565;train
20566;train
20567;test
20568;test
20569;train
20570;test
20571;test
20572;validation
20573;test
20574;train
20575;train
20576;train
20577;train
20578;train
20579;test
20580;train
20581;validation
20582;train
20583;train
20584;validation
20585;test
20586;train
20587;train
20588;train
20589;train
20590;validation
20591;train
20592;validation
20593;validation
20594;validation
20595;test
20596;train
20597;train
20598;validation
20599;train
20600;train
20601;test
20602;train
20603;train
20604;train
20605;train
20606;train
20607;train
20608;train
20609;train
20610;train
20611;train
20612;validation
20613;test
20614;test
20615;train
20616;validation
20617;train
20618;train
20619;validation
20620;train
20621;train
20622;test
20623;train
20624;train
20625;train
20626;train
20627;train
20628;train
20629;test
20630;train
20631;test
20632;train
20633;train
20634;train
20635;train
20636;test
20637;train
20638;train
20639;test
20640;train
20641;train
20642;validation
20643;train
20644;train
20645;test
20646;train
20647;train
20648;train
20649;train
20650;train
20651;train
20652;test
20653;train
20654;train
20655;train
20656;train
20657;validation
20658;train
20659;train
20660;train
20661;train
20662;train
20663;train
20664;train
20665;train
20666;train
20667;train
20668;train
20669;train
20670;test
20671;train
20672;test
20673;train
20674;train
20675;train
20676;train
20677;train
20678;train
20679;train
20680;test
20681;train
20682;train
20683;train
20684;train
20685;train
20686;test
20687;train
20688;test
20689;train
20690;train
20691;validation
20692;train
20693;validation
20694;train
20695;train
20696;train
20697;train
20698;train
20699;train
20700;train
20701;test
20702;train
20703;train
20704;train
20705;test
20706;test
20707;train
20708;test
20709;train
20710;validation
20711;validation
20712;train
20713;test
20714;train
20715;train
20716;train
20717;train
20718;train
20719;validation
20720;train
20721;train
20722;test
20723;train
20724;train
20725;train
20726;train
20727;validation
20728;train
20729;train
20730;test
20731;train
20732;train
20733;train
20734;validation
20735;train
20736;validation
20737;train
20738;train
20739;train
20740;train
20741;train
20742;train
20743;train
20744;validation
20745;train
20746;train
20747;train
20748;train
20749;train
20750;train
20751;train
20752;validation
20753;test
20754;train
20755;validation
20756;test
20757;test
20758;train
20759;train
20760;train
20761;test
20762;train
20763;test
20764;train
20765;train
20766;validation
20767;train
20768;train
20769;train
20770;test
20771;test
20772;train
20773;validation
20774;test
20775;train
20776;validation
20777;train
20778;train
20779;test
20780;train
20781;train
20782;train
20783;train
20784;train
20785;train
20786;train
20787;train
20788;test
20789;validation
20790;train
20791;validation
20792;test
20793;train
20794;train
20795;train
20796;train
20797;train
20798;train
20799;train
20800;train
20801;train
20802;test
20803;train
20804;train
20805;train
20806;train
20807;train
20808;validation
20809;train
20810;train
20811;train
20812;train
20813;train
20814;train
20815;train
20816;test
20817;train
20818;train
20819;train
20820;train
20821;train
20822;validation
20823;train
20824;train
20825;train
20826;train
20827;test
20828;train
20829;train
20830;validation
20831;train
20832;test
20833;train
20834;train
20835;test
20836;train
20837;train
20838;validation
20839;train
20840;train
20841;train
20842;train
20843;train
20844;train
20845;train
20846;train
20847;train
20848;test
20849;train
20850;train
20851;validation
20852;train
20853;train
20854;train
20855;train
20856;train
20857;train
20858;train
20859;validation
20860;train
20861;train
20862;validation
20863;train
20864;test
20865;train
20866;test
20867;test
20868;train
20869;train
20870;validation
20871;validation
20872;train
20873;test
20874;test
20875;train
20876;train
20877;train
20878;train
20879;train
20880;train
20881;validation
20882;train
20883;train
20884;train
20885;train
20886;train
20887;validation
20888;test
20889;test
20890;train
20891;train
20892;test
20893;test
20894;train
20895;test
20896;train
20897;test
20898;train
20899;train
20900;train
20901;train
20902;test
20903;train
20904;train
20905;train
20906;train
20907;train
20908;validation
20909;train
20910;train
20911;validation
20912;train
20913;train
20914;train
20915;test
20916;train
20917;train
20918;train
20919;test
20920;train
20921;train
20922;train
20923;train
20924;train
20925;test
20926;train
20927;validation
20928;test
20929;train
20930;test
20931;train
20932;validation
20933;validation
20934;train
20935;train
20936;validation
20937;test
20938;train
20939;validation
20940;validation
20941;train
20942;train
20943;train
20944;train
20945;test
20946;test
20947;train
20948;test
20949;train
20950;train
20951;test
20952;train
20953;validation
20954;train
20955;train
20956;train
20957;train
20958;validation
20959;test
20960;validation
20961;train
20962;train
20963;train
20964;train
20965;train
20966;validation
20967;train
20968;train
20969;train
20970;train
20971;test
20972;train
20973;train
20974;validation
20975;train
20976;train
20977;train
20978;train
20979;validation
20980;train
20981;train
20982;train
20983;train
20984;train
20985;train
20986;validation
20987;train
20988;test
20989;train
20990;train
20991;test
20992;train
20993;test
20994;train
20995;train
20996;validation
20997;train
20998;train
20999;train
21000;validation
21001;train
21002;validation
21003;train
21004;train
21005;train
21006;test
21007;train
21008;test
21009;test
21010;train
21011;train
21012;train
21013;train
21014;validation
21015;train
21016;train
21017;train
21018;validation
21019;train
21020;train
21021;train
21022;train
21023;validation
21024;train
21025;train
21026;test
21027;validation
21028;train
21029;test
21030;validation
21031;train
21032;train
21033;train
21034;train
21035;train
21036;train
21037;train
21038;train
21039;test
21040;train
21041;validation
21042;train
21043;train
21044;train
21045;train
21046;train
21047;train
21048;test
21049;test
21050;train
21051;train
21052;test
21053;train
21054;train
21055;train
21056;train
21057;train
21058;train
21059;validation
21060;test
21061;validation
21062;test
21063;train
21064;validation
21065;train
21066;train
21067;train
21068;train
21069;train
21070;train
21071;train
21072;validation
21073;train
21074;train
21075;train
21076;train
21077;train
21078;train
21079;test
21080;train
21081;train
21082;train
21083;train
21084;test
21085;test
21086;validation
21087;train
21088;train
21089;train
21090;validation
21091;train
21092;train
21093;train
21094;train
21095;train
21096;test
21097;train
21098;train
21099;test
21100;train
21101;train
21102;validation
21103;train
21104;train
21105;train
21106;train
21107;train
21108;train
21109;train
21110;train
21111;train
21112;train
21113;train
21114;train
21115;validation
21116;validation
21117;train
21118;train
21119;test
21120;train
21121;train
21122;train
21123;train
21124;train
21125;train
21126;train
21127;train
21128;validation
21129;train
21130;validation
21131;validation
21132;train
21133;validation
21134;train
21135;train
21136;train
21137;validation
21138;test
21139;train
21140;validation
21141;validation
21142;train
21143;train
21144;test
21145;test
21146;train
21147;train
21148;train
21149;train
21150;train
21151;train
21152;train
21153;train
21154;test
21155;validation
21156;validation
21157;test
21158;test
21159;train
21160;train
21161;train
21162;train
21163;train
21164;test
21165;validation
21166;train
21167;train
21168;train
21169;train
21170;train
21171;train
21172;train
21173;validation
21174;train
21175;train
21176;train
21177;train
21178;train
21179;train
21180;train
21181;test
21182;train
21183;train
21184;train
21185;validation
21186;validation
21187;test
21188;train
21189;validation
21190;test
21191;train
21192;train
21193;train
21194;test
21195;train
21196;test
21197;train
21198;validation
21199;train
21200;train
21201;train
21202;test
21203;train
21204;train
21205;test
21206;train
21207;validation
21208;train
21209;validation
21210;test
21211;train
21212;train
21213;train
21214;train
21215;train
21216;train
21217;train
21218;train
21219;train
21220;train
21221;train
21222;validation
21223;validation
21224;train
21225;train
21226;train
21227;train
21228;train
21229;test
21230;validation
21231;validation
21232;train
21233;train
21234;train
21235;test
21236;train
21237;train
21238;train
21239;train
21240;test
21241;validation
21242;train
21243;train
21244;train
21245;test
21246;train
21247;validation
21248;train
21249;train
21250;train
21251;train
21252;train
21253;train
21254;validation
21255;train
21256;train
21257;train
21258;train
21259;train
21260;train
21261;validation
21262;validation
21263;test
21264;train
21265;train
21266;train
21267;test
21268;train
21269;train
21270;validation
21271;train
21272;validation
21273;train
21274;validation
21275;train
21276;train
21277;validation
21278;train
21279;test
21280;train
21281;train
21282;train
21283;train
21284;validation
21285;train
21286;validation
21287;train
21288;train
21289;train
21290;train
21291;train
21292;train
21293;test
21294;train
21295;train
21296;train
21297;train
21298;validation
21299;train
21300;test
21301;validation
21302;train
21303;train
21304;train
21305;validation
21306;train
21307;train
21308;train
21309;train
21310;train
21311;train
21312;train
21313;train
21314;train
21315;train
21316;train
21317;train
21318;train
21319;train
21320;train
21321;train
21322;train
21323;train
21324;test
21325;test
21326;validation
21327;test
21328;train
21329;train
21330;test
21331;train
21332;validation
21333;train
21334;train
21335;validation
21336;test
21337;train
21338;test
21339;train
21340;train
21341;train
21342;validation
21343;validation
21344;train
21345;train
21346;train
21347;train
21348;train
21349;train
21350;validation
21351;train
21352;test
21353;train
21354;test
21355;train
21356;train
21357;test
21358;train
21359;train
21360;train
21361;validation
21362;train
21363;test
21364;validation
21365;train
21366;train
21367;train
21368;train
21369;train
21370;test
21371;train
21372;train
21373;train
21374;test
21375;train
21376;train
21377;train
21378;test
21379;train
21380;test
21381;test
21382;train
21383;train
21384;train
21385;validation
21386;train
21387;train
21388;train
21389;validation
21390;train
21391;train
21392;validation
21393;train
21394;train
21395;train
21396;validation
21397;train
21398;train
21399;test
21400;train
21401;train
21402;train
21403;validation
21404;train
21405;validation
21406;train
21407;train
21408;train
21409;train
21410;test
21411;validation
21412;train
21413;train
21414;test
21415;train
21416;train
21417;train
21418;train
21419;train
21420;train
21421;validation
21422;train
21423;train
21424;validation
21425;train
21426;train
21427;train
21428;test
21429;train
21430;validation
21431;train
21432;test
21433;train
21434;train
21435;train
21436;train
21437;train
21438;train
21439;train
21440;train
21441;test
21442;test
21443;train
21444;validation
21445;train
21446;test
21447;validation
21448;train
21449;train
21450;train
21451;train
21452;validation
21453;train
21454;train
21455;train
21456;test
21457;test
21458;train
21459;train
21460;train
21461;train
21462;train
21463;train
21464;train
21465;test
21466;train
21467;validation
21468;train
21469;validation
21470;train
21471;train
21472;test
21473;train
21474;test
21475;train
21476;validation
21477;train
21478;validation
21479;train
21480;train
21481;train
21482;validation
21483;train
21484;test
21485;test
21486;train
21487;train
21488;validation
21489;train
21490;train
21491;test
21492;test
21493;train
21494;train
21495;train
21496;train
21497;train
21498;train
21499;train
21500;train
21501;train
21502;train
21503;train
21504;train
21505;train
21506;train
21507;train
21508;train
21509;train
21510;train
21511;train
21512;train
21513;validation
21514;test
21515;test
21516;train
21517;train
21518;train
21519;train
21520;train
21521;train
21522;train
21523;train
21524;validation
21525;train
21526;train
21527;train
21528;train
21529;train
21530;train
21531;train
21532;train
21533;train
21534;train
21535;train
21536;train
21537;validation
21538;train
21539;train
21540;train
21541;validation
21542;validation
21543;train
21544;train
21545;train
21546;train
21547;train
21548;train
21549;train
21550;train
21551;test
21552;test
21553;train
21554;test
21555;train
21556;train
21557;train
21558;train
21559;train
21560;validation
21561;train
21562;test
21563;test
21564;train
21565;validation
21566;train
21567;validation
21568;train
21569;train
21570;train
21571;train
21572;train
21573;train
21574;train
21575;train
21576;train
21577;train
21578;train
21579;train
21580;train
21581;train
21582;train
21583;validation
21584;train
21585;train
21586;train
21587;validation
21588;train
21589;train
21590;test
21591;test
21592;train
21593;train
21594;train
21595;train
21596;train
21597;train
21598;train
21599;train
21600;train
21601;train
21602;train
21603;train
21604;test
21605;test
21606;train
21607;test
21608;validation
21609;train
21610;train
21611;test
21612;test
21613;train
21614;test
21615;train
21616;train
21617;train
21618;test
21619;test
21620;test
21621;validation
21622;train
21623;train
21624;train
21625;validation
21626;validation
21627;train
21628;train
21629;train
21630;test
21631;test
21632;test
21633;test
21634;train
21635;validation
21636;validation
21637;train
21638;train
21639;train
21640;validation
21641;train
21642;validation
21643;test
21644;test
21645;train
21646;train
21647;train
21648;train
21649;train
21650;validation
21651;train
21652;train
21653;train
21654;train
21655;train
21656;train
21657;train
21658;train
21659;train
21660;train
21661;train
21662;train
21663;train
21664;train
21665;train
21666;train
21667;train
21668;train
21669;train
21670;test
21671;validation
21672;train
21673;train
21674;test
21675;train
21676;train
21677;test
21678;validation
21679;train
21680;train
21681;validation
21682;train
21683;test
21684;train
21685;validation
21686;train
21687;validation
21688;test
21689;train
21690;train
21691;train
21692;test
21693;train
21694;validation
21695;test
21696;test
21697;validation
21698;train
21699;train
21700;validation
21701;train
21702;train
21703;validation
21704;train
21705;train
21706;train
21707;train
21708;validation
21709;train
21710;test
21711;train
21712;train
21713;train
21714;train
21715;validation
21716;test
21717;validation
21718;train
21719;train
21720;train
21721;test
21722;validation
21723;test
21724;train
21725;validation
21726;train
21727;validation
21728;train
21729;train
21730;train
21731;validation
21732;validation
21733;test
21734;validation
21735;train
21736;train
21737;test
21738;test
21739;train
21740;train
21741;validation
21742;train
21743;test
21744;train
21745;train
21746;validation
21747;train
21748;train
21749;train
21750;train
21751;train
21752;train
21753;train
21754;train
21755;train
21756;train
21757;train
21758;train
21759;train
21760;test
21761;test
21762;train
21763;test
21764;train
21765;train
21766;train
21767;validation
21768;train
21769;train
21770;train
21771;train
21772;train
21773;train
21774;train
21775;test
21776;train
21777;train
21778;validation
21779;validation
21780;train
21781;train
21782;train
21783;train
21784;train
21785;train
21786;test
21787;train
21788;train
21789;train
21790;validation
21791;train
21792;train
21793;train
21794;test
21795;train
21796;train
21797;train
21798;train
21799;train
21800;train
21801;train
21802;train
21803;train
21804;test
21805;train
21806;train
21807;train
21808;train
21809;train
21810;train
21811;train
21812;train
21813;train
21814;train
21815;train
21816;validation
21817;train
21818;train
21819;test
21820;train
21821;train
21822;validation
21823;train
21824;train
21825;train
21826;train
21827;train
21828;train
21829;validation
21830;test
21831;train
21832;validation
21833;validation
21834;train
21835;test
21836;test
21837;test
21838;train
21839;test
21840;train
21841;validation
21842;validation
21843;test
21844;train
21845;train
21846;test
21847;train
21848;train
21849;train
21850;train
21851;train
21852;train
21853;train
21854;train
21855;train
21856;test
21857;validation
21858;train
21859;train
21860;test
21861;train
21862;validation
21863;train
21864;train
21865;train
21866;train
21867;train
21868;train
21869;test
21870;validation
21871;train
21872;train
21873;train
21874;train
21875;train
21876;validation
21877;train
21878;train
21879;train
21880;train
21881;train
21882;train
21883;train
21884;train
21885;train
21886;test
21887;train
21888;test
21889;train
21890;train
21891;validation
21892;train
21893;train
21894;test
21895;train
21896;train
21897;train
21898;validation
21899;validation
21900;test
21901;train
21902;validation
21903;train
21904;train
21905;train
21906;train
21907;test
21908;train
21909;train
21910;test
21911;train
21912;train
21913;train
21914;validation
21915;test
21916;train
21917;validation
21918;train
21919;train
21920;train
21921;validation
21922;train
21923;train
21924;train
21925;train
21926;train
21927;train
21928;train
21929;train
21930;train
21931;train
21932;test
21933;train
21934;validation
21935;train
21936;train
21937;train
21938;validation
21939;validation
21940;train
21941;train
21942;train
21943;train
21944;validation
21945;train
21946;test
21947;train
21948;train
21949;train
21950;train
21951;train
21952;validation
21953;validation
21954;train
21955;train
21956;train
21957;validation
21958;test
21959;train
21960;validation
21961;validation
21962;test
21963;train
21964;test
21965;train
21966;test
21967;train
21968;validation
21969;train
21970;train
21971;validation
21972;train
21973;test
21974;train
21975;test
21976;train
21977;train
21978;validation
21979;train
21980;train
21981;train
21982;test
21983;train
21984;train
21985;train
21986;validation
21987;validation
21988;train
21989;train
21990;validation
21991;train
21992;train
21993;test
21994;validation
21995;validation
21996;validation
21997;train
21998;train
21999;train
22000;train
22001;train
22002;train
22003;validation
22004;train
22005;test
22006;train
22007;train
22008;train
22009;train
22010;test
22011;train
22012;train
22013;train
22014;train
22015;train
22016;train
22017;train
22018;validation
22019;train
22020;validation
22021;train
22022;train
22023;validation
22024;test
22025;test
22026;train
22027;train
22028;validation
22029;train
22030;train
22031;train
22032;train
22033;train
22034;validation
22035;train
22036;train
22037;train
22038;test
22039;train
22040;train
22041;train
22042;train
22043;test
22044;train
22045;train
22046;train
22047;train
22048;validation
22049;train
22050;train
22051;test
22052;test
22053;train
22054;train
22055;train
22056;train
22057;train
22058;train
22059;test
22060;train
22061;train
22062;test
22063;train
22064;train
22065;validation
22066;train
22067;train
22068;train
22069;train
22070;train
22071;train
22072;train
22073;train
22074;validation
22075;train
22076;validation
22077;train
22078;train
22079;train
22080;test
22081;train
22082;train
22083;test
22084;train
22085;train
22086;train
22087;validation
22088;validation
22089;train
22090;test
22091;train
22092;train
22093;train
22094;train
22095;train
22096;train
22097;train
22098;train
22099;test
22100;train
22101;train
22102;validation
22103;test
22104;validation
22105;train
22106;validation
22107;test
22108;train
22109;train
22110;train
22111;train
22112;validation
22113;test
22114;train
22115;train
22116;train
22117;train
22118;test
22119;test
22120;train
22121;train
22122;train
22123;train
22124;train
22125;train
22126;train
22127;train
22128;validation
22129;train
22130;validation
22131;train
22132;test
22133;validation
22134;train
22135;train
22136;train
22137;train
22138;train
22139;train
22140;validation
22141;train
22142;validation
22143;train
22144;train
22145;train
22146;train
22147;train
22148;train
22149;train
22150;train
22151;train
22152;train
22153;train
22154;train
22155;train
22156;validation
22157;train
22158;validation
22159;test
22160;train
22161;train
22162;test
22163;train
22164;test
22165;test
22166;validation
22167;train
22168;train
22169;train
22170;train
22171;train
22172;validation
22173;train
22174;train
22175;validation
22176;train
22177;train
22178;train
22179;train
22180;test
22181;train
22182;train
22183;test
22184;test
22185;train
22186;train
22187;train
22188;train
22189;validation
22190;test
22191;train
22192;train
22193;train
22194;train
22195;validation
22196;train
22197;train
22198;train
22199;train
22200;train
22201;train
22202;test
22203;train
22204;train
22205;train
22206;train
22207;test
22208;train
22209;train
22210;train
22211;test
22212;train
22213;test
22214;train
22215;train
22216;train
22217;test
22218;train
22219;train
22220;train
22221;train
22222;test
22223;train
22224;test
22225;train
22226;train
22227;test
22228;train
22229;train
22230;validation
22231;test
22232;validation
22233;train
22234;train
22235;train
22236;train
22237;train
22238;train
22239;train
22240;validation
22241;train
22242;train
22243;train
22244;test
22245;train
22246;validation
22247;validation
22248;train
22249;test
22250;validation
22251;test
22252;train
22253;train
22254;train
22255;train
22256;validation
22257;validation
22258;train
22259;train
22260;train
22261;test
22262;train
22263;train
22264;train
22265;train
22266;train
22267;train
22268;validation
22269;train
22270;train
22271;validation
22272;train
22273;train
22274;train
22275;train
22276;train
22277;validation
22278;train
22279;test
22280;train
22281;train
22282;train
22283;validation
22284;validation
22285;train
22286;train
22287;validation
22288;train
22289;train
22290;train
22291;test
22292;train
22293;train
22294;train
22295;train
22296;train
22297;train
22298;test
22299;train
22300;train
22301;train
22302;train
22303;validation
22304;train
22305;train
22306;train
22307;validation
22308;test
22309;train
22310;train
22311;train
22312;train
22313;train
22314;test
22315;validation
22316;train
22317;train
22318;validation
22319;train
22320;train
22321;train
22322;validation
22323;train
22324;train
22325;train
22326;train
22327;validation
22328;train
22329;train
22330;validation
22331;train
22332;train
22333;train
22334;train
22335;train
22336;train
22337;test
22338;train
22339;train
22340;train
22341;train
22342;train
22343;train
22344;train
22345;validation
22346;train
22347;train
22348;train
22349;validation
22350;train
22351;train
22352;test
22353;train
22354;train
22355;train
22356;train
22357;train
22358;validation
22359;test
22360;train
22361;train
22362;validation
22363;train
22364;train
22365;train
22366;train
22367;train
22368;train
22369;validation
22370;validation
22371;train
22372;train
22373;train
22374;test
22375;train
22376;validation
22377;train
22378;train
22379;train
22380;validation
22381;test
22382;train
22383;train
22384;train
22385;validation
22386;train
22387;test
22388;train
22389;train
22390;train
22391;train
22392;train
22393;train
22394;train
22395;train
22396;test
22397;train
22398;train
22399;train
22400;test
22401;train
22402;train
22403;train
22404;train
22405;train
22406;train
22407;train
22408;train
22409;train
22410;train
22411;train
22412;validation
22413;train
22414;train
22415;train
22416;train
22417;validation
22418;train
22419;test
22420;test
22421;train
22422;train
22423;train
22424;train
22425;train
22426;train
22427;test
22428;train
22429;train
22430;train
22431;train
22432;train
22433;train
22434;train
22435;validation
22436;test
22437;train
22438;train
22439;train
22440;validation
22441;train
22442;test
22443;train
22444;train
22445;test
22446;train
22447;train
22448;test
22449;train
22450;test
22451;test
22452;train
22453;train
22454;test
22455;validation
22456;train
22457;test
22458;train
22459;train
22460;test
22461;train
22462;validation
22463;validation
22464;train
22465;test
22466;train
22467;train
22468;train
22469;train
22470;train
22471;train
22472;train
22473;validation
22474;train
22475;train
22476;test
22477;train
22478;train
22479;train
22480;test
22481;train
22482;train
22483;train
22484;train
22485;train
22486;train
22487;train
22488;validation
22489;train
22490;train
22491;train
22492;train
22493;train
22494;test
22495;train
22496;train
22497;train
22498;train
22499;train
22500;test
22501;train
22502;train
22503;test
22504;train
22505;test
22506;validation
22507;train
22508;train
22509;train
22510;train
22511;train
22512;train
22513;validation
22514;train
22515;test
22516;train
22517;train
22518;train
22519;test
22520;validation
22521;train
22522;train
22523;train
22524;train
22525;validation
22526;train
22527;train
22528;train
22529;train
22530;train
22531;train
22532;train
22533;train
22534;train
22535;train
22536;train
22537;train
22538;test
22539;test
22540;train
22541;train
22542;validation
22543;train
22544;test
22545;train
22546;train
22547;train
22548;train
22549;train
22550;train
22551;train
22552;train
22553;train
22554;train
22555;train
22556;train
22557;train
22558;train
22559;train
22560;train
22561;train
22562;train
22563;validation
22564;train
22565;train
22566;train
22567;train
22568;test
22569;train
22570;train
22571;train
22572;train
22573;train
22574;train
22575;test
22576;train
22577;train
22578;validation
22579;train
22580;validation
22581;validation
22582;train
22583;train
22584;validation
22585;validation
22586;train
22587;train
22588;test
22589;train
22590;test
22591;train
22592;train
22593;train
22594;train
22595;train
22596;validation
22597;train
22598;train
22599;train
22600;train
22601;train
22602;train
22603;train
22604;test
22605;train
22606;train
22607;train
22608;train
22609;train
22610;train
22611;train
22612;train
22613;test
22614;train
22615;train
22616;validation
22617;test
22618;train
22619;train
22620;train
22621;test
22622;train
22623;train
22624;train
22625;train
22626;train
22627;test
22628;train
22629;train
22630;train
22631;test
22632;train
22633;train
22634;validation
22635;train
22636;train
22637;validation
22638;train
22639;train
22640;validation
22641;train
22642;test
22643;train
22644;train
22645;train
22646;validation
22647;test
22648;validation
22649;train
22650;train
22651;train
22652;train
22653;train
22654;train
22655;validation
22656;test
22657;validation
22658;train
22659;train
22660;train
22661;train
22662;test
22663;test
22664;train
22665;validation
22666;train
22667;validation
22668;train
22669;validation
22670;train
22671;train
22672;train
22673;test
22674;train
22675;train
22676;test
22677;validation
22678;test
22679;train
22680;train
22681;train
22682;train
22683;train
22684;train
22685;train
22686;test
22687;train
22688;train
22689;validation
22690;test
22691;train
22692;validation
22693;train
22694;train
22695;train
22696;validation
22697;train
22698;test
22699;test
22700;train
22701;validation
22702;train
22703;train
22704;test
22705;train
22706;train
22707;validation
22708;validation
22709;test
22710;test
22711;train
22712;train
22713;validation
22714;train
22715;train
22716;validation
22717;train
22718;validation
22719;train
22720;train
22721;train
22722;validation
22723;train
22724;train
22725;train
22726;train
22727;train
22728;train
22729;train
22730;test
22731;train
22732;test
22733;train
22734;train
22735;train
22736;validation
22737;train
22738;test
22739;train
22740;train
22741;train
22742;validation
22743;train
22744;validation
22745;test
22746;validation
22747;train
22748;test
22749;train
22750;validation
22751;train
22752;train
22753;train
22754;train
22755;train
22756;test
22757;train
22758;validation
22759;train
22760;validation
22761;validation
22762;train
22763;validation
22764;train
22765;train
22766;test
22767;validation
22768;train
22769;validation
22770;validation
22771;train
22772;train
22773;validation
22774;test
22775;validation
22776;test
22777;validation
22778;validation
22779;train
22780;train
22781;train
22782;train
22783;validation
22784;train
22785;test
22786;validation
22787;validation
22788;train
22789;train
22790;train
22791;train
22792;train
22793;train
22794;train
22795;train
22796;train
22797;train
22798;train
22799;train
22800;train
22801;train
22802;train
22803;train
22804;test
22805;train
22806;train
22807;validation
22808;test
22809;train
22810;test
22811;train
22812;train
22813;train
22814;test
22815;train
22816;train
22817;train
22818;test
22819;train
22820;train
22821;train
22822;validation
22823;train
22824;test
22825;train
22826;train
22827;train
22828;test
22829;train
22830;test
22831;train
22832;train
22833;validation
22834;train
22835;train
22836;train
22837;validation
22838;train
22839;train
22840;train
22841;train
22842;validation
22843;train
22844;train
22845;train
22846;train
22847;train
22848;train
22849;train
22850;train
22851;train
22852;train
22853;train
22854;test
22855;train
22856;test
22857;validation
22858;test
22859;train
22860;train
22861;train
22862;train
22863;validation
22864;train
22865;train
22866;train
22867;train
22868;train
22869;validation
22870;train
22871;train
22872;train
22873;validation
22874;test
22875;train
22876;train
22877;train
22878;validation
22879;train
22880;validation
22881;validation
22882;train
22883;train
22884;train
22885;validation
22886;train
22887;train
22888;train
22889;train
22890;train
22891;train
22892;validation
22893;train
22894;train
22895;train
22896;train
22897;train
22898;test
22899;train
22900;train
22901;train
22902;train
22903;train
22904;test
22905;train
22906;train
22907;train
22908;validation
22909;train
22910;train
22911;train
22912;train
22913;train
22914;train
22915;test
22916;test
22917;train
22918;train
22919;train
22920;train
22921;validation
22922;train
22923;train
22924;train
22925;train
22926;train
22927;train
22928;train
22929;test
22930;train
22931;train
22932;train
22933;train
22934;validation
22935;train
22936;train
22937;train
22938;train
22939;train
22940;train
22941;train
22942;train
22943;train
22944;train
22945;train
22946;train
22947;train
22948;validation
22949;train
22950;train
22951;train
22952;test
22953;train
22954;validation
22955;train
22956;train
22957;validation
22958;train
22959;test
22960;train
22961;test
22962;train
22963;train
22964;train
22965;train
22966;train
22967;train
22968;train
22969;validation
22970;train
22971;train
22972;train
22973;test
22974;train
22975;validation
22976;train
22977;train
22978;validation
22979;train
22980;train
22981;train
22982;train
22983;train
22984;train
22985;train
22986;validation
22987;train
22988;test
22989;validation
22990;train
22991;validation
22992;train
22993;validation
22994;train
22995;train
22996;train
22997;train
22998;train
22999;train
23000;train
23001;train
23002;train
23003;validation
23004;test
23005;test
23006;train
23007;train
23008;test
23009;validation
23010;validation
23011;train
23012;train
23013;test
23014;train
23015;train
23016;train
23017;train
23018;train
23019;test
23020;train
23021;train
23022;train
23023;train
23024;validation
23025;train
23026;train
23027;train
23028;validation
23029;train
23030;train
23031;validation
23032;train
23033;train
23034;test
23035;train
23036;train
23037;test
23038;train
23039;test
23040;train
23041;validation
23042;train
23043;validation
23044;test
23045;train
23046;train
23047;train
23048;train
23049;validation
23050;train
23051;train
23052;test
23053;train
23054;train
23055;train
23056;test
23057;train
23058;train
23059;test
23060;train
23061;train
23062;validation
23063;train
23064;train
23065;train
23066;validation
23067;test
23068;train
23069;train
23070;train
23071;train
23072;train
23073;train
23074;train
23075;train
23076;train
23077;train
23078;train
23079;train
23080;train
23081;test
23082;train
23083;train
23084;train
23085;train
23086;train
23087;train
23088;train
23089;validation
23090;train
23091;train
23092;validation
23093;train
23094;train
23095;validation
23096;train
23097;train
23098;train
23099;test
23100;test
23101;train
23102;train
23103;train
23104;train
23105;validation
23106;train
23107;train
23108;validation
23109;train
23110;train
23111;train
23112;train
23113;train
23114;test
23115;train
23116;train
23117;train
23118;train
23119;test
23120;validation
23121;test
23122;test
23123;train
23124;train
23125;train
23126;train
23127;train
23128;train
23129;train
23130;train
23131;train
23132;validation
23133;train
23134;validation
23135;train
23136;train
23137;validation
23138;train
23139;train
23140;train
23141;train
23142;test
23143;train
23144;test
23145;train
23146;validation
23147;test
23148;train
23149;test
23150;validation
23151;train
23152;train
23153;validation
23154;train
23155;train
23156;train
23157;train
23158;train
23159;train
23160;train
23161;train
23162;train
23163;train
23164;train
23165;train
23166;train
23167;train
23168;validation
23169;train
23170;test
23171;validation
23172;train
23173;train
23174;train
23175;train
23176;train
23177;train
23178;train
23179;train
23180;train
23181;test
23182;train
23183;train
23184;test
23185;train
23186;train
23187;train
23188;train
23189;train
23190;train
23191;train
23192;train
23193;train
23194;validation
23195;train
23196;validation
23197;train
23198;train
23199;train
23200;train
23201;train
23202;train
23203;train
23204;test
23205;train
23206;train
23207;test
23208;test
23209;validation
23210;train
23211;train
23212;train
23213;train
23214;train
23215;train
23216;train
23217;train
23218;train
23219;train
23220;train
23221;train
23222;train
23223;train
23224;train
23225;train
23226;train
23227;train
23228;train
23229;train
23230;train
23231;train
23232;validation
23233;train
23234;train
23235;train
23236;validation
23237;train
23238;train
23239;train
23240;train
23241;train
23242;train
23243;train
23244;train
23245;train
23246;train
23247;validation
23248;train
23249;train
23250;train
23251;train
23252;train
23253;train
23254;train
23255;train
23256;test
23257;train
23258;validation
23259;train
23260;test
23261;train
23262;train
23263;train
23264;test
23265;train
23266;train
23267;train
23268;test
23269;train
23270;test
23271;validation
23272;test
23273;train
23274;train
23275;train
23276;train
23277;test
23278;train
23279;train
23280;test
23281;train
23282;train
23283;train
23284;train
23285;train
23286;train
23287;test
23288;test
23289;validation
23290;train
23291;validation
23292;test
23293;train
23294;train
23295;train
23296;validation
23297;train
23298;test
23299;train
23300;test
23301;validation
23302;train
23303;train
23304;train
23305;test
23306;train
23307;train
23308;train
23309;train
23310;test
23311;train
23312;train
23313;train
23314;train
23315;train
23316;train
23317;train
23318;validation
23319;train
23320;train
23321;train
23322;validation
23323;train
23324;train
23325;train
23326;train
23327;validation
23328;test
23329;train
23330;train
23331;train
23332;train
23333;train
23334;train
23335;train
23336;train
23337;train
23338;train
23339;validation
23340;train
23341;test
23342;train
23343;train
23344;train
23345;train
23346;train
23347;train
23348;train
23349;train
23350;train
23351;test
23352;train
23353;train
23354;validation
23355;train
23356;train
23357;train
23358;train
23359;test
23360;test
23361;test
23362;test
23363;validation
23364;train
23365;train
23366;test
23367;train
23368;train
23369;train
23370;train
23371;train
23372;train
23373;train
23374;train
23375;train
23376;train
23377;train
23378;train
23379;test
23380;train
23381;train
23382;train
23383;train
23384;train
23385;train
23386;train
23387;train
23388;validation
23389;train
23390;validation
23391;train
23392;validation
23393;train
23394;test
23395;train
23396;train
23397;train
23398;train
23399;train
23400;train
23401;validation
23402;train
23403;validation
23404;train
23405;test
23406;test
23407;train
23408;train
23409;train
23410;train
23411;train
23412;train
23413;train
23414;train
23415;train
23416;train
23417;train
23418;validation
23419;train
23420;train
23421;train
23422;train
23423;validation
23424;test
23425;train
23426;train
23427;validation
23428;test
23429;train
23430;train
23431;train
23432;train
23433;train
23434;train
23435;train
23436;test
23437;train
23438;train
23439;train
23440;validation
23441;train
23442;test
23443;train
23444;train
23445;test
23446;train
23447;train
23448;train
23449;train
23450;train
23451;train
23452;train
23453;train
23454;train
23455;validation
23456;train
23457;train
23458;train
23459;train
23460;train
23461;validation
23462;test
23463;train
23464;validation
23465;validation
23466;validation
23467;train
23468;test
23469;train
23470;train
23471;test
23472;train
23473;validation
23474;test
23475;train
23476;train
23477;validation
23478;train
23479;train
23480;train
23481;validation
23482;train
23483;validation
23484;train
23485;train
23486;train
23487;train
23488;train
23489;train
23490;validation
23491;train
23492;test
23493;validation
23494;validation
23495;train
23496;train
23497;test
23498;train
23499;validation
23500;validation
23501;train
23502;train
23503;train
23504;validation
23505;validation
23506;test
23507;train
23508;validation
23509;train
23510;test
23511;test
23512;train
23513;train
23514;train
23515;train
23516;train
23517;train
23518;validation
23519;train
23520;test
23521;train
23522;test
23523;test
23524;validation
23525;validation
23526;validation
23527;test
23528;validation
23529;train
23530;validation
23531;validation
23532;test
23533;train
23534;train
23535;train
23536;train
23537;train
23538;train
23539;validation
23540;validation
23541;validation
23542;train
23543;train
23544;validation
23545;train
23546;test
23547;validation
23548;validation
23549;train
23550;train
23551;test
23552;validation
23553;train
23554;train
23555;validation
23556;train
23557;validation
23558;train
23559;train
23560;train
23561;train
23562;train
23563;train
23564;train
23565;train
23566;train
23567;train
23568;train
23569;train
23570;train
23571;train
23572;validation
23573;train
23574;train
23575;validation
23576;train
23577;train
23578;train
23579;test
23580;train
23581;train
23582;train
23583;train
23584;validation
23585;train
23586;train
23587;train
23588;train
23589;train
23590;train
23591;train
23592;train
23593;train
23594;train
23595;validation
23596;train
23597;test
23598;train
23599;train
23600;train
23601;validation
23602;test
23603;train
23604;train
23605;train
23606;validation
23607;train
23608;train
23609;train
23610;validation
23611;train
23612;train
23613;train
23614;train
23615;validation
23616;validation
23617;validation
23618;train
23619;test
23620;train
23621;train
23622;train
23623;validation
23624;train
23625;train
23626;train
23627;validation
23628;train
23629;train
23630;train
23631;train
23632;train
23633;validation
23634;train
23635;train
23636;test
23637;train
23638;train
23639;train
23640;train
23641;train
23642;train
23643;train
23644;train
23645;train
23646;train
23647;validation
23648;train
23649;train
23650;train
23651;validation
23652;test
23653;train
23654;train
23655;train
23656;validation
23657;train
23658;train
23659;train
23660;validation
23661;train
23662;train
23663;train
23664;train
23665;train
23666;validation
23667;test
23668;train
23669;test
23670;train
23671;train
23672;validation
23673;train
23674;train
23675;train
23676;train
23677;train
23678;train
23679;train
23680;validation
23681;train
23682;train
23683;train
23684;train
23685;train
23686;train
23687;test
23688;train
23689;train
23690;train
23691;train
23692;train
23693;test
23694;train
23695;train
23696;train
23697;train
23698;train
23699;train
23700;validation
23701;test
23702;train
23703;train
23704;train
23705;train
23706;train
23707;train
23708;train
23709;train
23710;train
23711;test
23712;train
23713;train
23714;test
23715;train
23716;test
23717;train
23718;train
23719;validation
23720;train
23721;train
23722;train
23723;train
23724;test
23725;validation
23726;test
23727;validation
23728;validation
23729;test
23730;test
23731;train
23732;train
23733;validation
23734;train
23735;validation
23736;train
23737;train
23738;test
23739;test
23740;train
23741;train
23742;train
23743;train
23744;train
23745;train
23746;validation
23747;test
23748;train
23749;train
23750;train
23751;train
23752;train
23753;test
23754;validation
23755;train
23756;train
23757;train
23758;train
23759;train
23760;train
23761;validation
23762;train
23763;test
23764;train
23765;train
23766;train
23767;validation
23768;train
23769;train
23770;validation
23771;train
23772;train
23773;train
23774;train
23775;train
23776;validation
23777;validation
23778;test
23779;train
23780;test
23781;train
23782;test
23783;validation
23784;train
23785;test
23786;train
23787;validation
23788;train
23789;train
23790;train
23791;validation
23792;train
23793;train
23794;train
23795;train
23796;train
23797;train
23798;test
23799;train
23800;test
23801;test
23802;train
23803;train
23804;train
23805;train
23806;validation
23807;validation
23808;test
23809;train
23810;train
23811;train
23812;train
23813;train
23814;validation
23815;train
23816;train
23817;train
23818;validation
23819;train
23820;validation
23821;train
23822;test
23823;train
23824;train
23825;validation
23826;train
23827;train
23828;train
23829;test
23830;train
23831;train
23832;train
23833;train
23834;train
23835;test
23836;validation
23837;train
23838;train
23839;train
23840;train
23841;test
23842;train
23843;train
23844;train
23845;train
23846;train
23847;test
23848;train
23849;train
23850;test
23851;train
23852;validation
23853;train
23854;test
23855;train
23856;validation
23857;train
23858;test
23859;validation
23860;validation
23861;train
23862;train
23863;train
23864;train
23865;train
23866;train
23867;train
23868;test
23869;train
23870;train
23871;train
23872;train
23873;train
23874;test
23875;train
23876;train
23877;test
23878;train
23879;validation
23880;validation
23881;train
23882;train
23883;train
23884;train
23885;train
23886;train
23887;train
23888;train
23889;train
23890;train
23891;train
23892;validation
23893;train
23894;train
23895;train
23896;train
23897;train
23898;validation
23899;test
23900;train
23901;train
23902;validation
23903;train
23904;train
23905;train
23906;train
23907;train
23908;validation
23909;train
23910;train
23911;validation
23912;train
23913;train
23914;test
23915;train
23916;train
23917;train
23918;validation
23919;train
23920;train
23921;train
23922;train
23923;train
23924;train
23925;train
23926;train
23927;validation
23928;test
23929;train
23930;train
23931;train
23932;train
23933;train
23934;train
23935;validation
23936;train
23937;train
23938;train
23939;train
23940;train
23941;train
23942;train
23943;train
23944;train
23945;test
23946;validation
23947;train
23948;validation
23949;train
23950;train
23951;test
23952;train
23953;train
23954;train
23955;train
23956;train
23957;train
23958;test
23959;train
23960;train
23961;train
23962;train
23963;train
23964;train
23965;train
23966;test
23967;train
23968;train
23969;train
23970;train
23971;train
23972;train
23973;train
23974;train
23975;test
23976;train
23977;train
23978;train
23979;validation
23980;train
23981;test
23982;train
23983;train
23984;train
23985;train
23986;train
23987;train
23988;train
23989;train
23990;train
23991;train
23992;train
23993;train
23994;validation
23995;train
23996;train
23997;validation
23998;validation
23999;train
24000;train
24001;test
24002;train
24003;train
24004;test
24005;train
24006;test
24007;train
24008;train
24009;test
24010;validation
24011;test
24012;validation
24013;validation
24014;train
24015;test
24016;train
24017;test
24018;train
24019;train
24020;train
24021;train
24022;train
24023;train
24024;train
24025;train
24026;validation
24027;train
24028;train
24029;validation
24030;train
24031;train
24032;train
24033;train
24034;train
24035;train
24036;train
24037;train
24038;validation
24039;train
24040;train
24041;validation
24042;train
24043;train
24044;train
24045;train
24046;train
24047;train
24048;train
24049;validation
24050;train
24051;test
24052;train
24053;validation
24054;test
24055;validation
24056;train
24057;validation
24058;train
24059;train
24060;train
24061;validation
24062;train
24063;train
24064;test
24065;train
24066;train
24067;test
24068;validation
24069;test
24070;train
24071;train
24072;validation
24073;train
24074;train
24075;train
24076;train
24077;train
24078;validation
24079;train
24080;train
24081;test
24082;train
24083;train
24084;train
24085;test
24086;train
24087;train
24088;train
24089;train
24090;train
24091;train
24092;validation
24093;train
24094;test
24095;train
24096;test
24097;train
24098;train
24099;validation
24100;validation
24101;validation
24102;train
24103;train
24104;train
24105;train
24106;train
24107;train
24108;train
24109;validation
24110;test
24111;train
24112;train
24113;train
24114;train
24115;validation
24116;test
24117;train
24118;test
24119;train
24120;train
24121;train
24122;train
24123;train
24124;train
24125;train
24126;test
24127;train
24128;validation
24129;train
24130;train
24131;train
24132;train
24133;train
24134;train
24135;train
24136;test
24137;train
24138;test
24139;train
24140;train
24141;validation
24142;train
24143;train
24144;validation
24145;test
24146;train
24147;train
24148;train
24149;test
24150;train
24151;validation
24152;train
24153;train
24154;test
24155;train
24156;test
24157;train
24158;test
24159;train
24160;validation
24161;train
24162;train
24163;train
24164;train
24165;test
24166;validation
24167;train
24168;validation
24169;train
24170;train
24171;train
24172;train
24173;validation
24174;train
24175;train
24176;validation
24177;test
24178;train
24179;train
24180;train
24181;train
24182;test
24183;train
24184;train
24185;train
24186;train
24187;train
24188;train
24189;train
24190;train
24191;train
24192;train
24193;train
24194;train
24195;validation
24196;train
24197;test
24198;test
24199;train
24200;train
24201;validation
24202;train
24203;train
24204;train
24205;test
24206;train
24207;train
24208;test
24209;train
24210;train
24211;train
24212;validation
24213;train
24214;train
24215;test
24216;train
24217;train
24218;test
24219;train
24220;validation
24221;test
24222;test
24223;test
24224;train
24225;train
24226;train
24227;train
24228;test
24229;train
24230;test
24231;train
24232;test
24233;train
24234;train
24235;train
24236;validation
24237;train
24238;validation
24239;train
24240;train
24241;train
24242;test
24243;test
24244;train
24245;test
24246;validation
24247;train
24248;test
24249;train
24250;train
24251;train
24252;test
24253;train
24254;train
24255;train
24256;train
24257;train
24258;train
24259;test
24260;train
24261;train
24262;train
24263;train
24264;train
24265;train
24266;train
24267;train
24268;train
24269;validation
24270;train
24271;train
24272;test
24273;train
24274;validation
24275;train
24276;validation
24277;train
24278;test
24279;train
24280;validation
24281;train
24282;train
24283;train
24284;train
24285;validation
24286;train
24287;train
24288;train
24289;train
24290;train
24291;validation
24292;train
24293;validation
24294;train
24295;train
24296;train
24297;test
24298;train
24299;train
24300;train
24301;train
24302;train
24303;test
24304;test
24305;train
24306;train
24307;train
24308;train
24309;train
24310;test
24311;test
24312;train
24313;test
24314;validation
24315;train
24316;train
24317;train
24318;train
24319;train
24320;train
24321;validation
24322;train
24323;train
24324;train
24325;train
24326;train
24327;validation
24328;train
24329;train
24330;test
24331;train
24332;train
24333;validation
24334;train
24335;train
24336;train
24337;test
24338;test
24339;train
24340;train
24341;train
24342;train
24343;train
24344;test
24345;train
24346;train
24347;validation
24348;validation
24349;validation
24350;train
24351;train
24352;train
24353;train
24354;test
24355;test
24356;test
24357;train
24358;train
24359;test
24360;validation
24361;test
24362;train
24363;train
24364;validation
24365;train
24366;validation
24367;test
24368;test
24369;test
24370;train
24371;train
24372;train
24373;validation
24374;train
24375;train
24376;train
24377;train
24378;validation
24379;validation
24380;train
24381;test
24382;train
24383;test
24384;train
24385;train
24386;train
24387;train
24388;train
24389;validation
24390;train
24391;validation
24392;train
24393;train
24394;train
24395;train
24396;train
24397;train
24398;test
24399;train
24400;train
24401;train
24402;train
24403;train
24404;train
24405;train
24406;train
24407;validation
24408;train
24409;validation
24410;train
24411;validation
24412;train
24413;test
24414;train
24415;train
24416;train
24417;train
24418;train
24419;train
24420;train
24421;train
24422;validation
24423;train
24424;test
24425;train
24426;validation
24427;train
24428;train
24429;train
24430;validation
24431;train
24432;train
24433;validation
24434;validation
24435;test
24436;train
24437;train
24438;test
24439;test
24440;validation
24441;validation
24442;train
24443;train
24444;train
24445;train
24446;train
24447;train
24448;validation
24449;train
24450;train
24451;validation
24452;train
24453;train
24454;train
24455;train
24456;train
24457;train
24458;train
24459;train
24460;train
24461;test
24462;train
24463;train
24464;train
24465;validation
24466;train
24467;test
24468;train
24469;test
24470;test
24471;test
24472;train
24473;validation
24474;train
24475;train
24476;train
24477;test
24478;validation
24479;validation
24480;train
24481;train
24482;train
24483;test
24484;test
24485;train
24486;train
24487;validation
24488;train
24489;validation
24490;train
24491;train
24492;validation
24493;train
24494;train
24495;train
24496;train
24497;validation
24498;train
24499;train
24500;train
24501;validation
24502;train
24503;train
24504;train
24505;train
24506;train
24507;train
24508;train
24509;train
24510;train
24511;test
24512;test
24513;train
24514;test
24515;validation
24516;train
24517;test
24518;test
24519;train
24520;train
24521;validation
24522;validation
24523;test
24524;train
24525;train
24526;validation
24527;train
24528;train
24529;train
24530;train
24531;validation
24532;train
24533;train
24534;test
24535;validation
24536;train
24537;train
24538;test
24539;validation
24540;validation
24541;validation
24542;train
24543;train
24544;train
24545;test
24546;train
24547;train
24548;validation
24549;train
24550;validation
24551;train
24552;train
24553;train
24554;test
24555;train
24556;train
24557;validation
24558;train
24559;train
24560;test
24561;train
24562;train
24563;train
24564;train
24565;train
24566;train
24567;train
24568;test
24569;train
24570;train
24571;test
24572;train
24573;test
24574;validation
24575;validation
24576;validation
24577;test
24578;validation
24579;train
24580;train
24581;train
24582;train
24583;train
24584;train
24585;test
24586;train
24587;train
24588;validation
24589;validation
24590;test
24591;train
24592;validation
24593;train
24594;train
24595;train
24596;train
24597;train
24598;train
24599;train
24600;validation
24601;train
24602;train
24603;test
24604;train
24605;train
24606;train
24607;train
24608;train
24609;train
24610;train
24611;validation
24612;validation
24613;train
24614;train
24615;train
24616;train
24617;train
24618;train
24619;train
24620;train
24621;train
24622;test
24623;train
24624;train
24625;train
24626;train
24627;train
24628;train
24629;train
24630;train
24631;train
24632;test
24633;train
24634;train
24635;train
24636;train
24637;train
24638;train
24639;train
24640;train
24641;train
24642;train
24643;train
24644;train
24645;train
24646;train
24647;test
24648;train
24649;train
24650;test
24651;train
24652;train
24653;train
24654;train
24655;train
24656;train
24657;train
24658;validation
24659;train
24660;validation
24661;test
24662;train
24663;train
24664;test
24665;train
24666;validation
24667;train
24668;test
24669;train
24670;train
24671;train
24672;validation
24673;test
24674;train
24675;validation
24676;train
24677;test
24678;train
24679;train
24680;validation
24681;train
24682;test
24683;train
24684;train
24685;train
24686;train
24687;train
24688;train
24689;test
24690;train
24691;train
24692;train
24693;validation
24694;train
24695;validation
24696;test
24697;train
24698;train
24699;train
24700;train
24701;train
24702;train
24703;validation
24704;validation
24705;validation
24706;train
24707;train
24708;train
24709;test
24710;train
24711;validation
24712;train
24713;train
24714;train
24715;test
24716;train
24717;train
24718;train
24719;train
24720;test
24721;validation
24722;train
24723;test
24724;test
24725;train
24726;train
24727;train
24728;train
24729;train
24730;train
24731;train
24732;test
24733;train
24734;train
24735;train
24736;train
24737;train
24738;train
24739;train
24740;train
24741;train
24742;validation
24743;validation
24744;train
24745;train
24746;test
24747;train
24748;train
24749;validation
24750;train
24751;validation
24752;test
24753;train
24754;train
24755;validation
24756;test
24757;validation
24758;train
24759;test
24760;train
24761;test
24762;train
24763;train
24764;train
24765;validation
24766;train
24767;test
24768;validation
24769;train
24770;validation
24771;train
24772;validation
24773;train
24774;test
24775;train
24776;train
24777;train
24778;test
24779;validation
24780;train
24781;train
24782;train
24783;train
24784;train
24785;train
24786;train
24787;test
24788;train
24789;train
24790;validation
24791;train
24792;train
24793;train
24794;validation
24795;train
24796;test
24797;test
24798;train
24799;train
24800;validation
24801;test
24802;train
24803;train
24804;train
24805;train
24806;train
24807;train
24808;train
24809;train
24810;train
24811;validation
24812;train
24813;train
24814;train
24815;train
24816;train
24817;validation
24818;train
24819;train
24820;train
24821;test
24822;train
24823;train
24824;train
24825;test
24826;test
24827;train
24828;train
24829;test
24830;train
24831;validation
24832;train
24833;train
24834;test
24835;train
24836;test
24837;train
24838;train
24839;train
24840;train
24841;train
24842;test
24843;validation
24844;validation
24845;train
24846;train
24847;train
24848;train
24849;validation
24850;validation
24851;validation
24852;train
24853;train
24854;train
24855;train
24856;train
24857;train
24858;train
24859;train
24860;train
24861;train
24862;train
24863;train
24864;train
24865;validation
24866;train
24867;validation
24868;train
24869;train
24870;validation
24871;train
24872;test
24873;train
24874;train
24875;train
24876;test
24877;train
24878;train
24879;train
24880;train
24881;train
24882;train
24883;train
24884;validation
24885;train
24886;train
24887;train
24888;train
24889;train
24890;train
24891;train
24892;train
24893;train
24894;train
24895;train
24896;train
24897;test
24898;train
24899;train
24900;test
24901;train
24902;train
24903;train
24904;train
24905;test
24906;train
24907;test
24908;test
24909;test
24910;train
24911;train
24912;validation
24913;validation
24914;test
24915;train
24916;validation
24917;validation
24918;validation
24919;train
24920;train
24921;test
24922;train
24923;train
24924;train
24925;validation
24926;test
24927;train
24928;train
24929;train
24930;train
24931;train
24932;train
24933;train
24934;test
24935;train
24936;validation
24937;train
24938;train
24939;train
24940;train
24941;train
24942;test
24943;train
24944;train
24945;train
24946;train
24947;train
24948;validation
24949;train
24950;train
24951;train
24952;train
24953;train
24954;train
24955;train
24956;test
24957;train
24958;train
24959;test
24960;train
24961;train
24962;validation
24963;test
24964;train
24965;train
24966;train
24967;test
24968;validation
24969;test
24970;test
24971;train
24972;train
24973;train
24974;train
24975;train
24976;test
24977;train
24978;train
24979;train
24980;train
24981;train
24982;train
24983;validation
24984;validation
24985;validation
24986;train
24987;test
24988;train
24989;validation
24990;test
24991;test
24992;train
24993;train
24994;train
24995;train
24996;train
24997;train
24998;train
24999;validation
25000;train
25001;train
25002;test
25003;train
25004;test
25005;train
25006;test
25007;train
25008;test
25009;train
25010;train
25011;train
25012;validation
25013;test
25014;train
25015;test
25016;train
25017;train
25018;train
25019;train
25020;train
25021;train
25022;train
25023;train
25024;train
25025;test
25026;validation
25027;train
25028;train
25029;train
25030;validation
25031;train
25032;train
25033;test
25034;train
25035;train
25036;train
25037;train
25038;test
25039;train
25040;validation
25041;train
25042;test
25043;test
25044;train
25045;train
25046;train
25047;train
25048;train
25049;validation
25050;train
25051;train
25052;train
25053;train
25054;train
25055;train
25056;train
25057;train
25058;test
25059;train
25060;validation
25061;test
25062;validation
25063;validation
25064;train
25065;train
25066;test
25067;train
25068;train
25069;train
25070;train
25071;validation
25072;validation
25073;validation
25074;validation
25075;validation
25076;validation
25077;train
25078;train
25079;train
25080;train
25081;train
25082;train
25083;test
25084;train
25085;train
25086;train
25087;train
25088;train
25089;train
25090;train
25091;train
25092;train
25093;test
25094;train
25095;train
25096;validation
25097;validation
25098;test
25099;train
25100;train
25101;train
25102;train
25103;train
25104;test
25105;train
25106;validation
25107;train
25108;train
25109;train
25110;train
25111;train
25112;train
25113;train
25114;train
25115;test
25116;train
25117;train
25118;validation
25119;train
25120;validation
25121;train
25122;train
25123;train
25124;test
25125;validation
25126;train
25127;train
25128;train
25129;train
25130;train
25131;test
25132;train
25133;train
25134;train
25135;validation
25136;validation
25137;test
25138;test
25139;validation
25140;train
25141;test
25142;train
25143;train
25144;train
25145;train
25146;train
25147;validation
25148;validation
25149;train
25150;train
25151;train
25152;train
25153;test
25154;train
25155;train
25156;train
25157;train
25158;train
25159;train
25160;train
25161;test
25162;validation
25163;validation
25164;train
25165;test
25166;test
25167;test
25168;test
25169;test
25170;train
25171;train
25172;test
25173;train
25174;validation
25175;train
25176;train
25177;train
25178;train
25179;validation
25180;validation
25181;train
25182;train
25183;train
25184;train
25185;train
25186;test
25187;train
25188;validation
25189;train
25190;train
25191;train
25192;train
25193;validation
25194;train
25195;test
25196;train
25197;test
25198;validation
25199;train
25200;validation
25201;train
25202;validation
25203;train
25204;train
25205;train
25206;train
25207;train
25208;train
25209;validation
25210;train
25211;train
25212;validation
25213;train
25214;train
25215;train
25216;train
25217;train
25219;train
25220;train
25221;train
25222;train
25223;train
25224;test
25225;train
25226;train
25227;train
25228;train
25229;train
25230;train
25231;train
25232;test
25233;train
25234;train
25235;train
25236;train
25237;validation
25238;train
25239;train
25240;train
25241;train
25242;test
25243;train
25244;train
25245;test
25246;validation
25247;train
25248;test
25249;train
25250;train
25251;train
25252;validation
25253;test
25254;train
25255;train
25256;validation
25257;train
25258;train
25259;train
25260;train
25261;train
25262;train
25263;validation
25264;test
25265;test
25266;train
25267;train
25268;train
25269;validation
25270;test
25271;train
25272;train
25273;validation
25274;validation
25275;validation
25276;train
25277;train
25278;train
25279;train
25280;train
25281;validation
25282;validation
25283;train
25284;train
25285;test
25286;train
25287;train
25288;test
25289;test
25290;train
25291;train
25292;train
25293;train
25294;train
25295;train
25296;train
25297;train
25298;validation
25299;train
25300;validation
25301;validation
25302;train
25303;train
25304;train
25305;train
25306;test
25307;train
25308;train
25309;train
25310;validation
25311;test
25312;train
25313;train
25314;validation
25315;test
25316;train
25317;train
25318;train
25319;train
25320;validation
25321;train
25322;train
25323;train
25324;test
25325;train
25326;train
25327;train
25328;train
25329;train
25330;train
25331;validation
25332;train
25333;test
25334;validation
25335;train
25336;validation
25337;validation
25338;validation
25339;train
25340;test
25341;train
25342;train
25343;train
25344;train
25345;train
25346;train
25347;train
25348;train
25349;train
25350;train
25351;train
25352;validation
25353;validation
25354;train
25355;test
25356;test
25357;train
25358;train
25359;train
25360;train
25361;train
25362;train
25363;validation
25364;train
25365;validation
25366;test
25367;train
25368;train
25369;train
25370;train
25371;train
25372;train
25373;train
25374;validation
25375;test
25376;test
25377;train
25378;train
25379;train
25380;train
25381;train
25382;train
25383;test
25384;test
25385;train
25386;train
25387;train
25388;test
25389;train
25390;train
25391;train
25392;train
25393;train
25394;test
25395;train
25396;train
25397;train
25398;validation
25399;train
25400;train
25401;train
25402;train
25403;validation
25404;train
25405;train
25406;train
25407;train
25408;train
25409;train
25410;train
25411;train
25412;train
25413;train
25414;train
25415;train
25416;train
25417;train
25418;train
25419;validation
25420;train
25421;validation
25422;train
25423;train
25424;validation
25425;train
25426;validation
25427;train
25428;train
25429;train
25430;train
25431;test
25432;train
25433;train
25434;test
25435;train
25436;train
25437;train
25438;train
25439;train
25440;train
25441;train
25442;train
25443;test
25444;train
25445;train
25446;validation
25447;test
25448;test
25449;train
25450;train
25451;validation
25452;train
25453;validation
25454;train
25455;train
25456;train
25457;train
25458;train
25459;train
25460;train
25461;train
25462;train
25463;validation
25464;train
25465;train
25466;train
25467;train
25468;train
25469;train
25470;validation
25471;train
25472;validation
25473;train
25474;validation
25475;test
25476;train
25477;train
25478;test
25479;train
25480;train
25481;validation
25482;train
25483;validation
25484;train
25485;train
25486;train
25487;train
25488;train
25489;train
25490;train
25491;test
25492;train
25493;validation
25494;test
25495;validation
25496;test
25497;train
25498;train
25499;train
25500;train
25501;validation
25502;train
25503;train
25504;validation
25505;validation
25506;train
25507;train
25508;train
25509;test
25510;train
25511;train
25512;train
25513;test
25514;train
25515;train
25516;test
25517;train
25518;test
25519;test
25520;validation
25521;train
25522;train
25523;train
25524;train
25525;train
25526;validation
25527;validation
25528;validation
25529;test
25530;train
25531;train
25532;test
25533;test
25534;train
25535;test
25536;train
25537;train
25538;train
25539;train
25540;train
25541;train
25542;train
25543;train
25544;validation
25545;test
25546;test
25547;train
25548;train
25549;validation
25550;test
25551;train
25552;train
25553;train
25554;train
25555;train
25556;train
25557;train
25558;train
25559;test
25560;test
25561;train
25562;validation
25563;train
25564;validation
25565;train
25566;train
25567;validation
25568;train
25569;train
25570;train
25571;test
25572;test
25573;train
25574;test
25575;train
25576;train
25577;train
25578;validation
25579;train
25580;train
25581;train
25582;test
25583;train
25584;test
25585;train
25586;train
25587;train
25588;train
25589;train
25590;train
25591;test
25592;validation
25593;train
25594;test
25595;train
25596;validation
25597;train
25598;validation
25599;train
25600;train
25601;train
25602;test
25603;train
25604;validation
25605;train
25606;train
25607;train
25608;train
25609;train
25610;train
25611;train
25612;train
25613;train
25614;validation
25615;validation
25616;train
25617;train
25618;test
25619;train
25620;train
25621;train
25622;train
25623;validation
25624;train
25625;train
25626;train
25627;validation
25628;train
25629;train
25630;train
25631;train
25632;train
25633;train
25634;validation
25635;test
25636;test
25637;validation
25638;test
25639;train
25640;train
25641;train
25642;train
25643;train
25644;train
25645;train
25646;train
25647;validation
25648;test
25649;train
25650;train
25651;train
25652;train
25653;validation
25654;validation
25655;validation
25656;train
25657;train
25658;validation
25659;validation
25660;test
25661;train
25662;train
25663;validation
25664;train
25665;train
25666;train
25667;train
25668;test
25669;train
25670;train
25671;train
25672;train
25673;train
25674;train
25675;validation
25676;train
25677;train
25678;train
25679;train
25680;train
25681;train
25682;train
25683;train
25684;validation
25685;train
25686;validation
25687;test
25688;train
25689;validation
25690;train
25691;test
25692;validation
25693;train
25694;train
25695;train
25696;train
25697;train
25698;train
25699;train
25700;test
25701;validation
25702;train
25703;train
25704;train
25705;train
25706;train
25707;test
25708;test
25709;validation
25710;train
25711;test
25712;train
25713;train
25714;train
25715;train
25716;test
25717;train
25718;train
25719;train
25720;train
25721;validation
25722;train
25723;validation
25724;validation
25725;train
25726;test
25727;train
25728;test
25729;train
25730;train
25731;train
25732;train
25733;train
25734;train
25735;train
25736;test
25737;train
25738;test
25739;train
25740;train
25741;train
25742;train
25743;test
25744;validation
25745;validation
25746;train
25747;train
25748;test
25749;train
25750;train
25751;train
25752;train
25753;train
25754;train
25755;validation
25756;train
25757;train
25758;train
25759;validation
25760;validation
25761;train
25762;train
25763;train
25764;train
25765;train
25766;train
25767;train
25768;validation
25769;train
25770;train
25771;test
25772;train
25773;test
25774;train
25775;train
25776;test
25777;train
25778;train
25779;validation
25780;train
25781;train
25782;train
25783;train
25784;train
25785;validation
25786;train
25787;train
25788;train
25789;validation
25790;train
25791;train
25792;train
25793;train
25794;train
25795;train
25796;train
25797;train
25798;validation
25799;train
25800;validation
25801;train
25802;train
25803;train
25804;train
25805;train
25806;validation
25807;validation
25808;train
25809;test
25810;train
25811;validation
25812;train
25813;train
25814;train
25815;validation
25816;train
25817;train
25818;train
25819;validation
25820;train
25821;train
25822;train
25823;train
25824;train
25825;train
25826;train
25827;train
25828;train
25829;train
25830;train
25831;train
25832;train
25833;train
25834;train
25835;train
25836;validation
25837;train
25838;validation
25839;train
25840;train
25841;validation
25842;validation
25843;train
25844;train
25845;train
25846;test
25847;train
25848;train
25849;train
25850;train
25851;train
25852;test
25853;test
25854;train
25855;train
25856;train
25857;train
25858;train
25859;train
25860;train
25861;test
25862;train
25863;test
25864;train
25865;train
25866;train
25867;validation
25868;train
25869;train
25870;test
25871;train
25872;train
25873;train
25874;train
25875;train
25876;train
25877;train
25878;train
25879;test
25880;train
25881;train
25882;train
25883;train
25884;train
25885;train
25886;train
25887;train
25888;train
25889;train
25890;train
25891;test
25892;test
25893;test
25894;train
25895;train
25896;train
25897;train
25898;train
25899;train
25900;train
25901;train
25902;validation
25903;validation
25904;train
25905;test
25906;train
25907;test
25908;train
25909;train
25910;train
25911;validation
25912;test
25913;test
25914;train
25915;train
25916;train
25917;train
25918;train
25919;train
25920;test
25921;train
25922;train
25923;train
25924;train
25925;train
25926;test
25927;train
25928;validation
25929;train
25930;train
25931;validation
25932;train
25933;validation
25934;train
25935;train
25936;train
25937;validation
25938;train
25939;train
25940;train
25941;train
25942;train
25943;train
25944;train
25945;train
25946;train
25947;train
25948;test
25949;train
25950;train
25951;validation
25952;test
25953;train
25954;test
25955;train
25956;train
25957;train
25958;train
25959;train
25960;train
25961;test
25962;validation
25963;test
25964;train
25965;validation
25966;train
25967;train
25968;train
25969;train
25970;train
25971;train
25972;train
25973;test
25974;train
25975;test
25976;train
25977;train
25978;train
25979;train
25980;test
25981;train
25982;test
25983;train
25984;train
25985;train
25986;test
25987;train
25988;test
25989;train
25990;train
25991;train
25992;train
25993;train
25994;train
25995;train
25996;train
25997;train
25998;train
25999;validation
26000;test
26001;train
26002;train
26003;train
26004;train
26005;train
26006;train
26007;train
26008;train
26009;train
26010;train
26011;train
26012;train
26013;validation
26014;train
26015;test
26016;train
26017;validation
26018;train
26019;test
26020;train
26021;test
26022;train
26023;train
26024;validation
26025;train
26026;validation
26027;train
26028;train
26029;train
26030;train
26031;train
26032;train
26033;train
26034;train
26035;train
26036;train
26037;train
26038;train
26039;train
26040;train
26041;train
26042;train
26043;train
26044;train
26045;test
26046;train
26047;validation
26048;train
26049;train
26050;train
26051;train
26052;train
26053;validation
26054;train
26055;train
26056;test
26057;train
26058;train
26059;train
26060;train
26061;test
26062;train
26063;test
26064;train
26065;train
26066;train
26067;train
26068;train
26069;train
26070;test
26071;train
26072;validation
26073;train
26074;validation
26075;validation
26076;test
26077;test
26078;test
26079;validation
26080;train
26081;train
26082;train
26083;train
26084;train
26085;test
26086;train
26087;train
26088;test
26089;train
26090;validation
26091;train
26092;test
26093;validation
26094;train
26095;train
26096;test
26097;train
26098;train
26099;validation
26100;train
26101;test
26102;test
26103;train
26104;test
26105;validation
26106;train
26107;validation
26108;validation
26109;train
26110;train
26111;train
26112;train
26113;test
26114;train
26115;train
26116;train
26117;train
26118;validation
26119;validation
26120;test
26121;test
26122;train
26123;train
26124;test
26125;train
26126;train
26127;train
26128;train
26129;train
26130;train
26131;train
26132;train
26133;train
26134;test
26135;train
26136;train
26137;train
26138;train
26139;train
26140;train
26141;test
26142;train
26143;train
26144;train
26145;test
26146;test
26147;train
26148;test
26149;validation
26150;train
26151;train
26152;train
26153;train
26154;train
26155;validation
26156;train
26157;train
26158;train
26159;train
26160;validation
26161;train
26162;validation
26163;train
26164;test
26165;train
26166;train
26167;train
26168;validation
26169;train
26170;train
26171;train
26172;train
26173;test
26174;train
26175;train
26176;test
26177;validation
26178;test
26179;train
26180;validation
26181;train
26182;train
26183;train
26184;validation
26185;train
26186;train
26187;train
26188;train
26189;train
26190;train
26191;test
26192;train
26193;validation
26194;train
26195;validation
26196;train
26197;validation
26198;test
26199;train
26200;train
26201;test
26202;test
26203;train
26204;validation
26205;train
26206;train
26207;train
26208;test
26209;train
26210;test
26211;validation
26212;train
26213;train
26214;train
26215;train
26216;test
26217;train
26218;train
26219;train
26220;train
26221;train
26222;validation
26223;train
26224;train
26225;train
26226;train
26227;train
26228;validation
26229;train
26230;train
26231;train
26232;test
26233;train
26234;train
26235;train
26236;test
26237;test
26238;train
26239;train
26240;train
26241;validation
26242;test
26243;train
26244;train
26245;train
26246;train
26247;train
26248;train
26249;train
26250;train
26251;train
26252;train
26253;train
26254;train
26255;train
26256;train
26257;validation
26258;train
26259;train
26260;train
26261;test
26262;validation
26263;validation
26264;train
26265;test
26266;validation
26267;train
26268;train
26269;test
26270;train
26271;validation
26272;validation
26273;train
26274;train
26275;train
26276;train
26277;train
26278;train
26279;train
26280;train
26281;test
26282;test
26283;train
26284;test
26285;train
26286;validation
26287;train
26288;train
26289;validation
26290;train
26291;test
26292;test
26293;train
26294;train
26295;train
26296;validation
26297;train
26298;test
26299;train
26300;test
26301;train
26302;train
26303;validation
26304;train
26305;train
26306;train
26307;train
26308;train
26309;test
26310;train
26311;train
26312;validation
26313;train
26314;train
26315;train
26316;validation
26317;train
26318;validation
26319;train
26320;validation
26321;train
26322;test
26323;validation
26324;train
26325;train
26326;train
26327;train
26328;train
26329;train
26330;train
26331;train
26332;test
26333;train
26334;train
26335;train
26336;validation
26337;train
26338;validation
26339;train
26340;train
26341;train
26342;train
26343;train
26344;validation
26345;train
26346;train
26347;train
26348;train
26349;train
26350;train
26351;test
26352;train
26353;test
26354;train
26355;validation
26356;train
26357;train
26358;train
26359;test
26360;train
26361;train
26362;train
26363;test
26364;train
26365;train
26366;train
26367;test
26368;validation
26369;validation
26370;validation
26371;train
26372;train
26373;train
26374;train
26375;validation
26376;train
26377;validation
26378;train
26379;train
26380;validation
26381;train
26382;train
26383;train
26384;train
26385;test
26386;train
26387;train
26388;train
26389;train
26390;train
26391;train
26392;train
26393;test
26394;validation
26395;train
26396;validation
26397;train
26398;train
26399;train
26400;validation
26401;test
26402;train
26403;train
26404;train
26405;train
26406;train
26407;train
26408;train
26409;train
26410;train
26411;train
26412;train
26413;train
26414;train
26415;train
26416;train
26417;validation
26418;validation
26419;train
26420;validation
26421;train
26422;train
26423;train
26424;train
26425;test
26426;train
26427;validation
26428;train
26429;train
26430;train
26431;train
26432;train
26433;train
26434;validation
26435;train
26436;validation
26437;train
26438;validation
26439;train
26440;train
26441;train
26442;train
26443;train
26444;train
26445;test
26446;train
26447;train
26448;validation
26449;train
26450;train
26451;test
26452;train
26453;train
26454;train
26455;train
26456;validation
26457;train
26458;train
26459;train
26460;validation
26461;test
26462;train
26463;test
26464;train
26465;test
26466;test
26467;train
26468;train
26469;train
26470;test
26471;validation
26472;train
26473;train
26474;train
26475;train
26476;train
26477;train
26478;validation
26479;train
26480;train
26481;train
26482;train
26483;train
26484;train
26485;train
26486;train
26487;train
26488;train
26489;train
26490;train
26491;validation
26492;train
26493;train
26494;validation
26495;test
26496;train
26497;test
26498;train
26499;train
26500;train
26501;train
26502;train
26503;train
26504;train
26505;train
26506;validation
26507;train
26508;train
26509;train
26510;train
26511;test
26512;train
26513;test
26514;train
26515;test
26516;train
26517;train
26518;train
26519;train
26520;train
26521;validation
26522;test
26523;test
26524;test
26525;train
26526;train
26527;test
26528;train
26529;train
26530;validation
26531;train
26532;train
26533;validation
26534;train
26535;train
26536;train
26537;train
26538;test
26539;validation
26540;train
26541;test
26542;train
26543;train
26544;train
26545;train
26546;validation
26547;validation
26548;train
26549;train
26550;train
26551;train
26552;train
26553;train
26554;train
26555;train
26556;train
26557;train
26558;test
26559;test
26560;train
26561;train
26562;train
26563;validation
26564;test
26565;test
26566;train
26567;train
26568;train
26569;train
26570;train
26571;validation
26572;train
26573;validation
26574;train
26575;validation
26576;train
26577;train
26578;train
26579;train
26580;train
26581;train
26582;train
26583;train
26584;train
26585;train
26586;train
26587;train
26588;validation
26589;train
26590;train
26591;validation
26592;train
26593;train
26594;test
26595;train
26596;train
26597;train
26598;train
26599;train
26600;train
26601;train
26602;train
26603;train
26604;validation
26605;train
26606;test
26607;train
26608;train
26609;train
26610;train
26611;validation
26612;train
26613;train
26614;train
26615;train
26616;train
26617;test
26618;train
26619;validation
26620;train
26621;train
26622;train
26623;test
26624;validation
26625;train
26626;train
26627;train
26628;train
26629;validation
26630;train
26631;train
26632;train
26633;validation
26634;train
26635;train
26636;validation
26637;validation
26638;test
26639;train
26640;train
26641;train
26642;train
26643;train
26644;test
26645;train
26646;train
26647;test
26648;validation
26649;train
26650;train
26651;validation
26652;validation
26653;validation
26654;train
26655;validation
26656;test
26657;test
26658;train
26659;train
26660;train
26661;train
26662;test
26663;train
26664;train
26665;train
26666;test
26667;test
26668;train
26669;train
26670;test
26671;train
26672;train
26673;train
26674;train
26675;validation
26676;train
26677;train
26678;train
26679;train
26680;train
26681;test
26682;train
26683;train
26684;train
26685;test
26686;train
26687;test
26688;test
26689;train
26690;train
26691;validation
26692;train
26693;train
26694;test
26695;train
26696;validation
26697;train
26698;train
26699;test
26700;train
26701;train
26702;train
26703;train
26704;train
26705;test
26706;train
26707;train
26708;test
26709;train
26710;train
26711;train
26712;validation
26713;train
26714;test
26715;test
26716;train
26717;validation
26718;train
26719;test
26720;train
26721;train
26722;validation
26723;test
26724;validation
26725;validation
26726;test
26727;train
26728;train
26729;test
26730;train
26731;train
26732;train
26733;train
26734;train
26735;train
26736;train
26737;train
26738;train
26739;validation
26740;train
26741;train
26742;train
26743;train
26744;validation
26745;train
26746;train
26747;train
26748;train
26749;test
26750;train
26751;test
26752;train
26753;train
26754;train
26755;test
26756;test
26757;train
26758;train
26759;train
26760;train
26761;train
26762;validation
26763;test
26764;train
26765;train
26766;train
26767;train
26768;train
26769;validation
26770;test
26771;train
26772;validation
26773;train
26774;train
26775;train
26776;train
26777;test
26778;train
26779;train
26780;test
26781;train
26782;train
26783;train
26784;validation
26785;train
26786;train
26787;train
26788;validation
26789;test
26790;train
26791;train
26792;test
26793;train
26794;train
26795;validation
26796;train
26797;test
26798;train
26799;test
26800;train
26801;test
26802;test
26803;test
26804;train
26805;train
26806;train
26807;train
26808;train
26809;train
26810;train
26811;test
26812;train
26813;train
26814;train
26815;train
26816;validation
26817;train
26818;validation
26819;test
26820;test
26821;validation
26822;validation
26823;validation
26824;validation
26825;train
26826;test
26827;train
26828;train
26829;train
26830;train
26831;test
26832;train
26833;train
26834;train
26835;train
26836;train
26837;train
26838;validation
26839;test
26840;train
26841;train
26842;train
26843;train
26844;train
26845;train
26846;train
26847;train
26848;validation
26849;validation
26850;train
26851;train
26852;train
26853;validation
26854;test
26855;train
26856;train
26857;validation
26858;validation
26859;train
26860;test
26861;validation
26862;train
26863;train
26864;validation
26865;train
26866;train
26867;test
26868;test
26869;train
26870;train
26871;validation
26872;train
26873;train
26874;train
26875;train
26876;train
26877;train
26878;train
26879;train
26880;train
26881;train
26882;train
26883;validation
26884;validation
26885;test
26886;train
26887;train
26888;train
26889;train
26890;train
26891;train
26892;train
26893;train
26894;train
26895;test
26896;train
26897;train
26898;train
26899;validation
26900;train
26901;train
26902;validation
26903;train
26904;test
26905;train
26906;train
26907;train
26908;validation
26909;train
26910;train
26911;train
26912;train
26913;train
26914;validation
26915;train
26916;test
26917;test
26918;train
26919;test
26920;train
26921;train
26922;validation
26923;train
26924;train
26925;train
26926;train
26927;train
26928;train
26929;validation
26930;train
26931;train
26932;test
26933;train
26934;test
26935;train
26936;train
26937;train
26938;train
26939;train
26940;test
26941;train
26942;train
26943;train
26944;train
26945;train
26946;validation
26947;train
26948;train
26949;train
26950;train
26951;validation
26952;train
26953;train
26954;train
26955;train
26956;train
26957;train
26958;test
26959;validation
26960;test
26961;train
26962;train
26963;train
26964;train
26965;train
26966;test
26967;train
26968;train
26969;train
26970;validation
26971;train
26972;train
26973;train
26974;train
26975;train
26976;test
26977;validation
26978;train
26979;train
26980;train
26981;train
26982;train
26983;train
26984;test
26985;train
26986;train
26987;test
26988;train
26989;validation
26990;train
26991;validation
26992;test
26993;train
26994;test
26995;train
26996;train
26997;train
26998;test
26999;train
27000;train
27001;train
27002;test
27003;test
27004;train
27005;train
27006;train
27007;train
27008;test
27009;train
27010;train
27011;train
27012;train
27013;test
27014;train
27015;validation
27016;validation
27017;validation
27018;validation
27019;validation
27020;train
27021;test
27022;validation
27023;train
27024;train
27025;train
27026;train
27027;train
27028;train
27029;test
27030;train
27031;train
27032;train
27033;train
27034;train
27035;train
27036;train
27037;train
27038;train
27039;train
27040;validation
27041;validation
27042;train
27043;train
27044;test
27045;test
27046;train
27047;test
27048;train
27049;test
27050;test
27051;validation
27052;train
27053;train
27054;train
27055;train
27056;train
27057;train
27058;train
27059;train
27060;train
27061;train
27062;train
27063;train
27064;train
27065;test
27066;train
27067;train
27068;train
27069;train
27070;test
27071;test
27072;train
27073;train
27074;test
27075;test
27076;test
27077;train
27078;validation
27079;test
27080;validation
27081;train
27082;train
27083;train
27084;train
27085;train
27086;validation
27087;train
27088;train
27089;train
27090;train
27091;train
27092;train
27093;train
27094;train
27095;train
27096;train
27097;train
27098;train
27099;train
27100;train
27101;test
27102;train
27103;train
27104;train
27105;train
27106;test
27107;train
27108;train
27109;validation
27110;train
27111;train
27112;validation
27113;test
27114;train
27115;validation
27116;train
27117;train
27118;test
27119;train
27120;train
27121;train
27122;train
27123;train
27124;train
27125;train
27126;validation
27127;train
27128;train
27129;train
27130;train
27131;train
27132;validation
27133;train
27134;train
27135;train
27136;train
27137;train
27138;test
27139;validation
27140;train
27141;validation
27142;validation
27143;train
27144;train
27145;train
27146;train
27147;validation
27148;train
27149;train
27150;train
27151;train
27152;train
27153;train
27154;validation
27155;train
27156;test
27157;train
27158;train
27159;train
27160;train
27161;train
27162;train
27163;train
27164;train
27165;train
27166;train
27167;train
27168;train
27169;train
27170;train
27171;train
27172;train
27173;train
27174;test
27175;train
27176;validation
27177;train
27178;train
27179;train
27180;test
27181;test
27182;train
27183;train
27184;train
27185;train
27186;train
27187;validation
27188;train
27189;train
27190;train
27191;test
27192;train
27193;train
27194;train
27195;test
27196;validation
27197;train
27198;train
27199;train
27200;train
27201;train
27202;test
27203;test
27204;validation
27205;train
27206;test
27207;validation
27208;validation
27209;train
27210;test
27211;train
27212;train
27213;train
27214;test
27215;train
27216;train
27217;train
27218;train
27219;test
27220;train
27221;train
27222;train
27223;train
27224;train
27225;train
27226;train
27227;train
27228;train
27229;validation
27230;validation
27231;train
27232;train
27233;train
27234;test
27235;train
27236;train
27237;train
27238;train
27239;train
27240;train
27241;train
27242;train
27243;train
27244;train
27245;train
27246;test
27247;train
27248;train
27249;test
27250;train
27251;train
27252;train
27253;test
27254;train
27255;train
27256;train
27257;train
27258;validation
27259;train
27260;train
27261;validation
27262;train
27263;validation
27264;validation
27265;test
27266;train
27267;train
27268;validation
27269;test
27270;train
27271;train
27272;train
27273;train
27274;train
27275;test
27276;train
27277;train
27278;train
27279;train
27280;train
27281;train
27282;train
27283;train
27284;test
27285;validation
27286;train
27287;train
27288;validation
27289;validation
27290;train
27291;validation
27292;train
27293;train
27294;train
27295;train
27296;validation
27297;validation
27298;train
27299;validation
27300;train
27301;train
27302;train
27303;train
27304;train
27305;train
27306;test
27307;train
27308;train
27309;train
27310;train
27311;train
27312;train
27313;train
27314;train
27315;train
27316;validation
27317;train
27318;train
27319;validation
27320;validation
27321;validation
27322;train
27323;train
27324;train
27325;test
27326;test
27327;test
27328;train
27329;validation
27330;train
27331;train
27332;train
27333;train
27334;train
27335;train
27336;train
27337;train
27338;train
27339;validation
27340;train
27341;test
27342;train
27343;train
27344;train
27345;train
27346;train
27347;test
27348;train
27349;validation
27350;train
27351;validation
27352;train
27353;test
27354;train
27355;train
27356;train
27357;train
27358;train
27359;validation
27360;validation
27361;validation
27362;test
27363;validation
27364;train
27365;train
27366;test
27367;train
27368;train
27369;train
27370;test
27371;train
27372;train
27373;validation
27374;validation
27375;train
27376;validation
27377;train
27378;train
27379;train
27380;train
27381;train
27382;train
27383;train
27384;validation
27385;train
27386;test
27387;train
27388;validation
27389;train
27390;train
27391;train
27392;train
27393;train
27394;train
27395;train
27396;validation
27397;test
27398;train
27399;train
27400;train
27401;train
27402;train
27403;train
27404;train
27405;test
27406;train
27407;train
27408;train
27409;train
27410;train
27411;train
27412;train
27413;train
27414;train
27415;train
27416;train
27417;train
27418;test
27419;train
27420;train
27421;train
27422;train
27423;train
27424;test
27425;train
27426;train
27427;train
27428;train
27429;train
27430;test
27431;train
27432;test
27433;train
27434;train
27435;test
27436;validation
27437;test
27438;train
27439;train
27440;train
27441;test
27442;train
27443;train
27444;test
27445;train
27446;train
27447;validation
27448;train
27449;train
27450;validation
27451;train
27452;validation
27453;train
27454;train
27455;test
27456;test
27457;train
27458;test
27459;test
27460;train
27461;test
27462;test
27463;train
27464;train
27465;train
27466;train
27467;train
27468;validation
27469;train
27470;train
27471;train
27472;train
27473;test
27474;test
27475;test
27476;train
27477;train
27478;train
27479;test
27480;train
27481;train
27482;validation
27483;train
27484;train
27485;validation
27486;test
27487;validation
27488;train
27489;test
27490;train
27491;test
27492;train
27493;train
27494;train
27495;train
27496;train
27497;validation
27498;train
27499;train
27500;test
27501;train
27502;validation
27503;train
27504;train
27505;validation
27506;train
27507;train
27508;train
27509;test
27510;train
27511;train
27512;test
27513;train
27514;validation
27515;train
27516;train
27517;train
27518;train
27519;validation
27520;train
27521;train
27522;train
27523;validation
27524;test
27525;train
27526;validation
27527;train
27528;train
27529;train
27530;test
27531;test
27532;validation
27533;train
27534;validation
27535;train
27536;train
27537;train
27538;train
27539;train
27540;train
27541;train
27542;train
27543;train
27544;validation
27545;validation
27546;train
27547;validation
27548;train
27549;test
27550;test
27551;train
27552;train
27553;train
27554;train
27555;test
27556;validation
27557;validation
27558;train
27559;validation
27560;train
27561;train
27562;train
27563;train
27564;test
27565;validation
27566;train
27567;train
27568;validation
27569;train
27570;test
27571;train
27572;train
27573;validation
27574;train
27575;train
27576;train
27577;train
27578;train
27579;train
27580;validation
27581;train
27582;test
27583;train
27584;train
27585;train
27586;test
27587;train
27588;test
27589;train
27590;train
27591;train
27592;train
27593;train
27594;train
27595;train
27596;validation
27597;train
27598;train
27599;train
27600;train
27601;train
27602;train
27603;test
27604;validation
27605;validation
27606;train
27607;train
27608;train
27609;train
27610;train
27611;train
27612;train
27613;train
27614;train
27615;train
27616;train
27617;test
27618;train
27619;train
27620;train
27621;train
27622;train
27623;train
27624;train
27625;train
27626;train
27627;train
27628;train
27629;validation
27630;train
27631;test
27632;train
27633;train
27634;test
27635;train
27636;validation
27637;train
27638;train
27639;validation
27640;test
27641;train
27642;train
27643;train
27644;train
27645;train
27646;validation
27647;train
27648;train
27649;test
27650;train
27651;validation
27652;train
27653;train
27654;train
27655;train
27656;test
27657;train
27658;train
27659;test
27660;train
27661;train
27662;train
27663;train
27664;train
27665;train
27666;train
27667;train
27668;train
27669;train
27670;train
27671;train
27672;train
27673;train
27674;validation
27675;train
27676;test
27677;train
27678;test
27679;train
27680;train
27681;train
27682;train
27683;validation
27684;test
27685;train
27686;train
27687;train
27688;train
27689;test
27690;train
27691;test
27692;validation
27693;test
27694;train
27695;validation
27696;train
27697;validation
27698;train
27699;train
27700;train
27701;train
27702;validation
27703;train
27704;train
27705;test
27706;train
27707;train
27708;train
27709;train
27710;train
27711;test
27712;test
27713;train
27714;validation
27715;test
27716;train
27717;train
27718;test
27719;train
27720;train
27721;train
27722;train
27723;train
27724;train
27725;train
27726;train
27727;test
27728;train
27729;validation
27730;train
27731;train
27732;test
27733;train
27734;train
27735;test
27736;train
27737;train
27738;validation
27739;train
27740;train
27741;train
27742;validation
27743;train
27744;test
27745;train
27746;train
27747;test
27748;validation
27749;validation
27750;train
27751;test
27752;train
27753;train
27754;train
27755;train
27756;train
27757;train
27758;train
27759;train
27760;test
27761;train
27762;train
27763;train
27764;train
27765;train
27766;validation
27767;train
27768;train
27769;validation
27770;train
27771;validation
27772;train
27773;train
27774;train
27775;validation
27776;validation
27777;train
27778;train
27779;train
27780;validation
27781;validation
27782;train
27783;validation
27784;train
27785;test
27786;train
27787;test
27788;test
27789;train
27790;train
27791;test
27792;train
27793;test
27794;train
27795;train
27796;train
27797;validation
27798;train
27799;test
27800;train
27801;train
27802;train
27803;train
27804;validation
27805;train
27806;train
27807;train
27808;train
27809;validation
27810;test
27811;train
27812;train
27813;train
27814;validation
27815;test
27816;train
27817;validation
27818;train
27819;train
27820;train
27821;test
27822;validation
27823;train
27824;train
27825;train
27826;train
27827;validation
27828;train
27829;train
27830;train
27831;test
27832;validation
27833;train
27834;train
27835;train
27836;train
27837;train
27838;train
27839;test
27840;train
27841;test
27842;test
27843;validation
27844;test
27845;train
27846;train
27847;train
27848;train
27849;train
27850;train
27851;test
27852;validation
27853;train
27854;train
27855;validation
27856;train
27857;train
27858;validation
27859;train
27860;train
27861;train
27862;train
27863;train
27864;train
27865;test
27866;train
27867;train
27868;train
27869;train
27870;train
27871;test
27872;train
27873;train
27874;test
27875;train
27876;test
27877;train
27878;validation
27879;train
27880;train
27881;test
27882;train
27883;test
27884;validation
27885;train
27886;train
27887;train
27888;train
27889;train
27890;train
27891;validation
27892;test
27893;train
27894;train
27895;train
27896;train
27897;train
27898;test
27899;train
27900;test
27901;train
27902;train
27903;train
27904;validation
27905;test
27906;train
27907;train
27908;train
27909;validation
27910;train
27911;validation
27912;train
27913;test
27914;train
27915;train
27916;train
27917;train
27918;train
27919;train
27920;test
27921;train
27922;train
27923;train
27924;train
27925;train
27926;validation
27927;train
27928;validation
27929;validation
27930;train
27931;train
27932;train
27933;train
27934;train
27935;train
27936;train
27937;validation
27938;train
27939;train
27940;train
27941;test
27942;validation
27943;train
27944;test
27945;train
27946;train
27947;train
27948;train
27949;train
27950;test
27951;train
27952;test
27953;train
27954;test
27955;train
27956;train
27957;validation
27958;train
27959;validation
27960;validation
27961;validation
27962;train
27963;train
27964;validation
27965;train
27966;train
27967;train
27968;train
27969;train
27970;train
27971;train
27972;validation
27973;test
27974;train
27975;test
27976;train
27977;validation
27978;train
27979;train
27980;validation
27981;test
27982;train
27983;train
27984;train
27985;train
27986;train
27987;train
27988;train
27989;train
27990;test
27991;train
27992;test
27993;validation
27994;train
27995;train
27996;train
27997;train
27998;validation
27999;train
28000;train
28001;train
28002;test
28003;train
28004;test
28005;train
28006;test
28007;train
28008;train
28009;validation
28010;train
28011;train
28012;test
28013;validation
28014;train
28015;train
28016;test
28017;validation
28018;validation
28019;test
28020;train
28021;train
28022;train
28023;train
28024;train
28025;train
28026;train
28027;train
28028;train
28029;train
28030;train
28031;train
28032;train
28033;train
28034;test
28035;train
28036;test
28037;train
28038;test
28039;validation
28040;train
28041;test
28042;train
28043;train
28044;test
28045;train
28046;train
28047;test
28048;train
28049;train
28050;test
28051;train
28052;train
28053;validation
28054;train
28055;train
28056;test
28057;train
28058;train
28059;validation
28060;validation
28061;validation
28062;train
28063;train
28064;train
28065;train
28066;validation
28067;train
28068;train
28069;train
28070;test
28071;train
28072;train
28073;train
28074;validation
28075;validation
28076;validation
28077;test
28078;train
28079;train
28080;train
28081;train
28082;train
28083;train
28084;train
28085;train
28086;train
28087;train
28088;train
28089;train
28090;train
28091;train
28092;train
28093;validation
28094;train
28095;train
28096;train
28097;train
28098;train
28099;train
28100;train
28101;train
28102;train
28103;validation
28104;test
28105;train
28106;test
28107;train
28108;train
28109;test
28110;train
28111;train
28112;train
28113;train
28114;train
28115;train
28116;train
28117;train
28118;validation
28119;train
28120;test
28121;validation
28122;train
28123;validation
28124;train
28125;train
28126;train
28127;train
28128;validation
28129;train
28130;train
28131;test
28132;train
28133;train
28134;test
28135;train
28136;train
28137;train
28138;validation
28139;train
28140;test
28141;train
28142;test
28143;validation
28144;test
28145;test
28146;train
28147;train
28148;test
28149;validation
28150;train
28151;validation
28152;train
28153;train
28154;validation
28155;validation
28156;train
28157;validation
28158;train
28159;train
28160;test
28161;train
28162;train
28163;train
28164;train
28165;train
28166;train
28167;validation
28168;train
28169;train
28170;train
28171;validation
28172;train
28173;train
28174;train
28175;test
28176;train
28177;train
28178;train
28179;train
28180;validation
28181;test
28182;train
28183;train
28184;train
28185;train
28186;validation
28187;train
28188;train
28189;test
28190;train
28191;train
28192;test
28193;validation
28194;train
28195;test
28196;train
28197;train
28198;train
28199;train
28200;test
28201;train
28202;train
28203;train
28204;test
28205;train
28206;train
28207;train
28208;train
28209;validation
28210;train
28211;train
28212;validation
28213;train
28214;validation
28215;test
28216;test
28217;train
28218;train
28219;train
28220;validation
28221;train
28222;train
28223;train
28224;test
28225;train
28226;train
28227;train
28228;train
28229;test
28230;test
28231;train
28232;train
28233;validation
28234;validation
28235;train
28236;train
28237;train
28238;validation
28239;train
28240;test
28241;train
28242;test
28243;test
28244;train
28245;test
28246;train
28247;validation
28248;train
28249;train
28250;train
28251;train
28252;validation
28253;validation
28254;train
28255;train
28256;train
28257;test
28258;test
28259;train
28260;train
28261;validation
28262;train
28263;train
28264;train
28265;validation
28266;train
28267;test
28268;train
28269;train
28270;train
28271;train
28272;test
28273;train
28274;test
28275;train
28276;train
28277;train
28278;train
28279;train
28280;train
28281;train
28282;train
28283;train
28284;test
28285;train
28286;train
28287;train
28288;train
28289;train
28290;train
28291;train
28292;test
28293;test
28294;train
28295;validation
28296;train
28297;train
28298;test
28299;test
28300;train
28301;train
28302;train
28303;validation
28304;test
28305;validation
28306;train
28307;validation
28308;train
28309;validation
28310;train
28311;train
28312;train
28313;test
28314;train
28315;train
28316;train
28317;train
28318;train
28319;train
28320;train
28321;train
28322;test
28323;train
28324;train
28325;train
28326;validation
28327;train
28328;train
28329;train
28330;train
28331;validation
28332;train
28333;train
28334;test
28335;train
28336;train
28337;train
28338;train
28339;validation
28340;train
28341;test
28342;train
28343;train
28344;test
28345;train
28346;train
28347;train
28348;train
28349;train
28350;train
28351;validation
28352;train
28353;test
28354;validation
28355;train
28356;train
28357;train
28358;test
28359;validation
28360;train
28361;validation
28362;validation
28363;train
28364;train
28365;validation
28366;train
28367;validation
28368;validation
28369;train
28370;train
28371;train
28372;train
28373;train
28374;train
28375;train
28376;train
28377;test
28378;train
28379;validation
28380;validation
28381;train
28382;train
28383;test
28384;test
28385;test
28386;train
28387;validation
28388;train
28389;train
28390;train
28391;train
28392;train
28393;train
28394;train
28395;train
28396;train
28397;train
28398;train
28399;test
28400;train
28401;train
28402;train
28403;validation
28404;train
28405;validation
28406;validation
28407;train
28408;validation
28409;train
28410;train
28411;test
28412;test
28413;test
28414;train
28415;train
28416;train
28417;train
28418;train
28419;train
28420;train
28421;train
28422;train
28423;validation
28424;train
28425;train
28426;train
28427;test
28428;train
28429;train
28430;test
28431;train
28432;train
28433;train
28434;train
28435;train
28436;train
28437;train
28438;train
28439;train
28440;train
28441;train
28442;test
28443;test
28444;train
28445;train
28446;train
28447;train
28448;test
28449;train
28450;train
28451;validation
28452;validation
28453;train
28454;test
28455;test
28456;train
28457;validation
28458;train
28459;train
28460;train
28461;train
28462;test
28463;validation
28464;train
28465;train
28466;train
28467;train
28468;train
28469;train
28470;train
28471;test
28472;validation
28473;train
28474;train
28475;train
28476;train
28477;train
28479;train
28480;test
28481;train
28482;test
28483;train
28484;test
28485;train
28486;train
28487;train
28488;train
28489;test
28490;validation
28491;train
28492;train
28493;validation
28494;train
28495;test
28496;test
28497;train
28498;train
28499;test
28500;validation
28501;train
28502;train
28503;train
28504;train
28505;test
28506;train
28507;validation
28508;test
28509;train
28510;train
28511;test
28512;test
28513;validation
28514;train
28515;train
28516;train
28517;test
28518;train
28519;train
28520;train
28521;test
28522;train
28523;train
28524;validation
28525;test
28526;validation
28527;test
28528;validation
28529;train
28530;train
28531;train
28532;train
28533;test
28534;train
28535;train
28536;train
28537;test
28538;train
28539;train
28540;train
28541;train
28542;train
28543;validation
28544;validation
28545;train
28546;train
28547;train
28548;train
28549;train
28550;validation
28551;train
28552;train
28553;train
28554;train
28555;train
28556;train
28557;train
28558;train
28559;train
28560;train
28561;test
28562;train
28563;validation
28564;test
28565;train
28566;train
28567;test
28568;train
28569;train
28570;train
28571;train
28572;train
28573;validation
28574;train
28575;test
28576;train
28577;train
28578;validation
28579;test
28580;validation
28581;train
28582;train
28583;train
28584;train
28585;train
28586;train
28587;train
28588;train
28589;validation
28590;train
28591;train
28592;train
28593;train
28594;test
28595;train
28596;train
28597;train
28598;train
28599;train
28600;validation
28601;train
28602;train
28603;train
28604;train
28605;train
28606;train
28607;train
28608;train
28609;train
28610;train
28611;train
28612;validation
28613;test
28614;validation
28615;train
28616;train
28617;train
28618;validation
28619;train
28620;validation
28621;train
28622;train
28623;train
28624;train
28625;test
28626;train
28627;train
28628;train
28629;train
28630;train
28631;train
28632;validation
28633;test
28634;train
28635;train
28636;validation
28637;train
28638;validation
28639;validation
28640;train
28641;validation
28642;train
28643;train
28644;train
28645;test
28646;validation
28647;test
28648;validation
28649;train
28650;train
28651;validation
28652;train
28653;train
28654;validation
28655;validation
28656;train
28657;train
28658;train
28659;test
28660;validation
28661;train
28662;train
28663;train
28664;train
28665;train
28666;train
28667;train
28668;test
28669;train
28670;train
28671;train
28672;train
28673;test
28674;train
28675;test
28676;train
28677;train
28678;train
28679;train
28680;validation
28681;train
28682;validation
28683;train
28684;train
28685;validation
28686;validation
28687;validation
28688;train
28689;train
28690;train
28691;train
28692;train
28693;train
28694;train
28695;train
28696;train
28697;validation
28698;train
28699;test
28700;train
28701;train
28702;test
28703;train
28704;train
28705;train
28706;train
28707;train
28708;train
28709;test
28710;test
28711;validation
28712;test
28713;train
28714;train
28715;train
28716;train
28717;train
28718;train
28719;train
28720;train
28721;train
28722;train
28723;train
28724;validation
28725;train
28726;train
28727;train
28728;train
28729;train
28730;train
28731;validation
28732;train
28733;train
28734;train
28735;test
28736;train
28737;validation
28738;validation
28739;test
28740;train
28741;train
28742;train
28743;train
28744;test
28745;train
28746;test
28747;train
28748;train
28749;train
28750;train
28751;test
28752;train
28753;validation
28754;train
28755;train
28756;train
28757;train
28758;train
28759;train
28760;train
28761;train
28762;train
28763;train
28764;test
28765;train
28766;train
28767;test
28768;train
28769;validation
28770;train
28771;train
28772;train
28773;test
28774;test
28775;train
28776;train
28777;train
28778;train
28779;test
28780;train
28781;validation
28782;train
28783;train
28784;test
28785;train
28786;train
28787;test
28788;train
28789;train
28790;train
28791;train
28792;train
28793;test
28794;train
28795;train
28796;validation
28797;train
28798;train
28799;train
28800;train
28801;test
28802;train
28803;train
28804;train
28805;train
28806;validation
28807;train
28808;test
28809;train
28810;train
28811;train
28812;train
28813;validation
28814;validation
28815;train
28816;validation
28817;train
28818;validation
28819;train
28820;train
28821;train
28822;train
28823;train
28824;test
28825;train
28826;train
28827;train
28828;train
28829;validation
28830;train
28831;train
28832;test
28833;validation
28834;train
28835;train
28836;train
28837;train
28838;train
28839;train
28840;train
28841;test
28842;train
28843;train
28844;validation
28845;train
28846;train
28847;test
28848;train
28849;test
28850;train
28851;train
28852;test
28853;train
28854;train
28855;validation
28856;train
28857;test
28858;train
28859;train
28860;validation
28861;train
28862;train
28863;train
28864;validation
28865;train
28866;train
28867;train
28868;train
28869;train
28870;validation
28871;test
28872;train
28873;test
28874;validation
28875;train
28876;train
28877;validation
28878;validation
28879;train
28880;train
28881;train
28882;train
28883;train
28884;test
28885;train
28886;train
28887;validation
28888;validation
28889;test
28890;train
28891;train
28892;validation
28893;train
28894;train
28895;train
28896;train
28897;train
28898;test
28899;train
28900;train
28901;train
28902;validation
28903;train
28904;validation
28905;train
28906;train
28907;train
28908;validation
28909;validation
28910;train
28911;train
28912;train
28913;train
28914;validation
28915;train
28916;train
28917;train
28918;train
28919;train
28920;train
28921;test
28922;train
28923;validation
28924;validation
28925;test
28926;train
28927;validation
28928;test
28929;test
28930;validation
28931;train
28932;train
28933;train
28934;train
28935;train
28936;train
28937;validation
28938;train
28939;train
28940;train
28941;train
28942;train
28943;train
28944;train
28945;train
28946;train
28947;validation
28948;train
28949;train
28950;validation
28951;train
28952;train
28953;validation
28954;train
28955;train
28956;train
28957;train
28958;validation
28959;validation
28960;test
28961;train
28962;test
28963;train
28964;train
28965;train
28966;validation
28967;train
28968;train
28969;train
28970;train
28971;validation
28972;train
28973;train
28974;train
28975;train
28976;train
28977;validation
28978;validation
28979;train
28980;train
28981;train
28982;train
28983;test
28984;test
28985;train
28986;train
28987;train
28988;train
28989;train
28990;train
28991;test
28992;train
28993;test
28994;train
28995;train
28996;train
28997;train
28998;test
28999;validation
29000;validation
29001;train
29002;train
29003;validation
29004;test
29005;test
29006;train
29007;train
29008;validation
29009;train
29010;train
29011;test
29012;train
29013;validation
29014;train
29015;test
29016;train
29017;validation
29018;train
29019;train
29020;validation
29021;train
29022;train
29023;train
29024;train
29025;train
29026;train
29027;train
29028;test
29029;validation
29030;train
29031;train
29032;test
29033;train
29034;train
29035;test
29036;validation
29037;train
29038;train
29039;train
29040;train
29041;train
29042;train
29043;train
29044;train
29045;validation
29046;train
29047;train
29048;train
29049;train
29050;validation
29051;train
29052;train
29053;test
29054;train
29055;train
29056;train
29057;validation
29058;validation
29059;train
29060;train
29061;train
29062;validation
29063;validation
29064;train
29065;train
29066;validation
29067;train
29068;train
29069;validation
29070;validation
29071;test
29072;train
29073;train
29074;train
29075;train
29076;train
29077;train
29078;train
29079;train
29080;validation
29081;validation
29082;train
29083;train
29084;train
29085;train
29086;train
29087;train
29088;train
29089;train
29090;test
29091;train
29092;train
29093;train
29094;train
29095;train
29096;test
29097;train
29098;validation
29099;train
29100;train
29101;test
29102;test
29103;train
29104;train
29105;train
29106;train
29107;train
29108;train
29109;train
29110;test
29111;test
29112;train
29113;train
29114;train
29115;train
29116;train
29117;train
29118;train
29119;validation
29120;train
29121;validation
29122;train
29123;test
29124;train
29125;train
29126;train
29127;test
29128;train
29129;train
29130;validation
29131;validation
29132;train
29133;train
29134;train
29135;train
29136;train
29137;train
29138;train
29139;validation
29140;validation
29141;train
29142;train
29143;train
29144;train
29145;train
29146;train
29147;train
29148;train
29149;test
29150;train
29151;train
29152;train
29153;validation
29154;validation
29155;train
29156;test
29157;train
29158;validation
29159;test
29160;train
29161;train
29162;validation
29163;train
29164;test
29165;train
29166;train
29167;train
29168;test
29169;test
29170;train
29171;validation
29172;train
29173;train
29174;validation
29175;test
29176;train
29177;validation
29178;train
29179;test
29180;train
29181;train
29182;train
29183;train
29184;validation
29185;train
29186;validation
29187;validation
29188;train
29189;validation
29190;train
29191;test
29192;train
29193;train
29194;train
29195;train
29196;train
29197;test
29198;train
29199;train
29200;train
29201;train
29202;train
29203;test
29204;validation
29205;train
29206;validation
29207;train
29208;train
29209;train
29210;test
29211;validation
29212;train
29213;validation
29214;train
29215;train
29216;test
29217;validation
29218;train
29219;train
29220;train
29221;validation
29222;train
29223;train
29224;validation
29225;train
29226;train
29227;train
29228;validation
29229;validation
29230;train
29231;train
29232;train
29233;train
29234;train
29235;train
29236;test
29237;validation
29238;test
29239;train
29240;train
29241;train
29242;test
29243;train
29244;test
29245;train
29246;train
29247;train
29248;test
29249;train
29250;train
29251;train
29252;train
29253;test
29254;test
29255;test
29256;train
29257;test
29258;train
29259;validation
29260;train
29261;test
29262;train
29263;validation
29264;train
29265;train
29266;train
29267;train
29268;train
29269;train
29270;train
29271;train
29272;train
29273;train
29274;test
29275;train
29276;validation
29277;train
29278;train
29279;validation
29280;train
29281;validation
29282;train
29283;train
29284;train
29285;test
29286;train
29287;train
29288;validation
29289;train
29290;train
29291;train
29292;train
29293;train
29294;test
29295;train
29296;test
29297;train
29298;test
29299;validation
29300;train
29301;train
29302;train
29303;train
29304;train
29305;test
29306;train
29307;train
29308;train
29309;train
29310;train
29311;train
29312;train
29313;train
29314;train
29315;train
29316;train
29317;train
29318;validation
29319;test
29320;train
29321;train
29322;train
29323;train
29324;train
29325;train
29326;train
29327;train
29328;test
29329;train
29330;train
29331;train
29332;validation
29333;test
29334;train
29335;train
29336;train
29337;train
29338;train
29339;train
29340;train
29341;test
29342;train
29343;train
29344;train
29345;train
29346;train
29347;train
29348;test
29349;train
29350;train
29351;validation
29352;train
29353;train
29354;test
29355;train
29356;train
29357;validation
29358;train
29359;validation
29360;train
29361;train
29362;train
29363;train
29364;train
29365;train
29366;train
29367;test
29368;train
29369;train
29370;train
29371;train
29372;train
29373;validation
29374;train
29375;test
29376;train
29377;train
29378;train
29379;test
29380;train
29381;test
29382;train
29383;train
29384;train
29385;train
29386;train
29387;test
29388;train
29389;train
29390;train
29391;train
29392;test
29393;train
29394;train
29395;train
29396;train
29397;train
29398;test
29399;test
29400;train
29401;train
29402;train
29403;train
29404;train
29405;train
29406;validation
29407;train
29408;validation
29409;train
29410;train
29411;train
29412;train
29413;train
29414;train
29415;validation
29416;validation
29417;train
29418;train
29419;validation
29420;train
29421;validation
29422;train
29423;train
29424;train
29425;train
29426;train
29427;validation
29428;train
29429;train
29430;validation
29431;train
29432;train
29433;train
29434;test
29435;validation
29436;validation
29437;train
29438;train
29439;validation
29440;test
29441;validation
29442;test
29443;test
29444;train
29445;train
29446;train
29447;test
29448;validation
29449;test
29450;train
29451;train
29452;train
29453;train
29454;train
29455;train
29456;train
29457;train
29458;train
29459;train
29460;validation
29461;test
29462;validation
29463;train
29464;validation
29465;train
29466;train
29467;validation
29468;train
29469;test
29470;train
29471;validation
29472;train
29473;train
29474;train
29475;train
29476;train
29477;train
29478;train
29479;train
29480;train
29481;validation
29482;train
29483;test
29484;train
29485;validation
29486;train
29487;train
29488;train
29489;train
29490;test
29491;test
29492;train
29493;train
29494;train
29495;train
29496;train
29497;train
29498;train
29499;train
29500;train
29501;train
29502;test
29503;train
29504;train
29505;test
29506;train
29507;train
29508;train
29509;train
29510;train
29511;train
29512;train
29513;train
29514;test
29515;train
29516;validation
29517;test
29518;train
29519;train
29520;test
29521;train
29522;train
29523;validation
29524;validation
29525;train
29526;train
29527;train
29528;train
29529;train
29530;validation
29531;validation
29532;validation
29533;train
29534;train
29535;train
29536;train
29537;validation
29538;train
29539;train
29540;train
29541;train
29542;test
29543;train
29544;test
29545;test
29546;test
29547;test
29548;train
29549;train
29550;train
29551;train
29552;test
29553;test
29554;train
29555;test
29556;test
29557;train
29558;train
29559;train
29560;validation
29561;train
29562;validation
29563;train
29564;validation
29565;test
29566;train
29567;train
29568;train
29569;train
29570;validation
29571;train
29572;train
29573;train
29574;train
29575;validation
29576;train
29577;train
29578;validation
29579;train
29580;train
29581;test
29582;train
29583;train
29584;train
29585;train
29586;train
29587;train
29588;train
29589;train
29590;train
29591;train
29592;train
29593;validation
29594;train
29595;validation
29596;train
29597;train
29598;train
29599;train
29600;test
29601;train
29602;train
29603;train
29604;train
29605;test
29606;train
29607;validation
29608;validation
29609;train
29610;train
29611;train
29612;train
29613;train
29614;train
29615;train
29616;test
29617;train
29618;train
29619;validation
29620;train
29621;train
29622;test
29623;train
29624;test
29625;train
29626;train
29627;train
29628;train
29629;train
29630;train
29631;train
29632;train
29633;train
29634;train
29635;train
29636;validation
29637;train
29638;train
29639;train
29640;train
29641;train
29642;test
29643;validation
29644;test
29645;validation
29646;test
29647;train
29648;test
29649;validation
29650;train
29651;train
29652;train
29653;train
29654;train
29655;train
29656;test
29657;train
29658;validation
29659;test
29660;test
29661;test
29662;train
29663;train
29664;validation
29665;train
29666;train
29667;validation
29668;train
29669;train
29670;train
29671;validation
29672;test
29673;train
29674;train
29675;train
29676;train
29677;train
29678;train
29679;test
29680;validation
29681;train
29682;train
29683;train
29684;train
29685;validation
29686;train
29687;validation
29688;train
29689;train
29690;train
29691;test
29692;train
29693;train
29694;train
29695;train
29696;train
29697;train
29698;train
29699;train
29700;train
29701;validation
29702;train
29703;train
29704;test
29705;train
29706;validation
29707;train
29708;validation
29709;validation
29710;train
29711;validation
29712;train
29713;validation
29714;validation
29715;train
29716;validation
29717;train
29718;train
29719;validation
29720;train
29721;train
29722;train
29723;train
29724;train
29725;train
29726;train
29727;train
29728;train
29729;validation
29730;train
29731;test
29732;train
29733;train
29734;train
29735;train
29736;train
29737;train
29738;validation
29739;train
29740;test
29741;train
29742;train
29743;validation
29744;validation
29745;test
29746;train
29747;train
29748;train
29749;train
29750;train
29751;train
29752;validation
29753;train
29754;test
29755;train
29756;train
29757;train
29758;test
29759;train
29760;train
29761;train
29762;validation
29763;train
29764;train
29765;train
29766;train
29767;train
29768;test
29769;train
29770;test
29771;train
29772;validation
29773;train
29774;test
29775;train
29776;train
29777;train
29778;train
29779;train
29780;train
29781;train
29782;validation
29783;train
29784;test
29785;train
29786;train
29787;validation
29788;train
29789;train
29790;test
29791;validation
29792;train
29793;train
29794;train
29795;train
29796;train
29797;validation
29798;train
29799;train
29800;train
29801;test
29802;train
29803;train
29804;train
29805;train
29806;train
29807;train
29808;train
29809;train
29810;train
29811;train
29812;train
29813;train
29814;train
29815;validation
29816;train
29817;train
29818;train
29819;validation
29820;train
29821;test
29822;train
29823;train
29824;train
29825;train
29826;test
29827;train
29828;train
29829;train
29830;train
29831;test
29832;test
29833;train
29834;train
29835;train
29836;train
29837;validation
29838;test
29839;train
29840;train
29841;test
29842;train
29843;train
29844;train
29845;train
29846;train
29847;validation
29848;train
29849;train
29850;validation
29851;train
29852;train
29853;validation
29854;validation
29855;test
29856;train
29857;train
29858;train
29859;train
29860;validation
29861;validation
29862;validation
29863;train
29864;validation
29865;test
29866;validation
29867;train
29868;train
29869;train
29870;train
29871;train
29872;test
29873;validation
29874;train
29875;train
29876;train
29877;train
29878;validation
29879;train
29880;train
29881;validation
29882;test
29883;test
29884;train
29885;train
29886;train
29887;validation
29888;test
29889;train
29890;train
29891;test
29892;train
29893;train
29894;test
29895;train
29896;validation
29897;train
29898;train
29899;train
29900;train
29901;train
29902;train
29903;train
29904;train
29905;train
29906;train
29907;train
29908;test
29909;train
29910;train
29911;validation
29912;validation
29913;train
29914;train
29915;validation
29916;train
29917;train
29918;test
29919;train
29920;train
29921;test
29922;train
29923;train
29924;train
29925;validation
29926;validation
29927;train
29928;train
29929;train
29930;test
29931;train
29932;train
29933;train
29934;train
29935;train
29936;test
29937;train
29938;validation
29939;test
29940;test
29941;train
29942;train
29943;test
29944;train
29945;train
29946;train
29947;train
29948;train
29949;train
29950;train
29951;test
29952;train
29953;train
29954;train
29955;train
29956;validation
29957;test
29958;train
29959;train
29960;train
29961;validation
29962;train
29963;test
29964;train
29965;test
29966;test
29967;train
29968;train
29969;test
29970;train
29971;test
29972;test
29973;test
29974;train
29975;train
29976;train
29977;validation
29978;train
29979;train
29980;train
29981;train
29982;validation
29983;train
29984;train
29985;train
29986;train
29987;train
29988;train
29989;train
29990;train
29991;train
29992;train
29993;train
29994;test
29995;train
29996;train
29997;validation
29998;test
29999;validation
30000;train
30001;test
30002;train
30003;train
30004;test
30005;train
30006;validation
30007;test
30008;train
30009;train
30010;train
30011;validation
30012;train
30013;validation
30014;train
30015;train
30016;train
30017;train
30018;train
30019;test
30020;train
30021;validation
30022;train
30023;train
30024;validation
30025;train
30026;train
30027;train
30028;test
30029;train
30030;train
30031;train
30032;test
30033;train
30034;test
30035;train
30036;test
30037;train
30038;train
30039;train
30040;train
30041;train
30042;train
30043;train
30044;train
30045;train
30046;train
30047;train
30048;train
30049;train
30050;train
30051;validation
30052;train
30053;validation
30054;test
30055;train
30056;train
30057;train
30058;train
30059;validation
30060;train
30061;train
30062;train
30063;train
30064;train
30065;train
30066;train
30067;train
30068;validation
30069;train
30070;train
30071;validation
30072;train
30073;train
30074;test
30075;validation
30076;validation
30077;test
30078;validation
30079;test
30080;validation
30081;train
30082;train
30083;train
30084;train
30085;train
30086;validation
30087;validation
30088;validation
30089;train
30090;train
30091;train
30092;train
30093;train
30094;validation
30095;train
30096;train
30097;train
30098;test
30099;validation
30100;train
30101;train
30102;train
30103;test
30104;test
30105;train
30106;train
30107;train
30108;train
30109;train
30110;validation
30111;validation
30112;train
30113;test
30114;test
30115;train
30116;train
30117;validation
30118;test
30119;train
30120;train
30121;train
30122;train
30123;validation
30124;train
30125;train
30126;train
30127;train
30128;train
30129;test
30130;train
30131;test
30132;train
30133;train
30134;validation
30135;validation
30136;train
30137;train
30138;train
30139;train
30140;train
30141;train
30142;validation
30143;train
30144;train
30145;train
30146;validation
30147;train
30148;train
30149;validation
30150;validation
30151;train
30152;test
30153;validation
30154;train
30155;train
30156;validation
30157;validation
30158;train
30159;train
30160;train
30161;test
30162;test
30163;validation
30164;train
30165;train
30166;train
30167;test
30168;test
30169;train
30170;train
30171;train
30172;validation
30173;test
30174;train
30175;train
30176;train
30177;train
30178;validation
30179;train
30180;train
30181;train
30182;train
30183;train
30184;test
30185;train
30186;test
30187;train
30188;train
30189;train
30190;train
30191;train
30192;train
30193;validation
30194;test
30195;train
30196;validation
30197;test
30198;test
30199;train
30200;train
30201;validation
30202;train
30203;train
30204;train
30205;test
30206;train
30207;train
30208;train
30209;test
30210;validation
30211;test
30212;train
30213;train
30214;train
30215;train
30216;train
30217;validation
30218;train
30219;train
30220;test
30221;validation
30222;test
30223;train
30224;train
30225;train
30226;train
30227;train
30228;test
30229;train
30230;test
30231;train
30232;train
30233;test
30234;train
30235;test
30236;train
30237;validation
30238;train
30239;train
30240;train
30241;train
30242;train
30243;validation
30244;train
30245;train
30246;train
30247;train
30248;train
30249;validation
30250;train
30251;train
30252;validation
30253;test
30254;train
30255;validation
30256;validation
30257;train
30258;train
30259;train
30260;train
30261;train
30262;validation
30263;train
30264;train
30265;train
30266;train
30267;train
30268;validation
30269;train
30270;train
30271;train
30272;train
30273;train
30274;train
30275;train
30276;train
30277;train
30278;train
30279;test
30280;train
30281;train
30282;train
30283;test
30284;validation
30285;train
30286;train
30287;train
30288;train
30289;train
30290;train
30291;train
30292;test
30293;test
30294;train
30295;train
30296;train
30297;train
30298;test
30299;train
30300;validation
30301;train
30302;train
30303;test
30304;train
30305;train
30306;validation
30307;train
30308;train
30309;train
30310;train
30311;train
30312;validation
30313;train
30314;train
30315;test
30316;train
30317;train
30318;train
30319;test
30320;validation
30321;train
30322;test
30323;train
30324;train
30325;test
30326;test
30327;validation
30328;train
30329;train
30330;test
30331;train
30332;train
30333;train
30334;train
30335;train
30336;train
30337;train
30338;train
30339;train
30340;train
30341;train
30342;test
30343;test
30344;train
30345;train
30346;train
30347;train
30348;train
30349;train
30350;train
30351;train
30352;train
30353;validation
30354;train
30355;train
30356;train
30357;validation
30358;validation
30359;train
30360;test
30361;validation
30362;train
30363;validation
30364;train
30365;train
30366;train
30367;train
30368;test
30369;train
30370;train
30371;validation
30372;train
30373;train
30374;test
30375;test
30376;test
30377;train
30378;train
30379;train
30380;test
30381;train
30382;train
30383;train
30384;test
30385;train
30386;train
30387;validation
30388;train
30389;train
30390;train
30391;validation
30392;train
30393;train
30394;test
30395;train
30396;train
30397;train
30398;validation
30399;train
30400;test
30401;validation
30402;train
30403;test
30404;test
30405;train
30406;train
30407;train
30408;train
30409;train
30410;train
30411;train
30412;train
30413;validation
30414;train
30415;train
30416;train
30417;train
30418;train
30419;train
30420;train
30421;train
30422;test
30423;test
30424;train
30425;train
30426;test
30427;train
30428;train
30429;train
30430;test
30431;train
30432;train
30433;train
30434;validation
30435;train
30436;train
30437;train
30438;validation
30439;train
30440;train
30441;train
30442;train
30443;train
30444;train
30445;train
30446;train
30447;train
30448;train
30449;train
30450;train
30451;train
30452;train
30453;validation
30454;train
30455;train
30456;validation
30457;train
30458;train
30459;train
30460;validation
30461;train
30462;train
30463;train
30464;train
30465;train
30466;train
30467;train
30468;train
30469;train
30470;test
30471;validation
30472;train
30473;train
30474;train
30475;train
30476;validation
30477;train
30478;train
30479;validation
30480;train
30481;train
30482;train
30483;train
30484;train
30485;train
30486;train
30487;train
30488;train
30489;validation
30490;train
30491;train
30492;validation
30493;train
30494;train
30495;test
30496;train
30497;train
30498;train
30499;train
30500;validation
30501;train
30502;train
30503;train
30504;train
30505;train
30506;train
30507;test
30508;train
30509;train
30510;train
30511;test
30512;train
30513;train
30514;train
30515;train
30516;train
30517;train
30518;test
30519;train
30520;train
30521;train
30522;train
30523;test
30524;train
30525;test
30526;train
30527;train
30528;validation
30529;test
30530;train
30531;train
30532;train
30533;train
30534;train
30535;train
30536;train
30537;train
30538;train
30539;train
30540;test
30541;train
30542;validation
30543;train
30544;validation
30545;train
30546;train
30547;train
30548;train
30549;train
30550;train
30551;train
30552;train
30553;validation
30554;train
30555;train
30556;train
30557;train
30558;train
30559;train
30560;train
30561;validation
30562;validation
30563;train
30564;train
30565;validation
30566;validation
30567;test
30568;train
30569;train
30570;train
30571;train
30572;test
30573;validation
30574;test
30575;train
30576;train
30577;test
30578;train
30579;train
30580;train
30581;validation
30582;train
30583;train
30584;train
30585;train
30586;test
30587;validation
30588;train
30589;train
30590;validation
30591;train
30592;validation
30593;train
30594;train
30595;test
30596;train
30597;train
30598;validation
30599;train
30600;train
30601;train
30602;train
30603;train
30604;train
30605;train
30606;train
30607;train
30608;train
30609;validation
30610;train
30611;train
30612;validation
30613;train
30614;validation
30615;validation
30616;train
30617;validation
30618;train
30619;train
30620;train
30621;train
30622;validation
30623;train
30624;validation
30625;train
30626;train
30627;train
30628;validation
30629;train
30630;train
30631;train
30632;validation
30633;train
30634;test
30635;train
30636;train
30637;train
30638;test
30639;train
30640;train
30641;train
30642;validation
30643;train
30644;test
30645;validation
30646;train
30647;test
30648;train
30649;train
30650;test
30651;validation
30652;train
30653;train
30654;train
30655;train
30656;train
30657;train
30658;train
30659;validation
30660;train
30661;train
30662;test
30663;train
30664;train
30665;validation
30666;train
30667;train
30668;validation
30669;test
30670;train
30671;validation
30672;test
30673;train
30674;test
30675;train
30676;train
30677;validation
30678;train
30679;train
30680;test
30681;test
30682;train
30683;train
30684;validation
30685;validation
30686;train
30687;train
30688;train
30689;train
30690;train
30691;test
30692;test
30693;train
30694;train
30695;validation
30696;train
30697;train
30698;train
30699;test
30700;train
30701;train
30702;train
30703;train
30704;test
30705;train
30706;test
30707;validation
30708;train
30709;test
30710;validation
30711;train
30712;train
30713;train
30714;test
30715;train
30716;train
30717;test
30718;train
30719;train
30720;test
30721;test
30722;train
30723;test
30724;train
30725;train
30726;train
30727;train
30728;train
30729;test
30730;train
30731;train
30732;train
30733;train
30734;validation
30735;validation
30736;train
30737;train
30738;validation
30739;validation
30740;validation
30741;train
30742;train
30743;validation
30744;train
30745;train
30746;validation
30747;train
30748;train
30749;train
30750;train
30751;train
30752;validation
30753;train
30754;train
30755;train
30756;train
30757;train
30758;train
30759;train
30760;train
30761;train
30762;train
30763;train
30764;validation
30765;train
30766;train
30767;test
30768;train
30769;train
30770;train
30771;train
30772;train
30773;train
30774;train
30775;train
30776;train
30777;validation
30778;train
30779;train
30780;test
30781;train
30782;validation
30783;validation
30784;train
30785;train
30786;train
30787;train
30788;test
30789;train
30790;train
30791;test
30792;test
30793;validation
30794;validation
30795;train
30796;validation
30797;train
30798;test
30799;test
30800;train
30801;validation
30802;test
30803;train
30804;train
30805;validation
30806;validation
30807;train
30808;train
30809;train
30810;train
30811;train
30812;test
30813;train
30814;train
30815;train
30816;train
30817;test
30818;train
30819;train
30820;validation
30821;validation
30822;train
30823;train
30824;train
30825;validation
30826;test
30827;test
30828;train
30829;train
30830;train
30831;train
30832;test
30833;train
30834;train
30835;train
30836;test
30837;train
30838;train
30839;train
30840;test
30841;test
30842;train
30843;validation
30844;train
30845;train
30846;train
30847;test
30848;test
30849;train
30850;validation
30851;train
30852;train
30853;validation
30854;train
30855;validation
30856;train
30857;train
30858;train
30859;train
30860;validation
30861;train
30862;train
30863;train
30864;train
30865;train
30866;validation
30867;train
30868;test
30869;train
30870;train
30871;train
30872;train
30873;train
30874;train
30875;test
30876;test
30877;train
30878;train
30879;train
30880;test
30881;test
30882;train
30883;train
30884;train
30885;train
30886;train
30887;train
30888;train
30889;train
30890;train
30891;test
30892;train
30893;validation
30894;validation
30895;validation
30896;test
30897;train
30898;test
30899;train
30900;train
30901;train
30902;train
30903;train
30904;train
30905;train
30906;train
30907;train
30908;validation
30909;train
30910;train
30911;train
30912;test
30913;test
30914;train
30915;train
30916;test
30917;train
30918;test
30919;validation
30920;train
30921;train
30922;train
30923;validation
30924;train
30925;test
30926;train
30927;train
30928;validation
30929;validation
30930;train
30931;test
30932;validation
30933;train
30934;train
30935;train
30936;test
30937;train
30938;train
30939;validation
30940;validation
30941;validation
30942;train
30943;train
30944;train
30945;train
30946;test
30947;train
30948;train
30949;train
30950;train
30951;train
30952;train
30953;train
30954;validation
30955;train
30956;train
30957;train
30958;train
30959;train
30960;train
30961;test
30962;train
30963;train
30964;train
30965;train
30966;train
30967;train
30968;train
30969;train
30970;train
30971;train
30972;train
30973;train
30974;train
30975;train
30976;train
30977;test
30978;train
30979;train
30980;test
30981;train
30982;train
30983;train
30984;train
30985;train
30986;train
30987;validation
30988;test
30989;train
30990;train
30991;train
30992;train
30993;train
30994;test
30995;train
30996;train
30997;train
30998;train
30999;validation
31000;train
31001;train
31002;train
31003;train
31004;validation
31005;validation
31006;train
31007;test
31008;train
31009;train
31010;train
31011;train
31012;train
31013;train
31014;validation
31015;train
31016;train
31017;train
31018;train
31019;train
31020;train
31021;test
31022;train
31023;train
31024;train
31025;train
31026;train
31027;train
31028;train
31029;train
31030;train
31031;validation
31032;train
31033;test
31034;train
31035;train
31036;train
31037;validation
31038;validation
31039;train
31040;train
31041;train
31042;train
31043;train
31044;train
31045;train
31046;train
31047;train
31048;validation
31049;train
31050;train
31051;train
31052;test
31053;train
31054;test
31055;validation
31056;test
31057;train
31058;train
31059;test
31060;train
31061;train
31062;validation
31063;test
31064;validation
31065;train
31066;train
31067;train
31068;train
31069;train
31070;train
31071;train
31072;train
31073;validation
31074;train
31075;train
31076;train
31077;validation
31078;train
31079;validation
31080;train
31081;validation
31082;train
31083;train
31084;validation
31085;train
31086;test
31087;train
31088;test
31089;train
31090;train
31091;test
31092;train
31093;validation
31094;test
31095;train
31096;test
31097;validation
31098;validation
31099;train
31100;train
31101;validation
31102;test
31103;train
31104;train
31105;validation
31106;train
31107;train
31108;train
31109;train
31110;train
31111;train
31112;train
31113;train
31114;train
31115;train
31116;train
31117;train
31118;train
31119;train
31120;train
31121;train
31122;train
31123;train
31124;train
31125;test
31126;train
31127;train
31128;train
31129;test
31130;train
31131;validation
31132;test
31133;train
31134;test
31135;train
31136;train
31137;train
31138;test
31139;train
31140;validation
31141;train
31142;test
31143;train
31144;train
31145;train
31146;train
31147;validation
31148;validation
31149;train
31150;train
31151;train
31152;train
31153;train
31154;train
31155;train
31156;test
31157;train
31158;train
31159;train
31160;train
31161;train
31162;test
31163;train
31164;train
31165;train
31166;test
31167;train
31168;train
31169;train
31170;train
31171;train
31172;test
31173;train
31174;train
31175;validation
31176;test
31177;train
31178;validation
31179;train
31180;validation
31181;train
31182;train
31183;train
31184;train
31185;train
31186;train
31187;train
31188;train
31189;validation
31190;train
31191;validation
31192;validation
31193;train
31194;train
31195;train
31196;train
31197;train
31198;validation
31199;train
31200;train
31201;validation
31202;train
31203;train
31204;validation
31205;train
31206;test
31207;train
31208;train
31209;test
31210;train
31211;train
31212;train
31213;train
31214;train
31215;train
31216;train
31217;train
31218;train
31219;train
31220;train
31221;train
31222;train
31223;train
31224;train
31225;train
31226;train
31227;train
31228;train
31229;train
31230;validation
31231;validation
31232;test
31233;test
31234;validation
31235;train
31236;train
31237;test
31238;train
31239;validation
31240;train
31241;train
31242;train
31243;test
31244;validation
31245;validation
31246;train
31247;train
31248;train
31249;train
31250;train
31251;train
31252;validation
31253;train
31254;validation
31255;validation
31256;train
31257;train
31258;test
31259;train
31260;test
31261;train
31262;train
31263;train
31264;train
31265;train
31266;test
31267;validation
31268;train
31269;train
31270;train
31271;test
31272;test
31273;train
31274;train
31275;validation
31276;test
31277;test
31278;train
31279;test
31280;train
31281;validation
31282;train
31283;validation
31284;test
31285;train
31286;validation
31287;train
31288;train
31289;train
31290;train
31291;train
31292;train
31293;test
31294;validation
31295;train
31296;test
31297;train
31298;train
31299;train
31300;train
31301;train
31302;train
31303;train
31304;validation
31305;train
31306;train
31307;validation
31308;test
31309;validation
31310;train
31311;test
31312;train
31313;train
31314;train
31315;train
31316;train
31317;test
31318;test
31319;test
31320;train
31321;train
31322;test
31323;test
31324;validation
31325;train
31326;train
31327;validation
31328;validation
31329;train
31330;train
31331;test
31332;validation
31333;train
31334;train
31335;test
31336;validation
31337;train
31338;train
31339;train
31340;test
31341;validation
31342;validation
31343;train
31344;train
31345;train
31346;train
31347;test
31348;test
31349;train
31350;validation
31351;train
31352;train
31353;train
31354;validation
31355;test
31356;validation
31357;train
31358;train
31359;train
31360;validation
31361;train
31362;train
31363;train
31364;test
31365;train
31366;validation
31367;train
31368;train
31369;test
31370;test
31371;train
31372;train
31373;validation
31374;train
31375;train
31376;train
31377;train
31378;train
31379;train
31380;train
31381;train
31382;train
31383;validation
31384;train
31385;validation
31386;test
31387;train
31388;train
31389;train
31390;validation
31391;train
31392;train
31393;validation
31394;train
31395;validation
31396;train
31397;test
31398;train
31399;test
31400;validation
31401;train
31402;train
31403;train
31404;train
31405;validation
31406;train
31407;validation
31408;train
31409;train
31410;train
31411;train
31412;train
31413;train
31414;train
31415;train
31416;train
31417;train
31418;validation
31419;train
31420;train
31421;train
31422;train
31423;validation
31424;train
31425;train
31426;validation
31427;test
31428;train
31429;validation
31430;train
31431;train
31432;train
31433;train
31434;train
31435;train
31436;test
31437;train
31438;validation
31439;train
31440;train
31441;train
31442;train
31443;train
31444;train
31445;train
31446;validation
31447;test
31448;validation
31449;train
31450;validation
31451;validation
31452;test
31453;train
31454;test
31455;train
31456;test
31457;validation
31458;test
31459;train
31460;train
31461;train
31462;validation
31463;test
31464;train
31465;train
31466;train
31467;train
31468;train
31469;train
31470;train
31471;train
31472;test
31473;train
31474;train
31475;validation
31476;train
31477;validation
31478;validation
31479;train
31480;train
31481;train
31482;train
31483;train
31484;train
31485;train
31486;train
31487;train
31488;train
31489;train
31490;train
31491;train
31492;train
31493;train
31494;train
31495;validation
31496;train
31497;train
31498;train
31499;validation
31500;train
31501;train
31502;train
31503;validation
31504;train
31505;test
31506;train
31507;train
31508;train
31509;train
31510;train
31511;train
31512;train
31513;train
31514;train
31515;test
31516;validation
31517;validation
31518;train
31519;train
31520;validation
31521;train
31522;test
31523;test
31524;test
31525;test
31526;train
31527;train
31528;train
31529;validation
31530;validation
31531;train
31532;train
31533;validation
31534;train
31535;train
31536;validation
31537;train
31538;train
31539;train
31540;train
31541;train
31542;validation
31543;validation
31544;train
31545;test
31546;train
31547;train
31548;validation
31549;train
31550;train
31551;test
31552;train
31553;train
31554;test
31555;test
31556;validation
31557;train
31558;train
31559;train
31560;train
31561;train
31562;train
31563;train
31564;train
31565;validation
31566;train
31567;train
31568;test
31569;train
31570;validation
31571;validation
31572;train
31573;train
31574;train
31575;test
31576;train
31577;train
31578;validation
31579;test
31580;train
31581;test
31582;train
31583;validation
31584;train
31585;test
31586;test
31587;train
31588;test
31589;train
31590;train
31591;train
31592;train
31593;train
31594;train
31595;validation
31596;train
31597;train
31598;train
31599;train
31600;validation
31601;validation
31602;train
31603;train
31604;train
31605;test
31606;train
31607;train
31608;train
31609;train
31610;train
31611;train
31612;train
31613;train
31614;train
31615;train
31616;train
31617;train
31618;train
31619;train
31620;train
31621;train
31622;validation
31623;validation
31624;train
31625;train
31626;test
31627;validation
31628;train
31629;validation
31630;train
31631;train
31632;train
31633;train
31634;train
31635;train
31636;train
31637;train
31638;train
31639;test
31640;train
31641;train
31642;train
31643;train
31644;train
31645;validation
31646;train
31647;train
31648;train
31649;test
31650;train
31651;validation
31652;validation
31653;test
31654;train
31655;test
31656;train
31657;train
31658;train
31659;train
31660;train
31661;train
31662;test
31663;train
31664;train
31665;train
31666;train
31667;train
31668;validation
31669;train
31670;validation
31671;train
31672;train
31673;test
31674;train
31675;train
31676;validation
31677;train
31678;train
31679;train
31680;train
31681;train
31682;validation
31683;train
31684;test
31685;train
31686;train
31687;validation
31688;train
31689;train
31690;test
31691;train
31692;train
31693;train
31694;train
31695;train
31696;train
31697;train
31698;train
31699;test
31700;train
31701;train
31702;train
31703;train
31704;validation
31705;train
31706;train
31707;train
31708;train
31709;train
31710;train
31711;train
31712;train
31713;test
31714;train
31715;train
31716;train
31717;train
31718;train
31719;train
31720;train
31721;train
31722;train
31723;train
31724;train
31725;train
31726;train
31727;train
31728;train
31729;train
31730;train
31731;validation
31732;test
31733;train
31734;train
31735;train
31736;train
31737;train
31738;train
31739;train
31740;test
31741;train
31742;train
31743;train
31744;validation
31745;train
31746;validation
31747;train
31748;train
31749;train
31750;train
31751;train
31752;validation
31753;train
31754;test
31755;train
31756;train
31757;train
31758;train
31759;train
31760;train
31761;train
31762;train
31763;validation
31764;train
31765;test
31766;train
31767;validation
31768;train
31769;test
31770;test
31771;train
31772;train
31773;train
31774;train
31775;validation
31776;train
31777;train
31778;test
31779;validation
31780;train
31781;train
31782;validation
31783;train
31784;validation
31785;train
31786;train
31787;train
31788;train
31789;train
31790;train
31791;test
31792;train
31793;train
31794;train
31795;test
31796;validation
31797;train
31798;train
31799;validation
31800;train
31801;train
31802;train
31803;validation
31804;train
31805;validation
31806;train
31807;validation
31808;train
31809;train
31810;train
31811;test
31812;train
31813;train
31814;validation
31815;validation
31816;test
31817;test
31818;train
31819;train
31820;train
31821;train
31822;train
31823;train
31824;train
31825;train
31826;train
31827;train
31828;train
31829;test
31830;test
31831;train
31832;validation
31833;train
31834;train
31835;validation
31836;train
31837;train
31838;train
31839;train
31840;test
31841;train
31842;test
31843;test
31844;train
31845;validation
31846;train
31847;train
31848;train
31849;train
31850;validation
31851;train
31852;train
31853;train
31854;train
31855;test
31856;train
31857;validation
31858;test
31859;train
31860;train
31861;train
31862;validation
31863;train
31864;train
31865;train
31866;test
31867;test
31868;validation
31869;train
31870;train
31871;validation
31872;train
31873;validation
31874;train
31875;train
31876;train
31877;train
31878;train
31879;train
31880;train
31881;train
31882;train
31883;validation
31884;train
31885;train
31886;train
31887;train
31888;validation
31889;test
31890;train
31891;train
31892;train
31893;train
31894;train
31895;train
31896;train
31897;train
31898;train
31899;test
31900;train
31901;train
31902;train
31903;train
31904;validation
31905;train
31906;train
31907;train
31908;validation
31909;test
31910;test
31911;train
31912;train
31913;train
31914;train
31915;train
31916;validation
31917;test
31918;train
31919;train
31920;validation
31921;validation
31922;train
31923;train
31924;train
31925;test
31926;validation
31927;train
31928;train
31929;train
31930;validation
31931;validation
31932;validation
31933;train
31934;train
31935;test
31936;train
31937;train
31938;train
31939;train
31940;train
31941;test
31942;train
31943;train
31944;train
31945;train
31946;train
31947;train
31948;train
31949;validation
31950;train
31951;validation
31952;train
31953;test
31954;train
31955;train
31956;validation
31957;train
31958;train
31959;train
31960;test
31961;train
31962;train
31963;train
31964;train
31965;train
31966;test
31967;train
31968;train
31969;train
31970;train
31971;train
31972;train
31973;validation
31974;train
31975;train
31976;train
31977;validation
31978;test
31979;validation
31980;train
31981;train
31982;train
31983;train
31984;test
31985;train
31986;train
31987;train
31988;train
31989;test
31990;train
31991;validation
31992;validation
31993;validation
31994;train
31995;train
31996;train
31997;train
31998;train
31999;train
32000;train
32001;train
32002;train
32003;train
32004;test
32005;validation
32006;train
32007;train
32008;train
32009;train
32010;train
32011;train
32012;train
32013;train
32014;train
32015;train
32016;train
32017;test
32018;validation
32019;train
32020;train
32021;train
32022;train
32023;validation
32024;test
32025;test
32026;validation
32027;train
32028;test
32029;train
32030;train
32031;validation
32032;validation
32033;validation
32034;test
32035;train
32036;train
32037;train
32038;train
32039;train
32040;validation
32041;train
32042;train
32043;validation
32044;train
32045;train
32046;train
32047;train
32048;train
32049;test
32050;train
32051;train
32052;train
32053;train
32054;train
32055;train
32056;test
32057;validation
32058;train
32059;train
32060;train
32061;train
32062;train
32063;validation
32064;train
32065;train
32066;train
32067;train
32068;train
32069;train
32070;test
32071;train
32072;train
32073;train
32074;test
32075;train
32076;train
32077;train
32078;validation
32079;validation
32080;train
32081;test
32082;validation
32083;train
32084;train
32085;test
32086;test
32087;train
32088;validation
32089;train
32090;validation
32091;train
32092;train
32093;test
32094;train
32095;train
32096;train
32097;train
32098;train
32099;train
32100;train
32101;validation
32102;test
32103;test
32104;train
32105;train
32106;test
32107;validation
32108;train
32109;train
32110;train
32111;train
32112;train
32113;train
32114;train
32115;train
32116;train
32117;validation
32118;train
32119;train
32120;train
32121;train
32122;train
32123;train
32124;validation
32125;train
32126;train
32127;test
32128;train
32129;train
32130;test
32131;validation
32132;train
32133;train
32134;test
32135;train
32136;train
32137;train
32138;train
32139;train
32140;train
32141;train
32142;train
32143;train
32144;train
32145;validation
32146;train
32147;train
32148;train
32149;train
32150;validation
32151;train
32152;train
32153;train
32154;train
32155;train
32156;train
32157;validation
32158;train
32159;train
32160;test
32161;validation
32162;train
32163;train
32164;train
32165;train
32166;validation
32167;train
32168;train
32169;test
32170;train
32171;train
32172;train
32173;train
32174;train
32175;test
32176;validation
32177;train
32178;validation
32179;test
32180;validation
32181;validation
32182;validation
32183;train
32184;train
32185;train
32186;validation
32187;train
32188;train
32189;test
32190;train
32191;train
32192;train
32193;train
32194;train
32195;train
32196;train
32197;validation
32198;test
32199;train
32200;test
32201;train
32202;train
32203;test
32204;test
32205;test
32206;validation
32207;train
32208;validation
32209;train
32210;test
32211;train
32212;train
32213;test
32214;train
32215;train
32216;validation
32217;train
32218;train
32219;validation
32220;train
32221;train
32222;train
32223;train
32224;train
32225;train
32226;train
32227;validation
32228;train
32229;train
32230;train
32231;test
32232;train
32233;train
32234;train
32235;train
32236;test
32237;train
32238;train
32239;train
32240;validation
32241;train
32242;train
32243;train
32244;train
32245;train
32246;train
32247;test
32248;train
32249;train
32250;train
32251;train
32252;train
32253;train
32254;validation
32255;validation
32256;train
32257;validation
32258;train
32259;test
32260;train
32261;test
32262;train
32263;train
32264;train
32265;train
32266;train
32267;train
32268;train
32269;train
32270;test
32271;train
32272;test
32273;train
32274;train
32275;train
32276;train
32277;train
32278;train
32279;train
32280;train
32281;test
32282;validation
32283;train
32284;train
32285;validation
32286;train
32287;train
32288;train
32289;test
32290;train
32291;validation
32292;test
32293;train
32294;validation
32295;train
32296;train
32297;validation
32298;train
32299;train
32300;train
32301;validation
32302;test
32303;train
32304;test
32305;train
32306;test
32307;train
32308;train
32309;train
32310;train
32311;validation
32312;train
32313;train
32314;test
32315;test
32316;train
32317;train
32318;validation
32319;train
32320;test
32321;train
32322;train
32323;train
32324;train
32325;validation
32326;test
32327;train
32328;test
32329;train
32330;train
32331;train
32332;train
32333;validation
32334;train
32335;validation
32336;train
32337;validation
32338;test
32339;train
32340;train
32341;train
32342;train
32343;train
32344;train
32345;train
32346;train
32347;train
32348;validation
32349;validation
32350;train
32351;train
32352;train
32353;test
32354;train
32355;train
32356;train
32357;train
32358;train
32359;train
32360;train
32361;test
32362;train
32363;train
32364;train
32365;train
32366;train
32367;train
32368;test
32369;train
32370;test
32371;train
32372;train
32373;train
32374;train
32375;test
32376;train
32377;train
32378;train
32379;train
32380;train
32381;train
32382;train
32383;train
32384;validation
32385;train
32386;train
32387;train
32388;test
32389;validation
32390;train
32391;test
32392;train
32393;train
32394;train
32395;train
32396;train
32397;test
32398;validation
32399;test
32400;train
32401;train
32402;train
32403;train
32404;validation
32405;train
32406;train
32407;train
32408;train
32409;test
32410;test
32411;train
32412;train
32413;train
32414;validation
32415;train
32416;validation
32417;train
32418;train
32419;train
32420;train
32421;train
32422;train
32423;validation
32424;train
32425;validation
32426;validation
32427;test
32428;test
32429;train
32430;validation
32431;train
32432;test
32433;validation
32434;train
32435;train
32436;train
32437;train
32438;test
32439;validation
32440;validation
32441;train
32442;train
32443;train
32444;train
32445;train
32446;train
32447;train
32448;train
32449;train
32450;train
32451;test
32452;train
32453;train
32454;train
32455;validation
32456;train
32457;train
32458;test
32459;train
32460;train
32461;train
32462;train
32463;train
32464;train
32465;validation
32466;train
32467;train
32468;train
32469;test
32470;train
32471;validation
32472;test
32473;train
32474;train
32475;train
32476;validation
32477;train
32478;train
32479;train
32480;train
32481;train
32482;train
32483;train
32484;train
32485;train
32486;train
32487;train
32488;test
32489;validation
32490;train
32491;validation
32492;train
32493;train
32494;train
32495;validation
32496;train
32497;train
32498;train
32499;train
32500;train
32501;train
32502;train
32503;train
32504;train
32505;train
32506;train
32507;train
32508;train
32509;validation
32510;train
32511;train
32512;train
32513;validation
32514;train
32515;train
32516;train
32518;train
32519;train
32520;validation
32521;train
32522;train
32523;test
32524;train
32525;train
32526;train
32527;train
32528;train
32529;train
32530;train
32531;train
32532;train
32533;validation
32534;test
32535;train
32536;test
32537;test
32538;test
32539;train
32540;train
32541;train
32542;test
32543;train
32544;train
32545;train
32546;train
32547;validation
32548;train
32549;train
32550;train
32551;train
32552;validation
32553;train
32554;test
32555;validation
32556;train
32557;train
32558;train
32559;train
32560;train
32561;test
32562;train
32563;train
32564;train
32565;train
32566;train
32567;train
32568;train
32569;train
32570;validation
32571;test
32572;test
32573;test
32574;train
32575;train
32576;train
32577;train
32578;train
32579;train
32580;train
32581;train
32582;train
32583;train
32584;train
32585;train
32586;train
32587;validation
32588;train
32589;test
32590;validation
32591;train
32592;test
32593;train
32594;train
32595;train
32596;train
32597;train
32598;train
32599;test
32600;train
32601;train
32602;test
32603;train
32604;train
32605;train
32606;train
32607;validation
32608;train
32609;train
32610;test
32611;validation
32612;train
32613;train
32614;validation
32615;validation
32616;test
32617;train
32618;test
32619;train
32620;train
32621;train
32622;train
32623;train
32624;train
32625;train
32626;validation
32627;train
32628;validation
32629;train
32630;train
32631;train
32632;train
32633;train
32634;train
32635;test
32636;train
32637;train
32638;train
32639;test
32640;validation
32641;test
32642;train
32643;train
32644;train
32645;train
32646;test
32647;test
32648;train
32649;train
32650;train
32651;train
32652;train
32653;validation
32654;train
32655;train
32656;validation
32657;validation
32658;validation
32659;validation
32660;train
32661;train
32662;train
32663;train
32664;train
32665;train
32666;train
32667;train
32668;train
32669;train
32670;train
32671;test
32672;test
32673;validation
32674;train
32675;train
32676;train
32677;train
32678;train
32679;validation
32680;validation
32681;validation
32682;train
32683;train
32684;validation
32685;train
32686;train
32687;test
32688;test
32689;train
32690;validation
32691;test
32692;train
32693;validation
32694;train
32695;train
32696;train
32697;train
32698;test
32699;train
32700;train
32701;train
32702;train
32703;train
32704;train
32705;validation
32706;train
32707;train
32708;test
32709;train
32710;train
32711;train
32712;test
32713;train
32714;train
32715;train
32716;train
32717;train
32718;train
32719;test
32720;train
32721;train
32722;validation
32723;train
32724;test
32725;train
32726;train
32727;train
32728;train
32729;train
32730;train
32731;test
32732;train
32733;train
32734;test
32735;train
32736;train
32737;test
32738;train
32739;train
32740;train
32741;train
32742;test
32743;train
32744;train
32745;train
32746;validation
32747;validation
32748;train
32749;train
32750;test
32751;train
32752;validation
32753;test
32754;train
32755;train
32756;test
32757;train
32758;train
32759;validation
32760;train
32761;test
32762;train
32763;train
32764;train
32765;test
32766;train
32767;train
32768;train
32769;train
32770;train
32771;train
32772;train
32773;test
32774;train
32775;train
32776;train
32777;train
32778;test
32779;train
32780;test
32781;train
32782;train
32783;validation
32784;test
32785;train
32786;train
32787;train
32788;validation
32789;train
32790;train
32791;test
32792;train
32793;train
32794;validation
32795;validation
32796;train
32797;train
32798;train
32799;train
32800;train
32801;validation
32802;validation
32803;train
32804;train
32805;validation
32806;train
32807;train
32808;train
32809;test
32810;train
32811;validation
32812;train
32813;test
32814;train
32815;train
32816;train
32817;train
32818;train
32819;train
32820;train
32821;train
32822;train
32823;train
32824;validation
32825;test
32826;train
32827;validation
32828;train
32829;train
32830;train
32831;validation
32832;train
32833;validation
32834;train
32835;train
32836;train
32837;train
32838;validation
32839;test
32840;validation
32841;train
32842;test
32843;train
32844;train
32845;train
32846;train
32847;validation
32848;test
32849;train
32850;train
32851;train
32852;train
32853;test
32854;train
32855;train
32856;train
32857;test
32858;train
32859;validation
32860;test
32861;test
32862;train
32863;train
32864;train
32865;train
32866;train
32867;train
32868;train
32869;train
32870;train
32871;train
32872;train
32873;validation
32874;train
32875;train
32876;train
32877;train
32878;train
32879;train
32880;train
32881;test
32882;train
32883;train
32884;train
32885;train
32886;validation
32887;train
32888;test
32889;train
32890;validation
32891;train
32892;validation
32893;train
32894;train
32895;validation
32896;train
32897;train
32898;train
32899;train
32900;train
32901;train
32902;test
32903;train
32904;train
32905;train
32906;test
32907;train
32908;train
32909;validation
32910;train
32911;train
32912;train
32913;train
32914;train
32915;train
32916;train
32917;train
32918;train
32919;train
32920;train
32921;train
32922;test
32923;train
32924;train
32925;train
32926;train
32927;test
32928;train
32929;test
32930;train
32931;train
32932;train
32933;train
32934;train
32935;train
32936;train
32937;test
32938;train
32939;train
32940;train
32941;validation
32942;train
32943;train
32944;train
32945;train
32946;validation
32947;train
32948;train
32949;train
32950;train
32951;train
32952;test
32953;train
32954;train
32955;train
32956;test
32957;train
32958;train
32959;train
32960;train
32961;train
32962;train
32963;train
32964;train
32965;test
32966;validation
32967;train
32968;validation
32969;train
32970;test
32971;train
32972;train
32973;train
32974;train
32975;train
32976;validation
32977;train
32978;train
32979;validation
32980;train
32981;train
32982;train
32983;train
32984;validation
32985;test
32986;train
32987;train
32988;validation
32989;train
32990;train
32991;train
32992;test
32993;validation
32994;train
32995;train
32996;test
32997;test
32998;train
32999;train
33000;validation
33001;train
33002;validation
33003;train
33004;train
33005;train
33006;train
33007;train
33008;train
33009;train
33010;train
33011;train
33012;train
33013;validation
33014;train
33015;train
33016;test
33017;train
33018;train
33019;validation
33020;test
33021;train
33022;train
33023;test
33024;train
33025;train
33026;train
33027;train
33028;validation
33029;train
33030;train
33031;train
33032;train
33033;train
33034;train
33035;train
33036;train
33037;train
33038;train
33039;test
33040;train
33041;train
33042;train
33043;validation
33044;test
33045;test
33046;validation
33047;test
33048;test
33049;validation
33050;test
33051;train
33052;train
33053;train
33054;train
33055;train
33056;train
33057;train
33058;train
33059;train
33060;train
33061;train
33062;train
33063;train
33064;test
33065;train
33066;validation
33067;train
33068;train
33069;validation
33070;train
33071;train
33072;validation
33073;test
33074;train
33075;train
33076;train
33077;validation
33078;train
33079;train
33080;train
33081;train
33082;train
33083;train
33084;train
33085;train
33086;train
33087;validation
33088;validation
33089;test
33090;train
33091;train
33092;train
33093;test
33094;test
33095;test
33096;train
33097;test
33098;train
33099;train
33100;train
33101;train
33102;train
33103;test
33104;train
33105;train
33106;validation
33107;train
33108;train
33109;train
33110;validation
33111;train
33112;train
33113;train
33114;test
33115;train
33116;validation
33117;train
33118;train
33119;train
33120;train
33121;train
33122;train
33123;validation
33124;train
33125;train
33126;train
33127;test
33128;train
33129;train
33130;train
33131;train
33132;train
33133;train
33134;test
33135;train
33136;train
33137;train
33138;validation
33139;test
33140;train
33141;train
33142;test
33143;train
33144;train
33145;validation
33146;train
33147;train
33148;validation
33149;train
33150;train
33151;train
33152;train
33153;validation
33154;validation
33155;train
33156;train
33157;test
33158;train
33159;train
33160;train
33161;train
33162;train
33163;validation
33164;train
33165;test
33166;train
33167;validation
33168;train
33169;train
33170;train
33171;validation
33172;train
33173;train
33174;train
33175;train
33176;test
33177;validation
33178;train
33179;train
33180;train
33181;test
33182;test
33183;train
33184;train
33185;train
33186;train
33187;test
33188;validation
33189;train
33190;train
33191;validation
33192;validation
33193;train
33194;train
33195;train
33196;train
33197;train
33198;validation
33199;train
33200;train
33201;train
33202;train
33203;test
33204;train
33205;train
33206;train
33207;train
33208;validation
33209;train
33210;validation
33211;validation
33212;train
33213;train
33214;train
33215;train
33216;train
33217;train
33218;validation
33219;train
33220;test
33221;train
33222;train
33223;train
33224;train
33225;validation
33226;train
33227;train
33228;train
33229;train
33230;test
33231;validation
33232;train
33233;validation
33234;train
33235;train
33236;train
33237;train
33238;train
33239;test
33240;validation
33241;train
33242;test
33243;train
33244;test
33245;test
33246;validation
33247;train
33248;train
33249;test
33250;test
33251;train
33252;train
33253;train
33254;train
33255;train
33256;train
33257;train
33258;test
33259;train
33260;train
33261;validation
33262;train
33263;train
33264;train
33265;validation
33266;train
33267;test
33268;train
33269;train
33270;train
33271;validation
33272;train
33273;train
33274;train
33275;train
33276;train
33277;validation
33278;validation
33279;validation
33280;train
33281;train
33282;train
33283;train
33284;train
33285;train
33286;train
33287;train
33288;train
33289;validation
33290;test
33291;train
33292;train
33293;train
33294;train
33295;test
33296;train
33297;train
33298;test
33299;train
33300;train
33301;train
33302;train
33303;test
33304;test
33305;train
33306;validation
33307;train
33308;train
33309;train
33310;train
33311;train
33312;validation
33313;train
33314;test
33315;train
33316;train
33317;train
33318;test
33319;train
33320;train
33321;validation
33322;train
33323;train
33324;train
33325;validation
33326;train
33327;test
33328;train
33329;validation
33330;test
33331;test
33332;train
33333;test
33334;train
33335;test
33336;train
33337;validation
33338;test
33339;train
33340;train
33341;train
33342;train
33343;train
33344;train
33345;train
33346;train
33347;train
33348;train
33349;train
33350;train
33351;test
33352;train
33353;validation
33354;train
33355;train
33356;validation
33357;test
33358;train
33359;test
33360;test
33361;train
33362;validation
33363;train
33364;train
33365;train
33366;train
33367;validation
33368;train
33369;train
33370;test
33371;validation
33372;train
33373;train
33374;validation
33375;train
33376;train
33377;train
33378;train
33379;train
33380;validation
33381;train
33382;train
33383;train
33384;validation
33385;train
33386;train
33387;train
33388;validation
33389;validation
33390;validation
33391;validation
33392;train
33393;train
33394;train
33395;train
33396;train
33397;validation
33398;train
33399;test
33400;train
33401;validation
33402;validation
33403;validation
33404;train
33405;train
33406;train
33407;test
33408;train
33409;train
33410;train
33411;train
33412;validation
33413;train
33414;test
33415;train
33416;validation
33417;train
33418;test
33419;validation
33420;train
33421;train
33422;train
33423;train
33424;test
33425;test
33426;validation
33427;train
33428;train
33429;train
33430;validation
33431;validation
33432;train
33433;train
33434;validation
33435;train
33436;train
33437;train
33438;train
33439;test
33440;train
33441;train
33442;train
33443;train
33444;test
33445;train
33446;train
33447;train
33448;train
33449;test
33450;train
33451;validation
33452;train
33453;train
33454;train
33455;train
33456;test
33457;train
33458;train
33459;train
33460;train
33461;train
33462;train
33463;train
33464;train
33465;train
33466;train
33467;train
33468;test
33469;train
33470;test
33471;test
33472;validation
33473;test
33474;train
33475;train
33476;validation
33477;validation
33478;validation
33479;train
33480;test
33481;train
33482;test
33483;train
33484;train
33485;test
33486;train
33487;train
33488;validation
33489;train
33490;test
33491;train
33492;train
33493;train
33494;train
33495;train
33496;train
33497;validation
33498;test
33499;train
33500;train
33501;test
33502;train
33503;test
33504;train
33505;train
33506;train
33507;train
33508;test
33509;train
33510;test
33511;test
33512;train
33513;train
33514;validation
33515;test
33516;test
33517;validation
33518;train
33519;train
33520;validation
33521;validation
33522;train
33523;train
33524;train
33525;validation
33526;test
33527;train
33528;train
33529;train
33530;train
33531;train
33532;train
33533;test
33534;train
33535;train
33536;train
33537;train
33538;train
33539;test
33540;train
33541;train
33542;validation
33543;test
33544;validation
33545;validation
33546;validation
33547;validation
33548;train
33549;validation
33550;train
33551;validation
33552;validation
33553;validation
33554;train
33555;train
33556;test
33557;validation
33558;train
33559;train
33560;train
33561;test
33562;train
33563;train
33564;train
33565;train
33566;train
33567;train
33568;train
33569;validation
33570;train
33571;train
33572;validation
33573;test
33574;validation
33575;validation
33576;train
33577;validation
33578;validation
33579;train
33580;train
33581;train
33582;train
33583;train
33584;train
33585;train
33586;train
33587;train
33588;train
33589;validation
33590;train
33591;train
33592;train
33593;test
33594;train
33595;train
33596;train
33597;train
33598;train
33599;train
33600;train
33601;train
33602;train
33603;train
33604;train
33605;train
33606;validation
33607;train
33608;train
33609;train
33610;test
33611;test
33612;train
33613;train
33614;train
33615;train
33616;train
33617;train
33618;validation
33619;test
33620;train
33621;train
33622;train
33623;train
33624;train
33625;train
33626;train
33627;train
33628;test
33629;train
33630;train
33631;train
33632;train
33633;train
33634;train
33635;train
33636;train
33637;test
33638;train
33639;train
33640;train
33641;train
33642;train
33643;validation
33644;train
33645;train
33646;train
33647;train
33648;test
33649;train
33650;train
33651;train
33652;train
33653;train
33654;validation
33655;validation
33656;train
33657;train
33658;train
33659;train
33660;train
33661;test
33662;train
33663;train
33664;validation
33665;train
33666;validation
33667;train
33668;train
33669;train
33670;test
33671;train
33672;train
33673;train
33674;train
33675;train
33676;validation
33677;train
33678;test
33679;train
33680;validation
33681;train
33682;validation
33683;train
33684;train
33685;train
33686;test
33687;train
33688;train
33689;train
33690;train
33691;train
33692;train
33693;train
33694;train
33695;train
33696;train
33697;train
33698;train
33699;train
33700;train
33701;train
33702;train
33703;train
33704;train
33705;train
33706;train
33707;train
33708;test
33709;train
33710;train
33711;train
33712;validation
33713;test
33714;train
33715;train
33716;test
33717;train
33718;train
33719;train
33720;train
33721;train
33722;train
33723;train
33724;train
33725;validation
33726;train
33727;train
33728;train
33729;validation
33730;train
33731;train
33732;train
33733;train
33734;train
33735;train
33736;train
33737;train
33738;train
33739;validation
33740;validation
33741;train
33742;train
33743;train
33744;test
33745;train
33746;validation
33747;test
33748;test
33749;train
33750;train
33751;test
33752;train
33753;train
33754;train
33755;train
33756;train
33757;train
33758;train
33759;train
33760;train
33761;test
33762;train
33763;train
33764;train
33765;train
33766;test
33767;test
33768;train
33769;validation
33770;test
33771;train
33772;train
33773;train
33774;train
33775;train
33776;train
33777;test
33778;train
33779;train
33780;train
33781;train
33782;train
33783;train
33784;train
33785;train
33786;test
33787;train
33788;validation
33789;validation
33790;test
33791;train
33792;train
33793;validation
33794;train
33795;train
33796;train
33797;train
33798;train
33799;validation
33800;train
33801;train
33802;train
33803;train
33804;train
33805;train
33806;train
33807;train
33808;train
33809;train
33810;train
33811;train
33812;train
33813;validation
33814;train
33815;train
33816;validation
33817;validation
33818;train
33819;train
33820;validation
33821;train
33822;train
33823;validation
33824;train
33825;train
33826;train
33827;train
33828;train
33829;test
33830;train
33831;validation
33832;validation
33833;train
33834;train
33835;train
33836;validation
33837;train
33838;train
33839;validation
33840;train
33841;train
33842;train
33843;validation
33844;validation
33845;train
33846;train
33847;train
33848;train
33849;train
33850;test
33851;train
33852;train
33853;train
33854;train
33855;validation
33856;train
33857;train
33858;train
33859;train
33860;train
33861;train
33862;train
33863;train
33864;train
33865;train
33866;train
33867;train
33868;train
33869;train
33870;train
33871;train
33872;train
33873;train
33874;train
33875;train
33876;train
33877;train
33878;train
33879;train
33880;train
33881;train
33882;test
33883;train
33884;test
33885;validation
33886;train
33887;test
33888;test
33889;validation
33890;train
33891;train
33892;train
33893;train
33894;train
33895;train
33896;train
33897;train
33898;validation
33899;train
33900;test
33901;validation
33902;train
33903;train
33904;train
33905;train
33906;train
33907;train
33908;train
33909;train
33910;train
33911;validation
33912;test
33913;validation
33914;train
33915;validation
33916;train
33917;train
33918;train
33919;train
33920;test
33921;train
33922;train
33923;validation
33924;train
33925;train
33926;train
33927;train
33928;train
33929;train
33930;train
33931;train
33932;train
33933;train
33934;validation
33935;train
33936;train
33937;test
33938;train
33939;train
33940;train
33941;train
33942;validation
33943;train
33944;test
33945;train
33946;validation
33947;train
33948;train
33949;train
33950;train
33951;train
33952;train
33953;validation
33954;train
33955;train
33956;train
33957;train
33958;validation
33959;train
33960;train
33961;train
33962;train
33963;validation
33964;validation
33965;train
33966;test
33967;train
33968;train
33969;train
33970;train
33971;train
33972;train
33973;train
33974;train
33975;train
33976;train
33977;validation
33978;train
33979;test
33980;train
33981;test
33982;train
33983;test
33984;train
33985;test
33986;train
33987;train
33988;test
33989;train
33990;train
33991;train
33992;train
33993;validation
33994;validation
33995;test
33996;train
33997;train
33998;train
33999;train
34000;test
34001;train
34002;train
34003;validation
34004;train
34005;train
34006;train
34007;train
34008;train
34009;test
34010;test
34011;test
34012;train
34013;test
34014;test
34015;train
34016;train
34017;train
34018;train
34019;train
34020;train
34021;train
34022;test
34023;train
34024;train
34025;train
34026;train
34027;train
34028;test
34029;train
34030;train
34031;validation
34032;train
34033;validation
34034;train
34035;validation
34036;test
34037;train
34038;train
34039;train
34040;train
34041;train
34042;train
34043;train
34044;validation
34045;train
34046;train
34047;train
34048;train
34049;train
34050;test
34051;train
34052;train
34053;train
34054;validation
34055;train
34056;validation
34057;train
34058;train
34059;train
34060;train
34061;test
34062;train
34063;train
34064;validation
34065;test
34066;train
34067;train
34068;validation
34069;train
34070;train
34071;test
34072;train
34073;test
34074;train
34075;train
34076;test
34077;test
34078;test
34079;validation
34080;test
34081;train
34082;test
34083;train
34084;train
34085;test
34086;validation
34087;validation
34088;train
34089;test
34090;train
34091;train
34092;train
34093;validation
34094;train
34095;train
34096;test
34097;validation
34098;train
34099;train
34100;train
34101;train
34102;train
34103;train
34104;train
34105;train
34106;train
34107;train
34108;validation
34109;test
34110;train
34111;train
34112;test
34113;train
34114;train
34115;train
34116;validation
34117;train
34118;train
34119;train
34120;train
34121;test
34122;train
34123;test
34124;train
34125;validation
34126;train
34127;train
34128;test
34129;train
34130;test
34131;train
34132;train
34133;train
34134;train
34135;test
34136;test
34137;test
34138;train
34139;train
34140;train
34141;validation
34142;test
34143;validation
34144;train
34145;train
34146;train
34147;train
34148;train
34149;train
34150;test
34151;train
34152;train
34153;test
34154;train
34155;train
34156;test
34157;train
34158;train
34159;test
34160;validation
34161;validation
34162;train
34163;test
34164;train
34165;train
34166;train
34167;train
34168;train
34169;validation
34170;train
34171;validation
34172;train
34173;train
34174;train
34175;train
34176;train
34177;train
34178;validation
34179;test
34180;train
34181;train
34182;train
34183;train
34184;train
34185;test
34186;train
34187;train
34188;train
34189;train
34190;validation
34191;train
34192;train
34193;train
34194;train
34195;test
34196;test
34197;validation
34198;train
34199;train
34200;validation
34201;train
34202;test
34203;train
34204;train
34205;train
34206;train
34207;test
34208;train
34209;validation
34210;train
34211;validation
34212;train
34213;train
34214;validation
34215;train
34216;train
34217;validation
34218;train
34219;test
34220;train
34221;train
34222;test
34223;train
34224;train
34225;train
34226;train
34227;train
34228;train
34229;train
34230;validation
34231;train
34232;train
34233;train
34234;train
34235;train
34236;test
34237;train
34238;test
34239;train
34240;train
34241;train
34242;train
34243;train
34244;train
34245;train
34246;train
34247;train
34248;train
34249;train
34250;train
34251;train
34252;validation
34253;validation
34254;train
34255;train
34256;train
34257;train
34258;train
34259;validation
34260;train
34261;train
34262;train
34263;train
34264;train
34265;train
34266;test
34267;train
34268;train
34269;train
34270;train
34271;test
34272;train
34273;train
34274;train
34275;train
34276;train
34277;train
34278;train
34279;test
34280;train
34281;train
34282;train
34283;train
34284;test
34285;validation
34286;train
34287;train
34288;train
34289;train
34290;train
34291;train
34292;validation
34293;validation
34294;validation
34295;test
34296;validation
34297;train
34298;train
34299;train
34300;train
34301;test
34302;test
34303;train
34304;train
34305;train
34306;train
34307;validation
34308;train
34309;train
34310;train
34311;test
34312;train
34313;train
34314;train
34315;test
34316;train
34317;train
34318;test
34319;train
34320;train
34321;train
34322;validation
34323;train
34324;train
34325;train
34326;train
34327;validation
34328;validation
34329;train
34330;train
34331;test
34332;validation
34333;train
34334;validation
34335;train
34336;train
34337;train
34338;train
34339;train
34340;validation
34341;train
34342;test
34343;train
34344;train
34345;test
34346;train
34347;validation
34348;test
34349;train
34350;train
34351;train
34352;train
34353;train
34354;train
34355;train
34356;train
34357;test
34358;train
34359;train
34360;train
34361;train
34362;test
34363;train
34364;train
34365;test
34366;test
34367;validation
34368;train
34369;train
34370;train
34371;validation
34372;test
34373;validation
34374;train
34375;train
34376;train
34377;validation
34378;test
34379;train
34380;test
34381;train
34382;train
34383;train
34384;train
34385;train
34386;train
34387;train
34388;train
34389;train
34390;train
34391;train
34392;train
34393;train
34394;train
34395;validation
34396;train
34397;validation
34398;train
34399;train
34400;validation
34401;train
34402;validation
34403;train
34404;train
34405;test
34406;validation
34407;test
34408;train
34409;train
34410;validation
34411;train
34412;train
34413;train
34414;validation
34415;train
34416;train
34417;train
34418;train
34419;train
34420;validation
34421;train
34422;validation
34423;test
34424;train
34425;train
34426;train
34427;train
34428;train
34429;train
34430;validation
34431;test
34432;train
34433;train
34434;test
34435;train
34436;validation
34437;train
34438;train
34439;train
34440;train
34441;validation
34442;train
34443;train
34444;train
34445;train
34446;train
34447;train
34448;test
34449;train
34450;train
34451;test
34452;train
34453;train
34454;test
34455;test
34456;train
34457;validation
34458;train
34459;train
34460;train
34461;train
34462;train
34463;train
34464;validation
34465;train
34466;train
34467;train
34468;train
34469;train
34470;train
34471;test
34472;train
34473;train
34474;train
34475;train
34476;test
34477;train
34478;validation
34479;train
34480;validation
34481;train
34482;test
34483;train
34484;test
34485;train
34486;train
34487;test
34488;train
34489;validation
34490;train
34491;train
34492;train
34493;validation
34494;train
34495;validation
34496;test
34497;validation
34498;train
34499;train
34500;test
34501;test
34502;train
34503;train
34504;train
34505;train
34506;train
34507;validation
34508;train
34509;validation
34510;train
34511;test
34512;train
34513;train
34514;train
34515;train
34516;train
34517;train
34518;train
34519;train
34520;train
34521;test
34522;train
34523;train
34524;train
34525;validation
34526;train
34527;validation
34528;train
34529;train
34530;validation
34531;test
34532;validation
34533;test
34534;train
34535;train
34536;train
34537;train
34538;test
34539;test
34540;train
34541;train
34542;train
34543;train
34544;test
34545;train
34546;train
34547;test
34548;train
34549;train
34550;train
34551;test
34552;train
34553;train
34554;train
34555;train
34556;test
34557;validation
34558;train
34559;train
34560;validation
34561;train
34562;test
34563;test
34564;train
34565;train
34566;train
34567;test
34568;train
34569;train
34570;train
34571;train
34572;train
34573;train
34574;train
34575;test
34576;test
34577;validation
34578;test
34579;train
34580;train
34581;train
34582;test
34583;train
34584;train
34585;train
34586;train
34587;validation
34588;train
34589;train
34590;test
34591;train
34592;validation
34593;validation
34594;test
34595;test
34596;train
34597;validation
34598;train
34599;train
34600;train
34601;train
34602;train
34603;train
34604;test
34605;train
34606;train
34607;train
34608;test
34609;train
34610;train
34611;validation
34612;validation
34613;train
34614;train
34615;validation
34616;train
34617;validation
34618;train
34619;validation
34620;test
34621;train
34622;test
34623;test
34624;train
34625;test
34626;train
34627;train
34628;validation
34629;train
34630;train
34631;train
34632;train
34633;train
34634;train
34635;test
34636;train
34637;train
34638;train
34639;train
34640;train
34641;train
34642;train
34643;train
34644;test
34645;train
34646;train
34647;train
34648;train
34649;validation
34650;test
34651;train
34652;train
34653;test
34654;train
34655;train
34656;train
34657;test
34658;train
34659;test
34660;train
34661;validation
34662;train
34663;test
34664;train
34665;train
34666;train
34667;train
34668;validation
34669;train
34670;validation
34671;train
34672;train
34673;train
34674;test
34675;validation
34676;train
34677;train
34678;validation
34679;test
34680;train
34681;train
34682;train
34683;validation
34684;train
34685;test
34686;train
34687;train
34688;train
34689;train
34690;train
34691;train
34692;train
34693;train
34694;validation
34695;train
34696;train
34697;test
34698;validation
34699;train
34700;train
34701;train
34702;train
34703;validation
34704;train
34705;train
34706;train
34707;train
34708;train
34709;train
34710;train
34711;train
34712;train
34713;test
34714;test
34715;train
34716;train
34717;validation
34718;train
34719;train
34720;train
34721;train
34722;train
34723;train
34724;validation
34725;train
34726;validation
34727;train
34728;test
34729;train
34730;train
34731;validation
34732;train
34733;validation
34734;train
34735;validation
34736;validation
34737;test
34738;train
34739;train
34740;validation
34741;train
34742;train
34743;train
34744;validation
34745;train
34746;train
34747;train
34748;test
34749;train
34750;validation
34751;test
34752;train
34753;train
34754;train
34755;train
34756;test
34757;test
34758;train
34759;train
34760;train
34761;train
34762;validation
34763;validation
34764;train
34765;train
34766;train
34767;test
34768;train
34769;test
34770;test
34771;train
34772;train
34773;train
34774;train
34775;train
34776;train
34777;validation
34778;train
34779;train
34780;train
34781;train
34782;validation
34783;train
34784;train
34785;train
34786;test
34787;train
34788;train
34789;train
34790;train
34791;train
34792;train
34793;test
34794;train
34795;train
34796;train
34797;validation
34798;train
34799;validation
34800;train
34801;train
34802;train
34803;train
34804;train
34805;train
34806;train
34807;train
34808;train
34809;validation
34810;train
34811;train
34812;test
34813;train
34814;validation
34815;test
34816;validation
34817;train
34818;train
34819;validation
34820;train
34821;train
34822;validation
34823;train
34824;train
34825;train
34826;train
34827;train
34828;test
34829;train
34830;train
34831;validation
34832;validation
34833;train
34834;train
34835;train
34836;train
34837;train
34838;test
34839;train
34840;train
34841;train
34842;train
34843;validation
34844;test
34845;train
34846;train
34847;validation
34848;validation
34849;train
34850;train
34851;train
34852;train
34853;test
34854;validation
34855;train
34856;train
34857;train
34858;train
34859;test
34860;train
34861;train
34862;train
34863;test
34864;test
34865;train
34866;train
34867;test
34868;train
34869;train
34870;train
34871;validation
34872;train
34873;validation
34874;validation
34875;train
34876;validation
34877;train
34878;train
34879;validation
34880;train
34881;train
34882;train
34883;train
34884;train
34885;validation
34886;train
34887;train
34888;validation
34889;validation
34890;train
34891;test
34892;validation
34893;train
34894;validation
34895;train
34896;validation
34897;train
34898;validation
34899;train
34900;train
34901;test
34902;train
34903;test
34904;validation
34905;validation
34906;train
34907;train
34908;test
34909;test
34910;train
34911;train
34912;test
34913;train
34914;train
34915;train
34916;validation
34917;train
34918;train
34919;train
34920;test
34921;train
34922;train
34923;validation
34924;train
34925;train
34926;test
34927;train
34928;train
34929;test
34930;train
34931;test
34932;train
34933;train
34934;train
34935;train
34936;train
34937;test
34938;test
34939;validation
34940;train
34941;train
34942;train
34943;train
34944;train
34945;train
34946;train
34947;test
34948;train
34949;test
34950;train
34951;train
34952;train
34953;train
34954;train
34955;train
34956;train
34957;train
34958;validation
34959;validation
34960;train
34961;train
34962;train
34963;test
34964;train
34965;train
34966;train
34967;train
34968;test
34969;validation
34970;validation
34971;train
34972;test
34973;train
34974;validation
34975;train
34976;train
34977;train
34978;train
34979;train
34980;train
34981;train
34982;train
34983;test
34984;validation
34985;validation
34986;train
34987;train
34988;train
34989;train
34990;validation
34991;test
34992;train
34993;train
34994;train
34995;train
34996;train
34997;validation
34998;train
34999;train
35000;train
35001;train
35002;train
35003;train
35004;train
35005;train
35006;train
35007;test
35008;train
35009;validation
35010;test
35011;train
35012;train
35013;train
35014;validation
35015;train
35016;train
35017;train
35018;train
35019;train
35020;validation
35021;train
35022;validation
35023;train
35024;train
35025;validation
35026;train
35027;train
35028;train
35029;test
35030;train
35031;validation
35032;train
35033;train
35034;train
35035;train
35036;train
35037;validation
35038;validation
35039;train
35040;test
35041;test
35042;train
35043;train
35044;validation
35045;train
35046;train
35047;train
35048;train
35049;train
35050;train
35051;train
35052;train
35053;validation
35054;train
35055;train
35056;train
35057;train
35058;test
35059;validation
35060;test
35061;test
35062;train
35063;train
35064;validation
35065;train
35066;train
35067;train
35068;train
35069;train
35070;train
35071;validation
35072;validation
35073;test
35074;validation
35075;validation
35076;train
35077;train
35078;train
35079;train
35080;train
35081;train
35082;train
35083;train
35084;train
35085;train
35086;train
35087;train
35088;train
35089;train
35090;train
35091;test
35092;validation
35093;train
35094;test
35095;train
35096;train
35097;train
35098;train
35099;train
35100;train
35101;train
35102;train
35103;train
35104;validation
35105;train
35106;train
35107;test
35108;test
35109;train
35110;validation
35111;train
35112;test
35113;train
35114;train
35115;validation
35116;train
35117;test
35118;train
35119;validation
35120;train
35121;train
35122;test
35123;test
35124;test
35125;train
35126;train
35127;train
35128;train
35129;train
35130;train
35131;train
35132;validation
35133;train
35134;train
35135;train
35136;train
35137;train
35138;train
35139;test
35140;train
35141;train
35142;train
35143;train
35144;train
35145;validation
35146;test
35147;train
35148;test
35149;validation
35150;train
35151;test
35152;train
35153;validation
35154;train
35155;train
35156;test
35157;train
35158;train
35159;train
35160;test
35161;train
35162;train
35163;validation
35164;train
35165;test
35166;train
35167;train
35168;train
35169;validation
35170;train
35171;train
35172;test
35173;train
35174;train
35175;train
35176;train
35177;train
35178;train
35179;train
35180;train
35181;train
35182;validation
35183;train
35184;validation
35185;train
35186;train
35187;train
35188;train
35189;train
35190;train
35191;train
35192;validation
35193;train
35194;validation
35195;train
35196;test
35197;validation
35198;train
35199;train
35200;train
35201;train
35202;train
35203;train
35204;validation
35205;train
35206;train
35207;train
35208;train
35209;train
35210;train
35211;train
35212;train
35213;train
35214;train
35215;train
35216;validation
35217;train
35218;test
35219;test
35220;test
35221;test
35222;train
35223;train
35224;test
35225;validation
35226;train
35227;train
35228;train
35229;train
35230;train
35231;test
35232;validation
35233;test
35234;train
35235;validation
35236;validation
35237;validation
35238;test
35239;train
35240;validation
35241;train
35242;train
35243;train
35244;validation
35245;train
35246;train
35247;train
35248;validation
35249;train
35250;test
35251;test
35252;train
35253;train
35254;train
35255;train
35256;train
35257;validation
35258;train
35259;train
35260;validation
35261;train
35262;test
35263;train
35264;validation
35265;train
35266;test
35267;train
35268;train
35269;train
35270;train
35271;train
35272;validation
35273;train
35274;train
35275;train
35276;validation
35277;train
35278;validation
35279;test
35280;train
35281;test
35282;validation
35283;validation
35284;validation
35285;train
35286;train
35287;train
35288;train
35289;train
35290;test
35291;train
35292;validation
35293;train
35294;train
35295;train
35296;train
35297;validation
35298;validation
35299;train
35300;train
35301;test
35302;train
35303;test
35304;test
35305;train
35306;train
35307;train
35308;train
35309;train
35310;train
35311;test
35312;validation
35313;validation
35314;test
35315;test
35316;train
35317;train
35318;test
35319;train
35320;train
35321;validation
35322;validation
35323;train
35324;train
35325;train
35326;validation
35327;train
35328;train
35329;train
35330;train
35331;train
35332;train
35333;train
35334;train
35335;test
35336;train
35337;train
35338;train
35339;train
35340;train
35341;train
35342;validation
35343;train
35344;train
35345;train
35346;train
35347;train
35348;train
35349;train
35350;train
35351;test
35352;train
35353;train
35354;train
35355;train
35356;train
35357;train
35358;train
35359;validation
35360;train
35361;train
35362;train
35363;train
35364;train
35365;train
35366;train
35367;train
35368;train
35369;train
35370;train
35371;train
35372;train
35373;validation
35374;train
35375;validation
35376;test
35377;train
35378;train
35379;train
35380;train
35381;train
35382;train
35383;train
35384;train
35385;test
35386;train
35387;train
35388;train
35389;train
35390;train
35391;train
35392;train
35393;test
35394;test
35395;train
35396;validation
35397;train
35398;train
35399;train
35400;train
35401;validation
35402;train
35403;train
35404;train
35405;train
35406;train
35407;validation
35408;train
35409;validation
35410;validation
35411;validation
35412;train
35413;train
35414;train
35415;train
35416;train
35417;train
35418;train
35419;validation
35420;train
35421;train
35422;train
35423;test
35424;train
35425;test
35426;train
35427;validation
35428;validation
35429;train
35430;train
35431;train
35432;test
35433;train
35434;validation
35435;train
35436;train
35437;train
35438;validation
35439;train
35440;train
35441;test
35442;train
35443;train
35444;train
35445;validation
35446;test
35447;validation
35448;train
35449;train
35450;train
35451;train
35452;train
35453;train
35454;train
35455;test
35456;train
35457;test
35458;train
35459;train
35460;train
35461;train
35462;train
35463;test
35464;train
35465;train
35466;train
35467;test
35468;train
35469;train
35470;test
35471;test
35472;train
35473;validation
35474;train
35475;train
35476;validation
35477;train
35478;train
35479;test
35480;train
35481;train
35482;train
35483;validation
35484;validation
35485;validation
35486;train
35487;train
35488;train
35489;train
35490;validation
35491;train
35492;train
35493;train
35494;train
35495;validation
35496;train
35497;test
35498;train
35499;test
35500;test
35501;train
35502;train
35503;test
35504;train
35505;train
35506;test
35507;train
35508;train
35509;train
35510;train
35511;train
35512;train
35513;train
35514;test
35515;validation
35516;train
35517;validation
35518;train
35519;train
35520;train
35521;train
35522;validation
35523;train
35524;train
35525;train
35526;train
35527;test
35528;validation
35529;train
35530;validation
35531;train
35532;test
35533;train
35534;train
35535;train
35536;train
35537;validation
35538;validation
35539;train
35540;train
35541;train
35542;train
35543;train
35544;validation
35545;train
35546;train
35547;validation
35548;validation
35549;train
35550;train
35551;train
35552;train
35553;validation
35554;train
35555;train
35556;test
35557;validation
35558;test
35559;train
35560;train
35561;test
35562;validation
35563;train
35564;train
35565;train
35566;train
35567;train
35568;test
35569;train
35570;train
35571;train
35572;train
35573;train
35574;validation
35575;train
35576;validation
35577;train
35578;train
35579;train
35580;train
35581;train
35582;train
35583;train
35584;train
35585;test
35586;train
35587;train
35588;test
35589;test
35590;train
35591;train
35592;train
35593;train
35594;train
35595;train
35596;train
35597;train
35598;train
35599;train
35600;train
35601;train
35602;validation
35603;test
35604;validation
35605;train
35606;train
35607;test
35608;train
35609;train
35610;train
35611;train
35612;test
35613;train
35614;validation
35615;train
35616;train
35617;train
35618;train
35619;train
35620;test
35621;train
35622;train
35623;validation
35624;train
35625;train
35626;train
35627;validation
35628;test
35629;train
35630;train
35631;train
35632;train
35633;train
35634;train
35635;train
35636;train
35637;validation
35638;train
35639;train
35640;train
35641;train
35642;train
35643;train
35644;train
35645;test
35646;train
35647;train
35648;test
35649;train
35650;train
35651;train
35652;train
35653;validation
35654;test
35655;train
35656;train
35657;train
35658;train
35659;train
35660;train
35661;validation
35662;train
35663;test
35664;train
35665;validation
35666;validation
35667;train
35668;test
35669;train
35670;train
35671;train
35672;train
35673;test
35674;test
35675;train
35676;train
35677;train
35678;train
35679;train
35680;train
35681;train
35682;validation
35683;train
35684;validation
35685;test
35686;validation
35687;train
35688;train
35689;train
35690;validation
35691;train
35692;validation
35693;validation
35694;validation
35695;train
35696;train
35697;validation
35698;train
35699;train
35700;train
35701;test
35702;train
35703;test
35704;train
35705;test
35706;train
35707;train
35708;validation
35709;validation
35710;train
35711;train
35712;validation
35713;train
35714;test
35715;train
35716;train
35717;train
35718;test
35719;train
35720;test
35721;train
35722;train
35723;train
35724;train
35725;train
35726;train
35727;test
35728;validation
35729;train
35730;train
35731;train
35732;train
35733;train
35734;train
35735;train
35736;train
35737;validation
35738;train
35739;train
35740;test
35741;train
35742;test
35743;test
35744;train
35745;train
35746;test
35747;test
35748;validation
35749;test
35750;test
35751;train
35752;validation
35753;train
35754;train
35755;train
35756;train
35757;test
35758;validation
35759;train
35760;test
35761;train
35762;train
35763;test
35764;train
35765;train
35766;train
35767;train
35768;validation
35769;train
35770;train
35771;train
35772;train
35773;validation
35774;validation
35775;train
35776;train
35777;train
35778;train
35779;train
35780;train
35781;validation
35782;train
35783;validation
35784;train
35785;validation
35786;test
35787;train
35788;train
35789;train
35790;validation
35791;train
35792;train
35793;train
35794;test
35795;train
35796;train
35797;train
35798;train
35799;train
35800;train
35801;test
35802;train
35803;train
35804;train
35805;test
35806;train
35807;validation
35808;train
35809;train
35810;train
35811;train
35812;train
35813;validation
35814;validation
35815;train
35816;validation
35817;validation
35818;train
35819;train
35820;test
35821;train
35822;train
35823;validation
35824;test
35825;train
35826;train
35827;train
35828;validation
35829;train
35830;validation
35831;train
35832;test
35833;train
35834;validation
35835;train
35836;train
35837;validation
35838;train
35839;train
35840;train
35841;validation
35842;train
35843;train
35844;train
35845;validation
35846;train
35847;train
35848;train
35849;test
35850;train
35851;validation
35852;validation
35853;validation
35854;train
35855;train
35856;validation
35857;validation
35858;train
35859;train
35860;train
35861;train
35862;train
35863;test
35864;validation
35865;train
35866;train
35867;train
35868;train
35869;train
35870;train
35871;test
35872;test
35873;train
35874;train
35875;test
35876;train
35877;train
35878;train
35879;train
35880;train
35881;validation
35882;train
35883;test
35884;validation
35885;train
35886;train
35887;train
35888;train
35889;train
35890;train
35891;train
35892;train
35893;train
35894;train
35895;train
35896;train
35897;train
35898;test
35899;train
35900;train
35901;train
35902;train
35903;test
35904;validation
35905;train
35906;train
35907;train
35908;train
35909;train
35910;train
35911;train
35912;train
35913;train
35914;train
35915;validation
35916;test
35917;test
35918;test
35919;validation
35920;validation
35921;train
35922;test
35923;validation
35924;train
35925;train
35926;train
35927;train
35928;train
35929;train
35930;train
35931;validation
35932;validation
35933;train
35934;validation
35935;train
35936;train
35937;train
35938;train
35939;train
35940;train
35941;train
35942;validation
35943;train
35944;train
35945;train
35946;train
35947;train
35948;train
35949;test
35950;validation
35951;test
35952;train
35953;validation
35954;train
35955;train
35956;train
35957;train
35958;train
35959;train
35960;train
35961;train
35962;train
35963;train
35964;validation
35965;test
35966;train
35967;validation
35968;train
35969;validation
35970;train
35971;train
35972;train
35973;test
35974;train
35975;train
35976;train
35977;train
35978;train
35979;train
35980;train
35981;train
35982;train
35983;train
35984;train
35985;train
35986;train
35987;validation
35988;train
35989;train
35990;train
35991;test
35992;validation
35993;train
35994;train
35995;validation
35996;train
35997;train
35998;test
35999;train
36000;train
36001;train
36002;train
36003;test
36004;train
36005;train
36006;train
36007;test
36008;validation
36009;test
36010;train
36011;validation
36012;train
36013;train
36014;train
36015;train
36016;train
36017;train
36018;test
36019;train
36020;test
36021;train
36022;train
36023;train
36024;train
36025;train
36026;validation
36027;train
36028;validation
36029;train
36030;validation
36031;train
36032;train
36033;test
36034;train
36035;train
36036;train
36037;train
36038;test
36039;train
36040;validation
36041;validation
36042;test
36043;train
36044;train
36045;train
36046;train
36047;train
36048;train
36049;train
36050;train
36051;train
36052;train
36053;test
36054;train
36055;train
36056;train
36057;validation
36058;train
36059;train
36060;train
36061;train
36062;train
36063;train
36064;train
36065;train
36066;train
36067;train
36068;train
36069;test
36070;train
36071;train
36072;test
36073;validation
36074;train
36075;train
36076;validation
36077;train
36078;validation
36079;train
36080;validation
36081;train
36082;train
36083;train
36084;train
36085;train
36086;train
36087;train
36088;train
36089;train
36090;train
36091;train
36092;train
36093;train
36094;train
36095;train
36096;train
36097;train
36098;test
36099;test
36100;train
36101;validation
36102;train
36103;train
36104;train
36105;train
36106;train
36107;train
36108;train
36109;train
36110;validation
36111;test
36112;train
36113;train
36114;train
36115;train
36116;train
36117;train
36118;test
36119;validation
36120;train
36121;train
36122;train
36123;train
36124;validation
36125;train
36126;train
36127;train
36128;validation
36129;validation
36130;train
36131;train
36132;train
36133;train
36134;train
36135;train
36136;train
36137;train
36138;train
36139;train
36140;test
36141;train
36142;train
36143;train
36144;train
36145;train
36146;train
36147;train
36148;validation
36149;train
36150;train
36151;train
36152;train
36153;train
36154;test
36155;train
36156;test
36157;train
36158;train
36159;train
36160;train
36161;train
36162;train
36163;train
36164;train
36165;train
36166;train
36167;train
36168;validation
36169;train
36170;train
36171;train
36172;train
36173;train
36174;train
36175;train
36176;train
36177;train
36178;train
36179;test
36180;train
36181;train
36182;train
36183;train
36184;train
36185;train
36186;test
36187;train
36188;train
36189;train
36190;train
36191;validation
36192;train
36193;train
36194;validation
36195;train
36196;validation
36197;test
36198;train
36199;train
36200;train
36201;train
36202;test
36203;train
36204;validation
36205;test
36206;train
36207;train
36208;train
36209;validation
36210;train
36211;validation
36212;train
36213;train
36214;train
36215;train
36216;train
36217;train
36218;train
36219;train
36220;train
36221;train
36222;test
36223;train
36224;validation
36225;test
36226;train
36227;test
36228;validation
36229;train
36230;train
36231;train
36232;validation
36233;train
36234;train
36235;train
36236;validation
36237;validation
36238;train
36239;train
36240;train
36241;test
36242;train
36243;train
36244;train
36245;train
36246;train
36247;train
36248;train
36249;train
36250;train
36251;train
36252;train
36253;train
36254;train
36255;train
36256;train
36257;train
36258;train
36259;train
36260;validation
36261;train
36262;validation
36263;validation
36264;train
36265;train
36266;validation
36267;test
36268;train
36269;validation
36270;validation
36271;validation
36272;train
36273;train
36274;train
36275;train
36276;train
36277;train
36278;validation
36279;train
36280;train
36281;train
36282;train
36283;train
36284;train
36285;validation
36286;train
36287;train
36288;train
36289;validation
36290;train
36291;train
36292;train
36293;train
36294;test
36295;validation
36296;train
36297;train
36298;train
36299;train
36300;validation
36301;test
36302;train
36303;train
36304;train
36305;train
36306;train
36307;validation
36308;train
36309;train
36310;train
36311;train
36312;train
36313;train
36314;train
36315;train
36316;train
36317;train
36318;train
36319;train
36320;validation
36321;validation
36322;train
36323;test
36324;train
36325;validation
36326;train
36327;validation
36328;train
36329;train
36330;train
36331;train
36332;train
36333;train
36334;test
36335;test
36336;train
36337;train
36338;train
36339;validation
36340;train
36341;train
36342;train
36343;train
36344;train
36345;train
36346;train
36347;train
36348;train
36349;train
36350;train
36351;test
36352;validation
36353;validation
36354;validation
36355;train
36356;test
36357;train
36358;train
36359;train
36360;train
36361;test
36362;train
36363;train
36364;train
36365;train
36366;train
36367;train
36368;train
36369;train
36370;train
36371;train
36372;train
36373;train
36374;train
36375;train
36376;validation
36377;train
36378;train
36379;test
36380;validation
36381;train
36382;train
36383;train
36384;train
36385;train
36386;train
36387;test
36388;train
36389;train
36390;train
36391;train
36392;train
36393;train
36394;validation
36395;test
36396;train
36397;validation
36398;train
36399;train
36400;train
36401;train
36402;train
36403;train
36404;test
36405;test
36406;train
36407;test
36408;validation
36409;train
36410;train
36411;train
36412;train
36413;train
36414;train
36415;train
36416;train
36417;train
36418;train
36419;validation
36420;train
36421;train
36422;validation
36423;train
36424;validation
36425;train
36426;train
36427;train
36428;train
36429;train
36430;train
36431;train
36432;train
36433;train
36434;train
36435;train
36436;train
36437;train
36438;train
36439;train
36440;test
36441;train
36442;train
36443;train
36444;validation
36445;validation
36446;train
36447;train
36448;train
36449;train
36450;test
36451;test
36452;train
36453;test
36454;test
36455;train
36456;train
36457;validation
36458;train
36459;train
36460;validation
36461;test
36462;train
36463;train
36464;test
36465;train
36466;validation
36467;train
36468;validation
36469;test
36470;train
36471;train
36472;train
36473;train
36474;test
36475;train
36476;test
36477;validation
36478;train
36479;train
36480;train
36481;test
36482;train
36483;train
36484;train
36485;test
36486;train
36487;test
36488;train
36489;test
36490;test
36491;test
36492;train
36493;validation
36494;validation
36495;train
36496;train
36497;train
36498;train
36499;train
36500;validation
36501;train
36502;train
36503;train
36504;train
36505;train
36506;train
36507;test
36508;train
36509;validation
36510;validation
36511;validation
36512;train
36513;validation
36514;train
36515;train
36516;validation
36517;train
36518;train
36519;train
36520;train
36521;train
36522;train
36523;train
36524;train
36525;train
36526;validation
36527;train
36528;validation
36529;train
36530;validation
36531;train
36532;train
36533;test
36534;train
36535;test
36536;train
36537;train
36538;train
36539;validation
36540;train
36541;train
36542;train
36543;validation
36544;train
36545;train
36546;validation
36547;train
36548;validation
36549;train
36550;train
36551;validation
36552;test
36553;test
36554;validation
36555;train
36556;validation
36557;test
36558;train
36559;validation
36560;test
36561;train
36562;validation
36563;train
36564;train
36565;validation
36566;train
36567;train
36568;train
36569;validation
36570;validation
36571;train
36572;train
36573;train
36574;train
36575;test
36576;train
36577;train
36578;test
36579;train
36580;train
36581;train
36582;validation
36583;train
36584;train
36585;test
36586;train
36587;train
36588;validation
36589;test
36590;train
36591;train
36592;train
36593;train
36594;train
36595;validation
36596;train
36597;validation
36598;validation
36599;train
36600;train
36601;test
36602;train
36603;validation
36604;test
36605;train
36606;test
36607;test
36608;validation
36609;validation
36610;train
36611;train
36612;train
36613;train
36614;train
36615;validation
36616;validation
36617;train
36618;train
36619;test
36620;train
36621;train
36622;train
36623;train
36624;validation
36625;train
36626;train
36627;validation
36628;train
36629;test
36630;test
36631;test
36632;train
36633;train
36634;train
36635;train
36636;train
36637;train
36638;validation
36639;validation
36640;train
36641;train
36642;test
36643;train
36644;train
36645;train
36646;train
36647;test
36648;validation
36649;train
36650;train
36651;train
36652;train
36653;train
36654;validation
36655;train
36656;train
36657;validation
36658;train
36659;validation
36660;train
36661;train
36662;validation
36663;validation
36664;train
36665;test
36666;validation
36667;train
36668;test
36669;train
36670;train
36671;train
36672;train
36673;train
36674;test
36675;train
36676;train
36677;train
36678;test
36679;train
36680;train
36681;train
36682;validation
36683;train
36684;train
36685;train
36686;train
36687;validation
36688;train
36689;test
36690;train
36691;test
36692;train
36693;train
36694;train
36695;test
36696;train
36697;test
36698;train
36699;train
36700;train
36701;validation
36702;validation
36703;validation
36704;validation
36705;test
36706;validation
36707;train
36708;test
36709;train
36710;train
36711;train
36712;train
36713;train
36714;test
36715;train
36716;train
36717;train
36718;train
36719;train
36720;train
36721;train
36722;test
36723;train
36724;test
36725;train
36726;train
36727;train
36728;train
36729;test
36730;validation
36731;test
36732;validation
36733;test
36734;train
36735;train
36736;train
36737;train
36738;train
36739;train
36740;train
36741;validation
36742;validation
36743;train
36744;test
36745;train
36746;train
36747;test
36748;train
36749;train
36750;train
36751;validation
36752;train
36753;test
36754;train
36755;train
36756;train
36757;train
36758;train
36759;train
36760;train
36761;test
36762;test
36763;train
36764;train
36765;train
36766;train
36767;test
36768;train
36769;train
36770;train
36771;validation
36772;train
36773;train
36774;train
36775;train
36776;train
36777;train
36778;test
36779;validation
36780;train
36781;train
36782;validation
36783;train
36784;train
36785;validation
36786;train
36787;train
36788;test
36789;test
36790;train
36791;train
36792;train
36793;train
36794;train
36795;train
36796;train
36797;train
36798;validation
36799;validation
36800;train
36801;train
36802;validation
36803;train
36804;train
36805;train
36806;validation
36807;train
36808;train
36809;train
36810;train
36811;train
36812;train
36813;train
36814;train
36815;train
36816;train
36817;test
36818;validation
36819;train
36820;train
36821;train
36822;train
36823;train
36824;train
36825;train
36826;train
36827;train
36828;train
36829;train
36830;train
36831;test
36832;train
36833;train
36834;train
36835;validation
36836;test
36837;train
36838;train
36839;validation
36840;test
36841;train
36842;test
36843;validation
36844;train
36845;train
36846;validation
36847;test
36848;train
36849;train
36850;validation
36851;validation
36852;train
36853;train
36854;validation
36855;train
36856;validation
36857;validation
36858;test
36859;train
36860;train
36861;validation
36862;test
36863;test
36864;train
36865;train
36866;test
36867;train
36868;test
36869;train
36870;train
36871;validation
36872;train
36873;train
36874;train
36875;test
36876;train
36877;validation
36878;train
36879;train
36880;train
36881;test
36882;train
36883;train
36884;train
36885;validation
36886;train
36887;train
36888;test
36889;train
36890;train
36891;train
36892;train
36893;train
36894;train
36895;train
36896;test
36897;validation
36898;train
36899;train
36900;test
36901;train
36902;train
36903;train
36904;train
36905;train
36906;train
36907;train
36908;train
36909;train
36910;train
36911;train
36912;train
36913;train
36914;train
36915;train
36916;train
36917;train
36918;train
36919;train
36920;train
36921;train
36922;train
36923;train
36924;train
36925;train
36926;train
36927;train
36928;train
36929;train
36930;train
36931;validation
36932;train
36933;train
36934;train
36935;test
36936;train
36937;train
36938;train
36939;test
36940;train
36941;train
36942;test
36943;validation
36944;train
36945;train
36946;train
36947;train
36948;test
36949;train
36950;train
36951;test
36953;train
36954;train
36955;validation
36956;train
36957;train
36958;train
36959;train
36960;train
36961;test
36962;test
36963;train
36964;train
36965;test
36966;train
36967;train
36968;train
36969;test
36970;train
36971;train
36972;validation
36973;train
36974;train
36975;train
36976;train
36977;test
36978;train
36979;validation
36980;train
36981;train
36982;test
36983;train
36984;train
36985;train
36986;train
36987;train
36988;train
36989;train
36990;train
36991;train
36992;train
36993;test
36994;test
36995;train
36996;train
36997;train
36998;train
36999;test
37000;test
37001;train
37002;train
37003;train
37004;train
37005;validation
37006;validation
37007;train
37008;train
37009;validation
37010;test
37011;test
37012;test
37013;train
37014;test
37015;train
37016;train
37017;train
37018;train
37019;train
37020;test
37021;train
37022;train
37023;train
37024;train
37025;train
37026;train
37027;train
37028;train
37029;train
37030;validation
37031;train
37032;train
37033;train
37034;train
37035;train
37036;train
37037;validation
37038;train
37039;train
37040;train
37041;train
37042;train
37043;validation
37044;train
37045;train
37046;train
37047;train
37048;test
37049;train
37050;test
37051;test
37052;train
37053;train
37054;train
37055;validation
37056;train
37057;train
37058;train
37059;validation
37060;train
37061;test
37062;validation
37063;train
37064;train
37065;test
37066;train
37067;test
37068;train
37069;train
37070;train
37071;train
37072;train
37073;train
37074;test
37075;validation
37076;validation
37077;train
37078;validation
37079;train
37080;validation
37081;train
37082;validation
37083;train
37084;train
37085;test
37086;validation
37087;train
37088;train
37089;validation
37090;train
37091;train
37092;train
37093;train
37094;train
37095;train
37096;train
37097;train
37098;train
37099;train
37100;train
37101;train
37102;train
37103;train
37104;test
37105;train
37106;train
37107;train
37108;train
37109;train
37110;validation
37111;train
37112;train
37113;train
37114;train
37115;train
37116;train
37117;train
37118;train
37119;train
37120;train
37121;test
37122;validation
37123;train
37124;train
37125;train
37126;test
37127;train
37128;train
37129;train
37130;train
37131;train
37132;test
37133;train
37134;train
37135;train
37136;train
37137;test
37138;train
37139;validation
37140;train
37141;train
37142;train
37143;validation
37144;validation
37145;train
37146;train
37147;test
37148;train
37149;validation
37150;train
37151;train
37152;validation
37153;train
37154;train
37155;train
37156;validation
37157;train
37158;validation
37159;train
37160;train
37161;validation
37162;train
37163;test
37164;validation
37165;train
37166;test
37167;train
37168;test
37169;test
37170;validation
37171;test
37172;train
37173;train
37174;train
37175;train
37176;train
37177;train
37178;test
37179;train
37180;train
37181;train
37182;test
37183;train
37184;train
37185;train
37186;train
37187;train
37188;train
37189;test
37190;train
37191;train
37192;train
37193;validation
37194;train
37195;train
37196;train
37197;train
37198;validation
37199;test
37200;train
37201;validation
37202;train
37203;train
37204;train
37205;train
37206;train
37207;validation
37208;train
37209;validation
37210;train
37211;train
37212;train
37213;validation
37214;train
37215;test
37216;train
37217;test
37218;train
37219;test
37220;test
37221;train
37222;train
37223;train
37224;train
37225;train
37226;train
37227;validation
37228;train
37229;validation
37230;validation
37231;train
37232;train
37233;train
37234;train
37235;train
37236;validation
37237;validation
37238;train
37239;train
37240;validation
37241;validation
37242;test
37243;train
37244;train
37245;validation
37246;test
37247;validation
37248;test
37249;train
37250;validation
37251;train
37252;validation
37253;validation
37254;train
37255;train
37256;train
37257;train
37258;train
37259;train
37260;train
37261;train
37262;train
37263;train
37264;train
37265;train
37266;train
37267;test
37268;test
37269;train
37270;train
37271;train
37272;train
37273;validation
37274;test
37275;train
37276;train
37277;train
37278;validation
37279;train
37280;train
37281;train
37282;train
37283;train
37284;validation
37285;train
37286;train
37287;validation
37288;train
37289;train
37290;train
37291;validation
37292;train
37293;train
37294;test
37295;train
37296;test
37297;train
37298;test
37299;train
37300;validation
37301;train
37302;train
37303;train
37304;validation
37305;test
37306;train
37307;train
37308;train
37309;train
37310;train
37311;train
37312;train
37313;train
37314;train
37315;train
37316;train
37317;train
37318;test
37319;train
37320;train
37321;test
37322;train
37323;train
37324;train
37325;train
37326;train
37327;train
37328;train
37329;train
37330;validation
37331;train
37332;train
37333;train
37334;train
37335;train
37336;train
37337;train
37338;train
37339;train
37340;test
37341;train
37342;train
37343;train
37344;train
37345;train
37346;train
37347;train
37348;train
37349;train
37350;train
37351;train
37352;train
37353;train
37354;train
37355;train
37356;train
37357;validation
37358;train
37359;train
37360;test
37361;train
37362;train
37363;train
37364;train
37365;train
37366;train
37367;validation
37368;train
37369;train
37370;train
37371;train
37372;test
37373;train
37374;train
37375;train
37376;train
37377;train
37378;test
37379;test
37380;train
37381;train
37382;validation
37383;train
37384;train
37385;train
37386;train
37387;train
37388;train
37389;train
37390;train
37391;train
37392;train
37393;train
37394;train
37395;train
37396;train
37397;train
37398;validation
37399;train
37400;validation
37401;train
37402;validation
37403;test
37404;train
37405;train
37406;train
37407;test
37408;train
37409;test
37410;test
37411;test
37412;train
37413;train
37414;train
37415;validation
37416;test
37417;train
37418;train
37419;train
37420;train
37421;train
37422;train
37423;test
37424;train
37425;train
37426;train
37427;train
37428;train
37429;train
37430;train
37431;train
37432;test
37433;train
37434;train
37435;train
37436;train
37437;train
37438;test
37439;train
37440;train
37441;train
37442;train
37443;train
37444;train
37445;test
37446;test
37447;train
37448;train
37449;train
37450;train
37451;train
37452;validation
37453;train
37454;train
37455;train
37456;train
37457;train
37458;train
37459;validation
37460;test
37461;train
37462;train
37463;train
37464;train
37465;train
37466;validation
37467;train
37468;train
37469;train
37470;train
37471;train
37472;test
37473;test
37474;validation
37475;train
37476;train
37477;train
37478;validation
37479;train
37480;test
37481;train
37482;train
37483;validation
37484;train
37485;train
37486;train
37487;train
37488;train
37489;test
37490;train
37491;validation
37492;test
37493;train
37494;train
37495;train
37496;validation
37497;validation
37498;train
37499;train
37500;train
37501;train
37502;train
37503;train
37504;train
37505;train
37506;train
37507;train
37508;train
37509;train
37510;test
37511;train
37512;train
37513;train
37514;train
37515;train
37516;train
37517;train
37518;test
37519;train
37520;train
37521;train
37522;test
37523;validation
37524;test
37525;train
37526;train
37527;validation
37528;validation
37529;validation
37530;validation
37531;test
37532;train
37533;test
37534;test
37535;train
37536;train
37537;test
37538;train
37539;validation
37540;train
37541;train
37542;train
37543;train
37544;test
37545;test
37546;train
37547;validation
37548;test
37549;train
37550;train
37551;train
37552;train
37553;train
37554;train
37555;train
37556;train
37557;train
37558;train
37559;train
37560;train
37561;validation
37562;train
37563;validation
37564;train
37565;test
37566;train
37567;train
37568;train
37569;train
37570;validation
37571;validation
37572;train
37573;train
37574;train
37575;validation
37576;train
37577;train
37578;train
37579;test
37580;train
37581;train
37582;train
37583;train
37584;train
37585;test
37586;train
37587;test
37588;train
37589;test
37590;test
37591;train
37592;test
37593;train
37594;train
37595;validation
37596;train
37597;train
37598;train
37599;train
37600;test
37601;train
37602;train
37603;train
37604;train
37605;train
37606;train
37607;train
37608;validation
37609;validation
37610;train
37611;train
37612;train
37613;train
37614;test
37615;train
37616;train
37617;train
37618;train
37619;test
37620;train
37621;train
37622;train
37623;validation
37624;validation
37625;train
37626;train
37627;validation
37628;train
37629;train
37630;validation
37631;train
37632;train
37633;train
37634;validation
37635;train
37636;validation
37637;train
37638;test
37639;train
37640;test
37641;test
37642;train
37643;train
37644;train
37645;train
37646;validation
37647;test
37648;validation
37649;validation
37650;test
37651;train
37652;validation
37653;validation
37654;train
37655;train
37656;train
37657;train
37658;test
37659;test
37660;validation
37661;train
37662;validation
37663;train
37664;train
37665;train
37666;validation
37667;train
37668;train
37669;train
37670;validation
37671;train
37672;test
37673;train
37674;validation
37675;train
37676;test
37677;train
37678;train
37679;train
37680;train
37681;train
37682;validation
37683;train
37684;train
37685;train
37686;train
37687;validation
37688;train
37689;validation
37690;train
37691;test
37692;train
37693;train
37694;train
37695;train
37696;train
37697;test
37698;train
37699;train
37700;train
37701;train
37702;test
37703;train
37704;validation
37705;train
37706;train
37707;validation
37708;test
37709;train
37710;train
37711;train
37712;train
37713;train
37714;train
37715;test
37716;validation
37717;validation
37718;train
37719;train
37720;validation
37721;train
37722;train
37723;train
37724;validation
37725;train
37726;train
37727;test
37728;train
37729;train
37730;train
37731;test
37732;validation
37733;train
37734;train
37735;test
37736;train
37737;train
37738;train
37739;validation
37740;validation
37741;train
37742;train
37743;train
37744;test
37745;test
37746;train
37747;train
37748;train
37749;train
37750;train
37751;train
37752;train
37753;test
37754;train
37755;train
37756;train
37757;train
37758;train
37759;train
37760;test
37761;validation
37762;validation
37763;train
37764;test
37765;train
37766;train
37767;test
37768;test
37769;train
37770;train
37771;test
37772;validation
37773;test
37774;train
37775;train
37776;train
37777;validation
37778;train
37779;train
37780;test
37781;train
37782;train
37783;train
37784;train
37785;train
37786;train
37787;test
37788;validation
37789;train
37790;train
37791;train
37792;test
37793;test
37794;validation
37795;train
37796;train
37797;validation
37798;train
37799;validation
37800;train
37801;train
37802;test
37803;train
37804;train
37805;train
37806;test
37807;validation
37808;train
37809;train
37810;test
37811;train
37812;train
37813;train
37814;train
37815;validation
37816;validation
37817;train
37818;test
37819;validation
37820;train
37821;train
37822;train
37823;train
37824;train
37825;train
37826;validation
37827;train
37828;train
37829;train
37830;train
37831;train
37832;train
37833;train
37834;test
37835;test
37836;train
37837;train
37838;train
37839;validation
37840;train
37841;train
37842;train
37843;train
37844;train
37845;train
37846;train
37847;train
37848;train
37849;train
37850;test
37851;train
37852;test
37853;train
37854;train
37855;validation
37856;validation
37857;test
37858;train
37859;validation
37860;train
37861;train
37862;train
37863;test
37864;train
37865;train
37866;train
37867;train
37868;validation
37869;test
37870;train
37871;train
37872;train
37873;train
37874;train
37875;train
37876;train
37877;validation
37878;test
37879;train
37880;train
37881;train
37882;train
37883;train
37884;validation
37885;test
37886;validation
37887;train
37888;train
37889;train
37890;train
37891;train
37892;test
37893;validation
37894;test
37895;test
37896;train
37897;train
37898;train
37899;train
37900;test
37901;train
37902;train
37903;test
37904;train
37905;train
37906;test
37907;train
37908;test
37909;test
37910;train
37911;train
37912;train
37913;train
37914;validation
37915;train
37916;train
37917;train
37918;train
37919;train
37920;train
37921;validation
37922;train
37923;train
37924;train
37925;train
37926;validation
37927;test
37928;train
37929;train
37930;train
37931;train
37932;validation
37933;train
37934;train
37935;validation
37936;train
37937;train
37938;train
37939;validation
37940;train
37941;train
37942;train
37943;train
37944;train
37945;train
37946;test
37947;validation
37948;train
37949;train
37950;train
37951;train
37952;train
37953;train
37954;test
37955;train
37956;train
37957;train
37958;validation
37959;train
37960;train
37961;validation
37962;train
37963;train
37964;train
37965;validation
37966;train
37967;train
37968;train
37969;validation
37970;train
37971;validation
37972;train
37973;train
37974;train
37975;train
37976;test
37977;test
37978;train
37979;train
37980;train
37981;train
37982;train
37983;train
37984;validation
37985;train
37986;train
37987;train
37988;train
37989;train
37990;test
37991;train
37992;train
37993;train
37994;train
37995;validation
37996;train
37997;test
37998;validation
37999;test
38000;train
38001;test
38002;train
38003;train
38004;train
38005;train
38006;validation
38007;validation
38008;train
38009;train
38010;train
38011;test
38012;validation
38013;validation
38014;train
38015;train
38016;train
38017;train
38018;validation
38019;train
38020;train
38021;train
38022;train
38023;validation
38024;validation
38025;train
38026;test
38027;test
38028;train
38029;validation
38030;train
38031;train
38032;train
38033;train
38034;test
38035;train
38036;validation
38037;test
38038;train
38039;train
38040;train
38041;train
38042;train
38043;train
38044;train
38045;train
38046;test
38047;validation
38048;train
38049;train
38050;test
38051;train
38052;train
38053;train
38054;train
38055;train
38056;train
38057;train
38058;train
38059;train
38060;train
38061;train
38062;train
38063;train
38064;train
38065;validation
38066;train
38067;validation
38068;test
38069;train
38070;train
38071;validation
38072;train
38073;train
38074;train
38075;train
38076;train
38077;train
38078;train
38079;validation
38080;test
38081;train
38082;train
38083;test
38084;train
38085;train
38086;validation
38087;train
38088;train
38089;train
38090;train
38091;train
38092;train
38093;train
38094;test
38095;validation
38096;train
38097;train
38098;train
38099;train
38100;test
38101;train
38102;train
38103;test
38104;train
38105;train
38106;validation
38107;train
38108;train
38109;train
38110;test
38111;train
38112;train
38113;train
38114;test
38115;train
38116;train
38117;train
38118;train
38119;train
38120;train
38121;train
38122;train
38123;train
38124;train
38125;train
38126;validation
38127;train
38128;validation
38129;train
38130;train
38131;train
38132;train
38133;train
38134;train
38135;test
38136;train
38137;train
38138;test
38139;train
38140;train
38141;train
38142;train
38143;test
38144;train
38145;train
38146;train
38147;validation
38148;test
38149;train
38150;test
38151;train
38152;validation
38153;train
38154;train
38155;train
38156;test
38157;train
38158;test
38159;train
38160;train
38161;train
38162;train
38163;train
38164;train
38165;train
38166;validation
38167;train
38168;validation
38169;train
38170;validation
38171;validation
38172;train
38173;train
38174;train
38175;train
38176;test
38177;validation
38178;test
38179;train
38180;test
38181;train
38182;train
38183;test
38184;train
38185;train
38186;train
38187;train
38188;train
38189;train
38190;test
38191;test
38192;train
38193;train
38194;test
38195;train
38196;test
38197;train
38198;train
38199;train
38200;train
38201;train
38202;train
38203;train
38204;train
38205;test
38206;train
38207;validation
38208;train
38209;test
38210;train
38211;train
38212;train
38213;train
38214;train
38215;train
38216;train
38217;train
38218;train
38219;test
38220;train
38221;train
38222;train
38223;train
38224;test
38225;train
38226;validation
38227;validation
38228;train
38229;train
38230;validation
38231;test
38232;train
38233;train
38234;train
38235;test
38236;train
38237;train
38238;train
38239;train
38240;train
38241;train
38242;train
38243;train
38244;train
38245;train
38246;train
38247;train
38248;train
38249;validation
38250;validation
38251;train
38252;test
38253;train
38254;train
38255;train
38256;train
38257;train
38258;train
38259;train
38260;train
38261;validation
38262;test
38263;train
38264;test
38265;test
38266;train
38267;train
38268;train
38269;train
38270;train
38271;train
38272;validation
38273;train
38274;train
38275;train
38276;validation
38277;train
38278;train
38279;train
38280;validation
38281;train
38283;train
38284;train
38285;validation
38286;train
38287;train
38288;test
38289;train
38290;train
38291;train
38292;train
38293;validation
38294;validation
38295;train
38296;train
38297;train
38298;train
38299;validation
38300;validation
38301;test
38302;train
38303;train
38304;train
38305;validation
38306;train
38307;test
38308;validation
38309;train
38310;train
38311;train
38312;train
38313;train
38314;train
38315;train
38316;validation
38317;test
38318;train
38319;train
38320;train
38321;train
38322;train
38323;train
38324;train
38325;train
38326;validation
38327;train
38328;train
38329;train
38330;train
38331;validation
38332;train
38333;train
38334;train
38335;train
38336;train
38337;train
38338;test
38339;train
38340;train
38341;train
38342;validation
38343;validation
38344;train
38345;train
38346;train
38347;test
38348;train
38349;train
38350;train
38351;train
38352;train
38353;train
38354;train
38355;train
38356;train
38357;train
38358;train
38359;train
38360;train
38361;train
38362;test
38363;test
38364;train
38365;test
38366;validation
38367;validation
38368;train
38369;train
38370;train
38371;train
38372;validation
38373;train
38374;train
38375;train
38376;train
38377;train
38378;validation
38379;train
38380;test
38381;train
38382;train
38383;train
38384;train
38385;train
38386;train
38387;train
38388;train
38389;validation
38390;validation
38391;train
38392;validation
38393;train
38394;train
38395;train
38396;train
38397;train
38398;train
38399;validation
38400;train
38401;train
38402;train
38403;train
38404;train
38405;train
38406;train
38407;train
38408;train
38409;train
38410;train
38411;train
38412;train
38413;train
38414;train
38415;train
38416;train
38417;train
38418;validation
38419;train
38420;train
38421;train
38422;train
38423;test
38424;test
38425;train
38426;test
38427;test
38428;train
38429;train
38430;train
38431;test
38432;train
38433;validation
38434;test
38435;test
38436;train
38437;test
38438;train
38439;train
38440;test
38441;validation
38442;train
38443;train
38444;train
38445;train
38446;train
38447;test
38448;validation
38449;test
38450;train
38451;train
38452;test
38453;train
38454;validation
38455;test
38456;train
38457;train
38458;train
38459;train
38460;train
38461;validation
38462;validation
38463;train
38464;train
38465;train
38466;test
38467;train
38468;train
38469;train
38470;train
38471;train
38472;train
38473;validation
38474;test
38475;train
38476;validation
38477;validation
38478;train
38479;train
38480;train
38481;train
38482;train
38483;train
38484;validation
38485;validation
38486;train
38487;validation
38488;validation
38489;train
38490;train
38491;train
38492;train
38493;train
38494;train
38495;train
38496;train
38497;train
38498;validation
38499;train
38500;test
38501;train
38502;train
38503;train
38504;train
38505;validation
38506;train
38507;train
38508;train
38509;train
38510;train
38511;train
38512;test
38513;train
38514;train
38515;train
38516;train
38517;train
38518;validation
38519;train
38520;validation
38521;train
38522;validation
38523;test
38524;train
38525;validation
38526;validation
38527;train
38528;validation
38529;train
38530;train
38531;train
38532;train
38533;train
38534;validation
38535;train
38536;train
38537;validation
38538;train
38539;test
38540;train
38541;train
38542;train
38543;train
38544;train
38545;train
38546;test
38547;validation
38548;train
38549;test
38550;train
38551;train
38552;train
38553;train
38554;test
38555;validation
38556;train
38557;train
38558;train
38559;train
38560;test
38561;train
38562;validation
38563;train
38564;train
38565;train
38566;train
38567;validation
38568;train
38569;train
38570;train
38571;test
38572;train
38573;train
38574;train
38575;train
38576;train
38577;train
38578;train
38579;test
38580;validation
38581;train
38582;validation
38583;train
38584;train
38585;train
38586;train
38587;train
38588;train
38589;train
38590;train
38591;train
38592;test
38593;validation
38594;test
38595;train
38596;train
38597;train
38598;validation
38599;train
38600;test
38601;validation
38602;test
38603;train
38604;test
38605;train
38606;test
38607;train
38608;train
38609;train
38610;train
38611;test
38612;validation
38613;validation
38614;train
38615;train
38616;validation
38617;train
38618;train
38619;validation
38620;test
38621;train
38622;test
38623;train
38624;train
38625;train
38626;train
38627;train
38628;validation
38629;test
38630;train
38631;validation
38632;train
38633;train
38634;validation
38635;train
38636;test
38637;test
38638;train
38639;test
38640;train
38641;validation
38642;train
38643;validation
38644;train
38645;validation
38646;train
38647;train
38648;train
38649;test
38650;train
38651;train
38652;train
38653;train
38654;train
38655;validation
38656;train
38657;train
38658;train
38659;train
38660;train
38661;validation
38662;train
38663;train
38664;train
38665;validation
38666;train
38667;test
38668;train
38669;test
38670;train
38671;train
38672;train
38673;train
38674;train
38675;train
38676;train
38677;train
38678;train
38679;train
38680;train
38681;test
38682;train
38683;train
38684;test
38685;train
38686;train
38687;validation
38688;train
38689;train
38690;test
38691;train
38692;train
38693;train
38694;validation
38695;test
38696;train
38697;train
38698;train
38699;train
38700;train
38701;train
38702;train
38703;train
38704;train
38705;train
38706;test
38707;train
38708;train
38709;train
38710;train
38711;test
38712;train
38713;validation
38714;train
38715;train
38716;train
38717;validation
38718;validation
38719;test
38720;test
38721;train
38722;test
38723;test
38724;test
38725;validation
38726;test
38727;train
38728;validation
38729;validation
38730;validation
38731;validation
38732;train
38733;train
38734;test
38735;validation
38736;validation
38737;train
38738;train
38739;train
38740;train
38741;validation
38742;train
38743;train
38744;train
38745;test
38746;train
38747;test
38748;train
38749;test
38750;test
38751;train
38752;validation
38753;train
38754;train
38755;train
38756;train
38757;train
38758;train
38759;train
38760;test
38761;train
38762;test
38763;train
38764;test
38765;train
38766;train
38767;train
38768;validation
38769;train
38770;train
38771;test
38772;test
38773;validation
38774;test
38775;test
38776;train
38777;train
38778;train
38779;train
38780;train
38781;train
38782;train
38783;test
38784;train
38785;train
38786;train
38787;validation
38788;train
38789;train
38790;train
38791;train
38792;train
38793;train
38794;train
38795;test
38796;validation
38797;train
38798;train
38799;train
38800;validation
38801;train
38802;train
38803;validation
38804;train
38805;validation
38806;train
38807;test
38808;test
38809;train
38810;validation
38811;test
38812;train
38813;train
38814;validation
38815;train
38816;train
38817;train
38818;train
38819;test
38820;train
38821;train
38822;validation
38823;train
38824;validation
38825;train
38826;train
38827;train
38828;train
38829;train
38830;train
38831;train
38832;test
38833;train
38834;train
38835;test
38836;train
38837;train
38838;train
38839;validation
38840;train
38841;train
38842;train
38843;train
38844;train
38845;validation
38846;train
38847;train
38848;test
38849;train
38850;train
38851;train
38852;test
38853;validation
38854;train
38855;validation
38856;train
38857;train
38858;train
38859;test
38860;train
38861;validation
38862;train
38863;train
38864;train
38865;train
38866;train
38867;test
38868;train
38869;train
38870;train
38871;train
38872;train
38873;validation
38874;test
38875;validation
38876;train
38877;train
38878;validation
38879;validation
38880;test
38881;train
38882;train
38883;test
38884;train
38885;train
38886;validation
38887;test
38888;test
38889;validation
38890;train
38891;train
38892;train
38893;validation
38894;train
38895;test
38896;train
38897;test
38898;validation
38899;train
38900;train
38901;train
38902;train
38903;train
38904;train
38905;train
38906;train
38907;validation
38908;train
38909;validation
38910;train
38911;test
38912;train
38913;train
38914;train
38915;train
38916;train
38917;train
38918;train
38919;test
38920;test
38921;train
38922;train
38923;test
38924;train
38925;train
38926;test
38927;test
38928;train
38929;train
38930;train
38931;train
38932;train
38933;train
38934;validation
38935;train
38936;test
38937;train
38938;validation
38939;test
38940;train
38941;train
38942;test
38943;validation
38944;train
38945;train
38946;train
38947;train
38948;train
38949;train
38950;train
38951;validation
38952;train
38953;train
38954;train
38955;test
38956;train
38957;train
38958;validation
38959;validation
38960;train
38961;validation
38962;validation
38963;validation
38964;train
38965;train
38966;validation
38967;test
38968;train
38969;train
38970;validation
38971;test
38972;train
38973;validation
38974;validation
38975;train
38976;train
38977;validation
38978;train
38979;validation
38980;validation
38981;train
38982;train
38983;train
38984;train
38985;validation
38986;validation
38987;train
38988;train
38989;train
38990;test
38991;train
38992;test
38993;test
38994;train
38995;train
38996;train
38997;train
38998;train
38999;train
39000;validation
39001;train
39002;train
39003;train
39004;validation
39005;train
39006;train
39007;train
39008;train
39009;train
39010;test
39011;train
39012;train
39013;train
39014;train
39015;train
39016;train
39017;train
39018;validation
39019;test
39020;train
39021;train
39022;validation
39023;train
39024;train
39025;train
39026;test
39027;train
39028;train
39029;train
39030;train
39031;train
39032;train
39033;train
39034;train
39035;train
39036;train
39037;validation
39038;train
39039;train
39040;test
39041;test
39042;train
39043;test
39044;train
39045;test
39046;train
39047;train
39048;train
39049;test
39050;validation
39051;test
39052;train
39053;train
39054;validation
39055;train
39056;train
39057;train
39058;train
39059;train
39060;train
39061;train
39062;validation
39063;train
39064;train
39065;train
39066;validation
39067;train
39068;train
39069;train
39070;train
39071;train
39072;train
39073;train
39074;train
39075;train
39076;train
39077;train
39078;validation
39079;train
39080;train
39081;train
39082;train
39083;train
39084;validation
39085;train
39086;train
39087;train
39088;validation
39089;train
39090;train
39091;train
39092;train
39093;train
39094;train
39095;test
39096;train
39097;validation
39098;train
39099;test
39100;train
39101;train
39102;validation
39103;train
39104;train
39105;train
39106;train
39107;train
39108;test
39109;validation
39110;train
39111;train
39112;train
39113;train
39114;train
39115;train
39116;train
39117;train
39118;test
39119;train
39120;train
39121;test
39122;test
39123;validation
39124;test
39125;train
39126;train
39127;train
39128;train
39129;train
39130;test
39131;validation
39132;train
39133;validation
39134;train
39135;validation
39136;train
39137;train
39138;train
39139;validation
39140;train
39141;train
39142;test
39143;train
39144;train
39145;test
39146;train
39147;test
39148;test
39149;train
39150;train
39151;validation
39152;train
39153;train
39154;train
39155;test
39156;train
39157;test
39158;train
39159;validation
39160;train
39161;test
39162;train
39163;train
39164;validation
39165;train
39166;train
39167;train
39168;train
39169;train
39170;train
39171;train
39172;validation
39173;train
39174;train
39175;test
39176;test
39177;train
39178;train
39179;validation
39180;train
39181;train
39182;validation
39183;validation
39184;train
39185;train
39186;train
39187;test
39188;train
39189;train
39190;test
39191;train
39192;train
39193;test
39194;test
39195;train
39196;train
39197;train
39198;train
39199;train
39200;train
39201;train
39202;train
39203;train
39204;validation
39205;test
39206;train
39207;validation
39208;train
39209;train
39210;test
39211;train
39212;validation
39213;train
39214;train
39215;train
39216;train
39217;train
39218;train
39219;test
39220;test
39221;validation
39222;train
39223;validation
39224;train
39225;validation
39226;train
39227;test
39228;train
39229;train
39230;test
39231;test
39232;validation
39233;train
39234;validation
39235;validation
39236;validation
39237;train
39238;test
39239;train
39240;train
39241;train
39242;validation
39243;test
39244;train
39245;train
39246;train
39247;test
39248;test
39249;train
39250;train
39251;train
39252;train
39253;train
39254;train
39255;train
39256;train
39257;train
39258;train
39259;train
39260;train
39261;test
39262;train
39263;train
39264;train
39265;train
39266;train
39267;train
39268;train
39269;train
39270;train
39271;train
39272;train
39273;train
39274;validation
39275;train
39276;validation
39277;train
39278;test
39279;train
39280;validation
39281;train
39282;train
39283;validation
39284;test
39285;train
39286;train
39287;train
39288;validation
39289;train
39290;train
39291;train
39292;train
39293;train
39294;train
39295;train
39296;train
39297;train
39298;test
39299;train
39300;train
39301;train
39302;train
39303;test
39304;test
39305;train
39306;train
39307;validation
39308;train
39309;test
39310;train
39311;train
39312;validation
39313;validation
39314;train
39315;train
39316;train
39317;test
39318;train
39319;train
39320;train
39321;train
39322;train
39323;train
39324;train
39325;train
39326;train
39327;train
39328;train
39329;train
39330;validation
39331;train
39332;validation
39333;validation
39334;validation
39335;test
39336;train
39337;train
39338;train
39339;validation
39340;train
39341;train
39342;test
39343;train
39344;train
39345;train
39346;train
39347;test
39348;train
39349;train
39350;test
39351;test
39352;train
39353;train
39354;validation
39355;train
39356;train
39357;train
39358;train
39359;train
39360;test
39361;test
39362;validation
39363;train
39364;train
39365;train
39366;test
39367;train
39368;train
39369;train
39370;train
39371;validation
39372;train
39373;train
39374;train
39375;test
39376;train
39377;validation
39378;validation
39379;train
39380;train
39381;test
39382;train
39383;validation
39384;validation
39385;train
39386;test
39387;train
39388;test
39389;train
39390;train
39391;train
39392;train
39393;test
39394;train
39395;train
39396;train
39397;train
39398;validation
39399;train
39400;train
39401;validation
39402;train
39403;test
39404;train
39405;train
39406;train
39407;train
39408;train
39409;validation
39410;validation
39411;train
39412;train
39413;train
39414;train
39415;test
39416;train
39417;train
39418;train
39419;train
39420;validation
39421;train
39422;train
39423;validation
39424;train
39425;test
39426;train
39427;validation
39428;train
39429;train
39430;train
39431;train
39432;train
39433;train
39434;train
39435;validation
39436;train
39437;train
39438;train
39439;validation
39440;train
39441;test
39442;train
39443;validation
39444;test
39445;train
39446;train
39447;test
39448;train
39449;train
39450;train
39451;train
39452;test
39453;train
39454;train
39455;validation
39456;train
39457;train
39458;validation
39459;train
39460;train
39461;train
39462;train
39463;train
39464;train
39465;test
39466;train
39467;train
39468;train
39469;test
39470;train
39471;test
39472;validation
39473;train
39474;train
39475;validation
39476;train
39477;train
39478;validation
39479;train
39480;train
39481;test
39482;train
39483;test
39484;test
39485;train
39486;test
39487;train
39488;train
39489;train
39490;train
39491;test
39492;train
39493;validation
39494;train
39495;train
39496;train
39497;validation
39498;train
39499;train
39500;train
39501;validation
39502;test
39503;train
39504;validation
39505;test
39506;train
39507;train
39508;validation
39509;train
39510;train
39511;test
39512;train
39513;train
39514;train
39515;train
39516;train
39517;train
39518;train
39519;test
39520;train
39521;train
39522;train
39523;train
39524;validation
39525;train
39526;train
39527;train
39528;train
39529;train
39530;train
39531;train
39532;train
39533;train
39534;train
39535;train
39536;train
39537;train
39538;train
39539;train
39540;train
39541;train
39542;train
39543;train
39544;train
39545;train
39546;validation
39547;validation
39548;test
39549;train
39550;validation
39551;train
39552;test
39553;validation
39554;validation
39555;test
39556;validation
39557;test
39558;train
39559;train
39560;train
39561;train
39562;train
39563;test
39564;train
39565;train
39566;train
39567;train
39568;train
39569;validation
39570;train
39571;validation
39572;train
39573;train
39574;test
39575;test
39576;train
39577;test
39578;test
39579;train
39580;train
39581;train
39582;train
39583;train
39584;train
39585;train
39586;train
39587;test
39588;train
39589;train
39590;train
39591;train
39592;train
39593;train
39594;train
39595;train
39596;train
39597;train
39598;train
39599;test
39600;train
39601;train
39602;train
39603;train
39604;train
39605;train
39606;train
39607;train
39608;train
39609;train
39610;train
39611;test
39612;validation
39613;train
39614;test
39615;train
39616;test
39617;train
39618;train
39619;train
39620;train
39621;train
39622;train
39623;train
39624;train
39625;train
39626;train
39627;train
39628;test
39629;train
39630;train
39631;train
39632;train
39633;train
39634;test
39635;validation
39636;train
39637;validation
39638;train
39639;train
39640;train
39641;train
39642;validation
39643;train
39644;train
39645;train
39646;train
39647;test
39648;train
39649;test
39650;train
39651;train
39652;train
39653;train
39654;train
39655;test
39656;train
39657;train
39658;train
39659;train
39660;train
39661;test
39662;train
39663;train
39664;train
39665;train
39666;test
39667;train
39668;train
39669;train
39670;validation
39671;train
39672;train
39673;train
39674;train
39675;train
39676;train
39677;train
39678;validation
39679;train
39680;validation
39681;train
39682;validation
39683;train
39684;train
39685;test
39686;train
39687;train
39688;train
39689;validation
39690;train
39691;train
39692;test
39693;test
39694;train
39695;train
39696;test
39697;train
39698;train
39699;train
39700;test
39701;train
39702;train
39703;test
39704;train
39705;train
39706;train
39707;train
39708;train
39709;train
39710;train
39711;train
39712;train
39713;train
39714;validation
39715;test
39716;validation
39717;train
39718;train
39719;train
39720;train
39721;test
39722;train
39723;train
39724;test
39725;test
39726;train
39727;train
39728;train
39729;train
39730;train
39731;train
39732;validation
39733;train
39734;train
39735;train
39736;train
39737;test
39738;train
39739;train
39740;train
39741;validation
39742;train
39743;train
39744;test
39745;train
39746;train
39747;train
39748;validation
39749;train
39750;train
39751;train
39752;train
39753;train
39754;validation
39755;train
39756;train
39757;train
39758;train
39759;train
39760;train
39761;train
39762;train
39763;train
39764;train
39765;train
39766;test
39767;train
39768;train
39769;train
39770;train
39771;test
39772;train
39773;train
39774;train
39775;train
39776;train
39777;train
39778;train
39779;validation
39780;test
39781;test
39782;test
39783;train
39784;test
39785;train
39786;train
39787;validation
39788;test
39789;train
39790;train
39791;train
39792;test
39793;train
39794;train
39795;train
39796;train
39797;test
39798;validation
39799;train
39800;train
39801;train
39802;train
39803;train
39804;train
39805;test
39806;train
39807;train
39808;train
39809;train
39810;test
39811;train
39812;train
39813;train
39814;test
39815;validation
39816;test
39817;train
39818;test
39819;train
39820;train
39821;test
39822;test
39823;train
39824;train
39825;train
39826;validation
39827;train
39828;train
39829;train
39830;train
39831;train
39832;train
39833;test
39834;validation
39835;validation
39836;validation
39837;validation
39838;train
39839;train
39840;train
39841;train
39842;test
39843;train
39844;test
39845;train
39846;test
39847;train
39848;train
39849;train
39850;train
39851;train
39852;train
39853;train
39854;train
39855;validation
39856;train
39857;test
39858;train
39859;train
39860;train
39861;train
39862;validation
39863;train
39864;train
39865;train
39866;test
39867;train
39868;train
39869;test
39870;train
39871;train
39872;test
39873;train
39874;train
39875;validation
39876;test
39877;test
39878;train
39879;validation
39880;train
39881;train
39882;test
39883;train
39884;validation
39885;train
39886;train
39887;validation
39888;train
39889;validation
39890;test
39891;test
39892;train
39893;train
39894;train
39895;validation
39896;validation
39897;train
39898;validation
39899;train
39900;train
39901;train
39902;train
39903;validation
39904;train
39905;train
39906;train
39907;validation
39908;train
39909;train
39910;train
39911;train
39912;test
39913;test
39914;train
39915;test
39916;validation
39917;train
39918;train
39919;train
39920;train
39921;train
39922;validation
39923;train
39924;train
39925;train
39926;train
39927;validation
39928;train
39929;train
39930;test
39931;train
39932;train
39933;train
39934;test
39935;test
39936;test
39937;train
39938;validation
39939;train
39940;train
39941;train
39942;train
39943;train
39944;test
39945;train
39946;validation
39947;train
39948;train
39949;train
39950;train
39951;train
39952;train
39953;train
39954;train
39955;validation
39956;train
39957;train
39958;train
39959;validation
39960;test
39961;train
39962;train
39963;train
39964;test
39965;train
39966;train
39967;train
39968;test
39969;test
39970;train
39971;train
39972;train
39973;validation
39974;train
39975;train
39976;train
39977;train
39978;test
39979;test
39980;train
39981;test
39982;train
39983;train
39984;validation
39985;train
39986;test
39987;train
39988;train
39989;validation
39990;train
39991;validation
39992;validation
39993;train
39994;train
39995;train
39996;train
39997;validation
39998;train
39999;train
40000;validation
40001;train
40002;train
40003;train
40004;validation
40005;train
40006;train
40007;validation
40008;test
40009;train
40010;train
40011;train
40012;train
40013;train
40014;test
40015;train
40016;train
40017;test
40018;train
40019;train
40020;train
40021;train
40022;train
40023;train
40024;train
40025;train
40026;train
40027;train
40028;test
40029;train
40030;validation
40031;train
40032;test
40033;train
40034;train
40035;validation
40036;train
40037;train
40038;test
40039;train
40040;train
40041;test
40042;train
40043;test
40044;train
40045;validation
40046;train
40047;test
40048;train
40049;train
40050;train
40051;validation
40052;train
40053;train
40054;train
40055;train
40056;train
40057;train
40058;test
40059;test
40060;test
40061;train
40062;validation
40063;train
40064;train
40065;train
40066;train
40067;train
40068;train
40069;train
40070;train
40071;train
40072;train
40073;validation
40074;train
40075;train
40076;validation
40077;validation
40078;train
40079;train
40080;validation
40081;train
40082;validation
40083;test
40084;train
40085;train
40086;validation
40087;train
40088;test
40089;validation
40090;train
40091;train
40092;validation
40093;train
40094;train
40095;train
40096;train
40097;train
40098;train
40099;train
40100;train
40101;train
40102;validation
40103;train
40104;validation
40105;train
40106;train
40107;train
40108;train
40109;validation
40110;train
40111;train
40112;train
40113;test
40114;train
40115;train
40116;validation
40117;train
40118;validation
40119;train
40120;validation
40121;train
40122;train
40123;train
40124;train
40125;test
40126;train
40127;train
40128;validation
40129;train
40130;train
40131;train
40132;test
40133;train
40134;validation
40135;train
40136;train
40137;test
40138;train
40139;validation
40140;test
40141;train
40142;train
40143;validation
40144;train
40145;test
40146;train
40147;validation
40148;train
40149;train
40150;train
40151;train
40152;test
40153;train
40154;train
40155;train
40156;validation
40157;train
40158;test
40159;train
40160;train
40161;test
40162;train
40163;train
40164;train
40165;train
40166;test
40167;test
40168;validation
40169;train
40170;train
40171;train
40172;train
40173;validation
40174;test
40175;train
40176;train
40177;train
40178;train
40179;train
40180;train
40181;train
40182;train
40183;train
40184;train
40185;train
40186;validation
40187;train
40188;validation
40189;train
40190;train
40191;train
40192;train
40193;train
40194;train
40195;train
40196;train
40197;train
40198;train
40199;train
40200;train
40201;validation
40202;validation
40203;train
40204;test
40205;train
40206;train
40207;train
40208;train
40209;train
40210;train
40211;train
40212;train
40213;train
40214;train
40215;train
40216;validation
40217;train
40218;train
40219;train
40220;train
40221;train
40222;train
40223;test
40224;train
40225;train
40226;train
40227;test
40228;train
40229;test
40230;train
40231;train
40232;train
40233;train
40234;train
40235;train
40236;validation
40237;train
40238;validation
40239;train
40240;train
40241;train
40242;train
40243;train
40244;train
40245;train
40246;train
40247;test
40248;validation
40249;train
40250;validation
40251;train
40252;train
40253;train
40254;train
40255;validation
40256;train
40257;train
40258;test
40259;train
40260;train
40261;train
40262;train
40263;test
40264;train
40265;train
40266;train
40267;test
40268;train
40269;train
40270;validation
40271;train
40272;train
40273;train
40274;train
40275;train
40276;train
40277;train
40278;test
40279;test
40280;train
40281;train
40282;train
40283;train
40284;train
40285;train
40286;train
40287;test
40288;train
40289;test
40290;validation
40291;test
40292;train
40293;train
40294;train
40295;train
40296;train
40297;train
40298;train
40299;train
40300;train
40301;validation
40302;train
40303;train
40304;validation
40305;train
40306;validation
40307;train
40308;train
40309;train
40310;train
40311;train
40312;train
40313;train
40314;train
40315;train
40316;train
40317;train
40318;train
40319;validation
40320;validation
40321;validation
40322;validation
40323;train
40324;train
40325;train
40326;validation
40327;train
40328;train
40329;train
40330;train
40331;test
40332;validation
40333;train
40334;train
40335;test
40336;train
40337;train
40338;train
40339;train
40340;train
40341;train
40342;validation
40343;train
40344;validation
40345;validation
40346;train
40347;validation
40348;test
40349;validation
40350;test
40351;test
40352;train
40353;train
40354;validation
40355;train
40356;train
40357;validation
40358;validation
40359;validation
40360;train
40361;train
40362;train
40363;train
40364;train
40365;train
40366;train
40367;train
40368;train
40369;train
40370;train
40371;train
40372;train
40373;validation
40374;train
40375;train
40376;validation
40377;train
40378;train
40379;validation
40380;train
40381;validation
40382;train
40383;train
40384;train
40385;train
40386;validation
40387;train
40388;train
40389;train
40390;train
40391;train
40392;train
40393;validation
40394;train
40395;train
40396;validation
40397;validation
40398;validation
40399;train
40400;validation
40401;train
40402;train
40403;test
40404;train
40405;train
40406;validation
40407;train
40408;train
40409;train
40410;train
40411;test
40412;validation
40413;train
40414;train
40415;train
40416;validation
40417;train
40418;validation
40419;train
40420;train
40421;train
40422;train
40423;test
40424;train
40425;train
40426;test
40427;train
40428;train
40429;test
40430;train
40431;train
40432;train
40433;train
40434;train
40435;validation
40436;test
40437;train
40438;train
40439;train
40440;train
40441;train
40442;train
40443;train
40444;test
40445;train
40446;train
40447;train
40448;train
40449;train
40450;train
40451;train
40452;validation
40453;train
40454;test
40455;test
40456;train
40457;train
40458;train
40459;validation
40460;train
40461;test
40462;test
40463;validation
40464;train
40465;train
40466;train
40467;train
40468;validation
40469;train
40470;train
40471;train
40472;test
40473;train
40474;test
40475;train
40476;test
40477;test
40478;train
40479;validation
40480;train
40481;train
40482;validation
40483;train
40484;train
40485;train
40486;train
40487;validation
40488;train
40489;train
40490;train
40491;train
40492;train
40493;train
40494;train
40495;train
40496;train
40497;train
40498;train
40499;train
40500;train
40501;train
40502;train
40503;train
40504;train
40505;test
40506;train
40507;train
40508;validation
40509;train
40510;train
40511;train
40512;train
40513;train
40514;train
40515;validation
40516;train
40517;train
40518;test
40519;test
40520;train
40521;validation
40522;train
40523;train
40524;train
40525;train
40526;train
40527;train
40528;validation
40529;train
40530;train
40531;train
40532;train
40533;test
40534;train
40535;train
40536;test
40537;train
40538;test
40539;train
40540;train
40541;train
40542;train
40543;train
40544;train
40545;train
40546;train
40547;train
40548;test
40549;validation
40550;train
40551;train
40552;train
40553;test
40554;train
40555;train
40556;train
40557;validation
40558;test
40559;validation
40560;train
40561;train
40562;train
40563;train
40564;test
40565;train
40566;train
40567;test
40568;train
40569;train
40570;train
40571;train
40572;validation
40573;test
40574;train
40575;train
40576;train
40577;train
40578;train
40579;train
40580;validation
40581;train
40582;train
40583;train
40584;train
40585;train
40586;train
40587;validation
40588;validation
40589;train
40590;test
40591;validation
40592;train
40593;train
40594;train
40595;train
40596;train
40597;train
40598;test
40599;train
40600;train
40601;validation
40602;train
40603;train
40604;train
40605;test
40606;test
40607;validation
40608;train
40609;train
40610;validation
40611;train
40612;train
40613;train
40614;train
40615;train
40616;train
40617;train
40618;test
40619;train
40620;test
40621;train
40622;validation
40623;validation
40624;train
40625;train
40626;train
40627;train
40628;train
40629;test
40630;train
40631;train
40632;train
40633;test
40634;test
40635;train
40636;test
40637;train
40638;test
40639;train
40640;train
40641;train
40642;train
40643;validation
40644;train
40645;train
40646;test
40647;test
40648;train
40649;train
40650;validation
40651;train
40652;test
40653;train
40654;train
40655;train
40656;train
40657;train
40658;train
40659;train
40660;train
40661;test
40662;train
40663;train
40664;train
40665;train
40666;train
40667;train
40668;train
40669;train
40670;train
40671;train
40672;train
40673;test
40674;train
40675;train
40676;train
40677;validation
40678;train
40679;train
40680;train
40681;train
40682;validation
40683;train
40684;test
40685;test
40686;train
40687;train
40688;train
40689;validation
40690;train
40691;train
40692;train
40693;train
40694;train
40695;train
40696;train
40697;train
40698;validation
40699;train
40700;train
40701;train
40702;train
40703;train
40704;train
40705;train
40706;train
40707;train
40708;train
40709;test
40710;train
40711;train
40712;test
40713;test
40714;test
40715;test
40716;validation
40717;validation
40718;validation
40719;validation
40720;validation
40721;validation
40722;test
40723;validation
40724;train
40725;train
40726;test
40727;train
40728;train
40729;train
40730;train
40731;train
40732;train
40733;train
40734;train
40735;train
40736;train
40737;train
40738;train
40739;test
40740;test
40741;train
40742;train
40743;validation
40744;test
40745;validation
40746;train
40747;train
40748;train
40749;validation
40750;train
40751;train
40752;train
40753;train
40754;train
40755;train
40756;train
40757;train
40758;train
40759;train
40760;train
40761;train
40762;train
40763;train
40764;train
40765;validation
40766;train
40767;train
40768;train
40769;train
40770;train
40771;train
40772;train
40773;train
40774;test
40775;train
40776;train
40777;train
40778;test
40779;train
40780;test
40781;train
40782;test
40783;train
40784;train
40785;train
40786;train
40787;train
40788;train
40789;train
40790;train
40791;train
40792;train
40793;train
40794;train
40795;train
40796;test
40797;train
40798;validation
40799;train
40800;train
40801;train
40802;train
40803;train
40804;validation
40805;train
40806;train
40807;validation
40808;train
40809;test
40810;train
40811;train
40812;train
40813;validation
40814;train
40815;train
40816;train
40817;train
40818;train
40819;test
40820;train
40821;train
40822;train
40823;test
40824;test
40825;train
40826;train
40827;validation
40828;train
40829;train
40830;train
40831;test
40832;train
40833;train
40834;train
40835;train
40836;train
40837;validation
40838;train
40839;train
40840;test
40841;train
40842;train
40843;train
40844;train
40845;test
40846;train
40847;train
40848;validation
40849;train
40850;train
40851;test
40852;validation
40853;train
40854;test
40855;train
40856;train
40857;train
40858;test
40859;train
40860;train
40861;train
40862;validation
40863;test
40864;test
40865;train
40866;train
40867;validation
40868;train
40869;train
40870;train
40871;validation
40872;validation
40873;train
40874;train
40875;train
40876;train
40877;validation
40878;train
40879;train
40880;train
40881;validation
40882;validation
40883;train
40884;train
40885;train
40886;train
40887;train
40888;train
40889;train
40890;train
40891;train
40892;test
40893;train
40894;train
40895;train
40896;train
40897;train
40898;train
40899;train
40900;train
40901;train
40902;train
40903;test
40904;train
40905;train
40906;validation
40907;train
40908;test
40909;train
40910;train
40911;train
40912;train
40913;validation
40914;train
40915;train
40916;train
40917;validation
40918;train
40919;train
40920;test
40921;train
40922;train
40923;test
40924;validation
40925;train
40926;train
40927;train
40928;train
40929;train
40930;test
40931;train
40932;train
40933;train
40934;train
40935;test
40936;train
40937;validation
40938;train
40939;train
40940;train
40941;train
40942;train
40943;validation
40944;train
40945;train
40946;test
40947;train
40948;train
40949;train
40950;test
40951;train
40952;train
40953;test
40954;train
40955;train
40956;train
40957;train
40958;train
40959;validation
40960;train
40961;validation
40962;train
40963;train
40964;test
40965;train
40966;train
40967;train
40968;validation
40969;train
40970;train
40971;test
40972;validation
40973;train
40974;train
40975;train
40976;validation
40977;test
40978;test
40979;train
40980;train
40981;train
40982;test
40983;train
40984;validation
40985;validation
40986;train
40987;validation
40988;train
40989;train
40990;train
40991;train
40992;train
40993;train
40994;train
40995;train
40996;train
40997;train
40998;train
40999;train
41000;train
41001;train
41002;test
41003;validation
41004;train
41005;train
41006;train
41007;train
41008;train
41009;train
41010;train
41011;train
41012;train
41013;train
41014;train
41015;test
41016;train
41017;train
41018;train
41019;train
41020;test
41021;validation
41022;train
41023;train
41024;train
41025;train
41026;train
41027;train
41028;validation
41029;train
41030;train
41031;train
41032;train
41033;train
41034;train
41035;train
41036;train
41037;test
41038;train
41039;train
41040;train
41041;train
41042;train
41043;validation
41044;train
41045;train
41046;train
41047;train
41048;validation
41049;train
41050;test
41051;test
41052;train
41053;train
41054;test
41055;train
41056;test
41057;train
41058;train
41059;test
41060;validation
41061;test
41062;test
41063;validation
41064;train
41065;validation
41066;train
41067;train
41068;test
41069;train
41070;train
41071;train
41072;validation
41073;train
41074;validation
41075;train
41076;train
41077;train
41078;train
41079;test
41080;test
41081;train
41082;test
41083;validation
41084;train
41085;train
41086;train
41087;train
41088;train
41089;train
41090;train
41091;train
41092;validation
41093;validation
41094;train
41095;train
41096;train
41097;train
41098;train
41099;train
41100;train
41101;train
41102;train
41103;validation
41104;train
41105;test
41106;train
41107;train
41108;train
41109;train
41110;train
41111;train
41112;validation
41113;test
41114;train
41115;train
41116;train
41117;train
41118;train
41119;train
41120;validation
41121;test
41122;train
41123;train
41124;test
41125;train
41126;train
41127;validation
41128;train
41129;train
41130;train
41131;validation
41132;train
41133;train
41134;train
41135;test
41136;train
41137;train
41138;train
41139;test
41140;train
41141;train
41142;train
41143;validation
41144;train
41145;train
41146;test
41147;train
41148;test
41149;train
41150;train
41151;train
41152;train
41153;train
41154;train
41155;train
41156;validation
41157;train
41158;train
41159;validation
41160;validation
41161;train
41162;test
41163;train
41164;train
41165;train
41166;train
41167;train
41168;train
41169;test
41170;train
41171;test
41172;train
41173;train
41174;validation
41175;train
41176;validation
41177;train
41178;train
41179;train
41180;train
41181;train
41182;train
41183;train
41184;validation
41185;train
41186;train
41187;test
41188;train
